Logback 2025-04-17 04:19:33 INFO  o.g.HelloObservabilityBootApp:55 - trkid= traceID=0 span_id=0 - Starting HelloObservabilityBootApp v2.6.3-SNAPSHOT using Java 17.0.2 on f27709c7e6ac with PID 1 (/app.jar started by root in /)
Logback 2025-04-17 04:19:33 INFO  o.g.HelloObservabilityBootApp:632 - trkid= traceID=0 span_id=0 - No active profile set, falling back to 1 default profile: "default"
Logback 2025-04-17 04:19:36 INFO  o.s.c.c.s.GenericScope:283 - trkid= traceID=0 span_id=0 - BeanFactory id=6184d3dd-76f5-328e-af3f-b6c98cac5e23
Logback 2025-04-17 04:19:38 INFO  o.s.b.w.e.t.TomcatWebServer:108 - trkid= traceID=0 span_id=0 - Tomcat initialized with port(s): 8080 (http)
Logback 2025-04-17 04:19:38 INFO  o.a.c.h.Http11NioProtocol:173 - trkid= traceID=0 span_id=0 - Initializing ProtocolHandler ["http-nio-8080"]
Logback 2025-04-17 04:19:38 INFO  o.a.c.c.StandardService:173 - trkid= traceID=0 span_id=0 - Starting service [Tomcat]
Logback 2025-04-17 04:19:38 INFO  o.a.c.c.StandardEngine:173 - trkid= traceID=0 span_id=0 - Starting Servlet engine: [Apache Tomcat/9.0.83]
Logback 2025-04-17 04:19:38 INFO  o.a.c.c.C.[.[.[/]:173 - trkid= traceID=0 span_id=0 - Initializing Spring embedded WebApplicationContext
Logback 2025-04-17 04:19:38 INFO  o.s.b.w.s.c.ServletWebServerApplicationContext:292 - trkid= traceID=0 span_id=0 - Root WebApplicationContext: initialization completed in 5236 ms
Logback 2025-04-17 04:19:39 DEBUG o.s.w.f.CommonsRequestLoggingFilter:242 - trkid= traceID=0 span_id=0 - Filter 'logFilter' configured for use
Logback 2025-04-17 04:19:40 INFO  o.s.b.a.e.w.EndpointLinksResolver:58 - trkid= traceID=0 span_id=0 - Exposing 1 endpoint(s) beneath base path '/actuator'
Logback 2025-04-17 04:19:40 INFO  o.a.c.h.Http11NioProtocol:173 - trkid= traceID=0 span_id=0 - Starting ProtocolHandler ["http-nio-8080"]
Logback 2025-04-17 04:19:40 INFO  o.s.b.w.e.t.TomcatWebServer:220 - trkid= traceID=0 span_id=0 - Tomcat started on port(s): 8080 (http) with context path ''
Logback 2025-04-17 04:19:40 INFO  o.g.HelloObservabilityBootApp:61 - trkid= traceID=0 span_id=0 - Started HelloObservabilityBootApp in 9.457 seconds (JVM running for 15.915)
Logback 2025-04-17 04:21:22 INFO  o.a.c.c.C.[.[.[/]:173 - trkid= traceID=1d2cab3c3aeaaea74ec3cdefd2e92c11 span_id=a9b04035fea7a11b - Initializing Spring DispatcherServlet 'dispatcherServlet'
Logback 2025-04-17 04:21:22 INFO  o.s.w.s.DispatcherServlet:525 - trkid= traceID=1d2cab3c3aeaaea74ec3cdefd2e92c11 span_id=a9b04035fea7a11b - Initializing Servlet 'dispatcherServlet'
Logback 2025-04-17 04:21:22 INFO  o.s.w.s.DispatcherServlet:547 - trkid= traceID=1d2cab3c3aeaaea74ec3cdefd2e92c11 span_id=a9b04035fea7a11b - Completed initialization in 2 ms
Logback 2025-04-17 04:21:22 INFO  o.g.c.f.AppMonitor:113 - trkid= traceID=1d2cab3c3aeaaea74ec3cdefd2e92c11 span_id=a9b04035fea7a11b - action=statisticsEvent event=/start-all serviceStatusCode=200 responseTime=200 description="init Trx"
Logback 2025-04-17 04:21:22 DEBUG o.s.w.f.CommonsRequestLoggingFilter:47 - trkid= traceID=1d2cab3c3aeaaea74ec3cdefd2e92c11 span_id=a9b04035fea7a11b - Before request [GET /start-all, client=172.19.0.1, headers=[x-request-id:"start-chile", user-agent:"PostmanRuntime/7.43.3", accept:"*/*", cache-control:"no-cache", postman-token:"d89a97d4-d53c-4255-b853-5e51c8851788", host:"localhost:8080", accept-encoding:"gzip, deflate, br", connection:"keep-alive"]]
Logback 2025-04-17 04:21:22 DEBUG o.s.w.f.CommonsRequestLoggingFilter:55 - trkid= traceID=1d2cab3c3aeaaea74ec3cdefd2e92c11 span_id=a9b04035fea7a11b - After request [GET /start-all, client=172.19.0.1, headers=[x-request-id:"start-chile", user-agent:"PostmanRuntime/7.43.3", accept:"*/*", cache-control:"no-cache", postman-token:"d89a97d4-d53c-4255-b853-5e51c8851788", host:"localhost:8080", accept-encoding:"gzip, deflate, br", connection:"keep-alive"]]
Logback 2025-04-17 04:21:22 ERROR o.a.c.c.C.[.[.[.[dispatcherServlet]:175 - trkid= traceID=1d2cab3c3aeaaea74ec3cdefd2e92c11 span_id=a9b04035fea7a11b - Servlet.service() for servlet [dispatcherServlet] in context with path [] threw exception
java.io.IOException: Random error with /start-customer!
	at org.grafana.controller.PrincipalController.randomError(PrincipalController.java:162)
	at org.grafana.controller.PrincipalController.startCustomer(PrincipalController.java:82)
	at org.grafana.controller.PrincipalController.startProcess(PrincipalController.java:52)
	at java.base/jdk.internal.reflect.NativeMethodAccessorImpl.invoke0(Native Method)
	at java.base/jdk.internal.reflect.NativeMethodAccessorImpl.invoke(NativeMethodAccessorImpl.java:77)
	at java.base/jdk.internal.reflect.DelegatingMethodAccessorImpl.invoke(DelegatingMethodAccessorImpl.java:43)
	at java.base/java.lang.reflect.Method.invoke(Method.java:568)
	at org.springframework.web.method.support.InvocableHandlerMethod.doInvoke(InvocableHandlerMethod.java:205)
	at org.springframework.web.method.support.InvocableHandlerMethod.invokeForRequest(InvocableHandlerMethod.java:150)
	at org.springframework.web.servlet.mvc.method.annotation.ServletInvocableHandlerMethod.invokeAndHandle(ServletInvocableHandlerMethod.java:117)
	at org.springframework.web.servlet.mvc.method.annotation.RequestMappingHandlerAdapter.invokeHandlerMethod(RequestMappingHandlerAdapter.java:895)
	at org.springframework.web.servlet.mvc.method.annotation.RequestMappingHandlerAdapter.handleInternal(RequestMappingHandlerAdapter.java:808)
	at org.springframework.web.servlet.mvc.method.AbstractHandlerMethodAdapter.handle(AbstractHandlerMethodAdapter.java:87)
	at org.springframework.web.servlet.DispatcherServlet.doDispatch(DispatcherServlet.java:1072)
	at org.springframework.web.servlet.DispatcherServlet.doService(DispatcherServlet.java:965)
	at org.springframework.web.servlet.FrameworkServlet.processRequest(FrameworkServlet.java:1006)
	at org.springframework.web.servlet.FrameworkServlet.doGet(FrameworkServlet.java:898)
	at javax.servlet.http.HttpServlet.service(HttpServlet.java:529)
	at org.springframework.web.servlet.FrameworkServlet.service(FrameworkServlet.java:883)
	at javax.servlet.http.HttpServlet.service(HttpServlet.java:623)
	at org.apache.catalina.core.ApplicationFilterChain.internalDoFilter(ApplicationFilterChain.java:209)
	at org.apache.catalina.core.ApplicationFilterChain.doFilter(ApplicationFilterChain.java:153)
	at org.apache.tomcat.websocket.server.WsFilter.doFilter(WsFilter.java:51)
	at org.apache.catalina.core.ApplicationFilterChain.internalDoFilter(ApplicationFilterChain.java:178)
	at org.apache.catalina.core.ApplicationFilterChain.doFilter(ApplicationFilterChain.java:153)
	at org.springframework.web.filter.AbstractRequestLoggingFilter.doFilterInternal(AbstractRequestLoggingFilter.java:289)
	at org.springframework.web.filter.OncePerRequestFilter.doFilter(OncePerRequestFilter.java:117)
	at org.apache.catalina.core.ApplicationFilterChain.internalDoFilter(ApplicationFilterChain.java:178)
	at org.apache.catalina.core.ApplicationFilterChain.doFilter(ApplicationFilterChain.java:153)
	at org.grafana.config.filter.FilterAsInterceptorAdapter.doFilter(FilterAsInterceptorAdapter.java:25)
	at org.apache.catalina.core.ApplicationFilterChain.internalDoFilter(ApplicationFilterChain.java:178)
	at org.apache.catalina.core.ApplicationFilterChain.doFilter(ApplicationFilterChain.java:153)
	at org.springframework.web.filter.RequestContextFilter.doFilterInternal(RequestContextFilter.java:100)
	at org.springframework.web.filter.OncePerRequestFilter.doFilter(OncePerRequestFilter.java:117)
	at org.apache.catalina.core.ApplicationFilterChain.internalDoFilter(ApplicationFilterChain.java:178)
	at org.apache.catalina.core.ApplicationFilterChain.doFilter(ApplicationFilterChain.java:153)
	at org.springframework.web.filter.FormContentFilter.doFilterInternal(FormContentFilter.java:93)
	at org.springframework.web.filter.OncePerRequestFilter.doFilter(OncePerRequestFilter.java:117)
	at org.apache.catalina.core.ApplicationFilterChain.internalDoFilter(ApplicationFilterChain.java:178)
	at org.apache.catalina.core.ApplicationFilterChain.doFilter(ApplicationFilterChain.java:153)
	at org.springframework.web.servlet.v3_1.OpenTelemetryHandlerMappingFilter.doFilter(OpenTelemetryHandlerMappingFilter.java:83)
	at org.apache.catalina.core.ApplicationFilterChain.internalDoFilter(ApplicationFilterChain.java:178)
	at org.apache.catalina.core.ApplicationFilterChain.doFilter(ApplicationFilterChain.java:153)
	at org.springframework.boot.actuate.metrics.web.servlet.WebMvcMetricsFilter.doFilterInternal(WebMvcMetricsFilter.java:96)
	at org.springframework.web.filter.OncePerRequestFilter.doFilter(OncePerRequestFilter.java:117)
	at org.apache.catalina.core.ApplicationFilterChain.internalDoFilter(ApplicationFilterChain.java:178)
	at org.apache.catalina.core.ApplicationFilterChain.doFilter(ApplicationFilterChain.java:153)
	at org.springframework.web.filter.CharacterEncodingFilter.doFilterInternal(CharacterEncodingFilter.java:201)
	at org.springframework.web.filter.OncePerRequestFilter.doFilter(OncePerRequestFilter.java:117)
	at org.apache.catalina.core.ApplicationFilterChain.internalDoFilter(ApplicationFilterChain.java:178)
	at org.apache.catalina.core.ApplicationFilterChain.doFilter(ApplicationFilterChain.java:153)
	at org.apache.catalina.core.StandardWrapperValve.invoke(StandardWrapperValve.java:168)
	at org.apache.catalina.core.StandardContextValve.invoke(StandardContextValve.java:90)
	at org.apache.catalina.authenticator.AuthenticatorBase.invoke(AuthenticatorBase.java:481)
	at org.apache.catalina.core.StandardHostValve.invoke(StandardHostValve.java:130)
	at org.apache.catalina.valves.ErrorReportValve.invoke(ErrorReportValve.java:93)
	at org.apache.catalina.core.StandardEngineValve.invoke(StandardEngineValve.java:74)
	at org.apache.catalina.valves.AbstractAccessLogValve.invoke(AbstractAccessLogValve.java:670)
	at org.apache.catalina.connector.CoyoteAdapter.service(CoyoteAdapter.java:342)
	at org.apache.coyote.http11.Http11Processor.service(Http11Processor.java:390)
	at org.apache.coyote.AbstractProcessorLight.process(AbstractProcessorLight.java:63)
	at org.apache.coyote.AbstractProtocol$ConnectionHandler.process(AbstractProtocol.java:928)
	at org.apache.tomcat.util.net.NioEndpoint$SocketProcessor.doRun(NioEndpoint.java:1794)
	at org.apache.tomcat.util.net.SocketProcessorBase.run(SocketProcessorBase.java:52)
	at org.apache.tomcat.util.threads.ThreadPoolExecutor.runWorker(ThreadPoolExecutor.java:1191)
	at org.apache.tomcat.util.threads.ThreadPoolExecutor$Worker.run(ThreadPoolExecutor.java:659)
	at org.apache.tomcat.util.threads.TaskThread$WrappingRunnable.run(TaskThread.java:61)
	at java.base/java.lang.Thread.run(Thread.java:833)
Logback 2025-04-17 04:21:24 INFO  o.g.c.f.AppMonitor:113 - trkid= traceID=b9887423fda1e29942fb955183ecd290 span_id=410025bf8d0e614e - action=statisticsEvent event=/posts-feing/90 serviceStatusCode=200 responseTime=200 description="init Trx"
Logback 2025-04-17 04:21:24 DEBUG o.s.w.f.CommonsRequestLoggingFilter:47 - trkid= traceID=b9887423fda1e29942fb955183ecd290 span_id=410025bf8d0e614e - Before request [GET /posts-feing/90?x-request-id=post-peru, client=172.19.0.1, headers=[user-agent:"PostmanRuntime/7.43.3", accept:"*/*", cache-control:"no-cache", postman-token:"23eafcd1-55aa-48f2-88a4-603ea3390c72", host:"localhost:8080", accept-encoding:"gzip, deflate, br", connection:"keep-alive"]]
Logback 2025-04-17 04:21:24 DEBUG o.s.w.f.CommonsRequestLoggingFilter:55 - trkid= traceID=b9887423fda1e29942fb955183ecd290 span_id=410025bf8d0e614e - After request [GET /posts-feing/90?x-request-id=post-peru, client=172.19.0.1, headers=[user-agent:"PostmanRuntime/7.43.3", accept:"*/*", cache-control:"no-cache", postman-token:"23eafcd1-55aa-48f2-88a4-603ea3390c72", host:"localhost:8080", accept-encoding:"gzip, deflate, br", connection:"keep-alive"]]
Logback 2025-04-17 04:21:24 INFO  o.g.c.f.AppMonitor:113 - trkid= traceID=b9887423fda1e29942fb955183ecd290 span_id=410025bf8d0e614e - action=statisticsRequest uri=/posts-feing/90 responseStatus=200 serviceStatusCode=200 httpStatusCode=200 responseTime=363 description="Finish Trx org.apache.catalina.core.ApplicationContextFacade@1f00c594 | null"
Logback 2025-04-17 04:21:26 INFO  o.g.c.f.AppMonitor:113 - trkid= traceID=5e416405d0b0851ef7b08cdcdcd8934d span_id=e3abfb977fe3874c - action=statisticsEvent event=/posts-feing/40 serviceStatusCode=200 responseTime=200 description="init Trx"
Logback 2025-04-17 04:21:26 DEBUG o.s.w.f.CommonsRequestLoggingFilter:47 - trkid= traceID=5e416405d0b0851ef7b08cdcdcd8934d span_id=e3abfb977fe3874c - Before request [GET /posts-feing/40?x-request-id=post-arg, client=172.19.0.1, headers=[user-agent:"PostmanRuntime/7.43.3", accept:"*/*", cache-control:"no-cache", postman-token:"7b40bd54-6f7a-4ea3-8f6b-49c0192c9230", host:"localhost:8080", accept-encoding:"gzip, deflate, br", connection:"keep-alive"]]
Logback 2025-04-17 04:21:26 DEBUG o.s.w.f.CommonsRequestLoggingFilter:55 - trkid= traceID=5e416405d0b0851ef7b08cdcdcd8934d span_id=e3abfb977fe3874c - After request [GET /posts-feing/40?x-request-id=post-arg, client=172.19.0.1, headers=[user-agent:"PostmanRuntime/7.43.3", accept:"*/*", cache-control:"no-cache", postman-token:"7b40bd54-6f7a-4ea3-8f6b-49c0192c9230", host:"localhost:8080", accept-encoding:"gzip, deflate, br", connection:"keep-alive"]]
Logback 2025-04-17 04:21:26 INFO  o.g.c.f.AppMonitor:113 - trkid= traceID=5e416405d0b0851ef7b08cdcdcd8934d span_id=e3abfb977fe3874c - action=statisticsRequest uri=/posts-feing/40 responseStatus=200 serviceStatusCode=200 httpStatusCode=200 responseTime=23 description="Finish Trx org.apache.catalina.core.ApplicationContextFacade@1f00c594 | null"
Logback 2025-04-17 04:21:28 INFO  o.g.c.f.AppMonitor:113 - trkid= traceID=b7857d51c79e86144626a7491ae5b826 span_id=9b3fc819f67d445b - action=statisticsEvent event=/start-customer serviceStatusCode=200 responseTime=200 description="init Trx"
Logback 2025-04-17 04:21:28 DEBUG o.s.w.f.CommonsRequestLoggingFilter:47 - trkid= traceID=b7857d51c79e86144626a7491ae5b826 span_id=9b3fc819f67d445b - Before request [GET /start-customer?x-request-id=customer-brasil, client=172.19.0.1, headers=[user-agent:"PostmanRuntime/7.43.3", accept:"*/*", cache-control:"no-cache", postman-token:"7e4f1878-98cf-48ac-9e42-3bd15c23a9b7", host:"localhost:8080", accept-encoding:"gzip, deflate, br", connection:"keep-alive"]]
Logback 2025-04-17 04:21:29 DEBUG o.s.w.f.CommonsRequestLoggingFilter:55 - trkid= traceID=b7857d51c79e86144626a7491ae5b826 span_id=9b3fc819f67d445b - After request [GET /start-customer?x-request-id=customer-brasil, client=172.19.0.1, headers=[user-agent:"PostmanRuntime/7.43.3", accept:"*/*", cache-control:"no-cache", postman-token:"7e4f1878-98cf-48ac-9e42-3bd15c23a9b7", host:"localhost:8080", accept-encoding:"gzip, deflate, br", connection:"keep-alive"]]
Logback 2025-04-17 04:21:29 INFO  o.g.c.f.AppMonitor:113 - trkid= traceID=b7857d51c79e86144626a7491ae5b826 span_id=9b3fc819f67d445b - action=statisticsRequest uri=/start-customer responseStatus=200 serviceStatusCode=200 httpStatusCode=200 responseTime=1008 description="Finish Trx org.apache.catalina.core.ApplicationContextFacade@1f00c594 | null"
Logback 2025-04-17 04:21:31 INFO  o.g.c.f.AppMonitor:113 - trkid= traceID=78492503cedd65c96653bb0de95c477f span_id=e78a927a64f68c64 - action=statisticsEvent event=/start-seller serviceStatusCode=200 responseTime=200 description="init Trx"
Logback 2025-04-17 04:21:31 DEBUG o.s.w.f.CommonsRequestLoggingFilter:47 - trkid= traceID=78492503cedd65c96653bb0de95c477f span_id=e78a927a64f68c64 - Before request [GET /start-seller?x-request-id=seller-mexico, client=172.19.0.1, headers=[user-agent:"PostmanRuntime/7.43.3", accept:"*/*", cache-control:"no-cache", postman-token:"d341e5d3-b37c-4cbe-9c8c-5e70f4d8c0c9", host:"localhost:8080", accept-encoding:"gzip, deflate, br", connection:"keep-alive"]]
Logback 2025-04-17 04:21:31 DEBUG o.s.w.f.CommonsRequestLoggingFilter:55 - trkid= traceID=78492503cedd65c96653bb0de95c477f span_id=e78a927a64f68c64 - After request [GET /start-seller?x-request-id=seller-mexico, client=172.19.0.1, headers=[user-agent:"PostmanRuntime/7.43.3", accept:"*/*", cache-control:"no-cache", postman-token:"d341e5d3-b37c-4cbe-9c8c-5e70f4d8c0c9", host:"localhost:8080", accept-encoding:"gzip, deflate, br", connection:"keep-alive"]]
Logback 2025-04-17 04:21:31 INFO  o.g.c.f.AppMonitor:113 - trkid= traceID=78492503cedd65c96653bb0de95c477f span_id=e78a927a64f68c64 - action=statisticsRequest uri=/start-seller responseStatus=200 serviceStatusCode=200 httpStatusCode=200 responseTime=589 description="Finish Trx org.apache.catalina.core.ApplicationContextFacade@1f00c594 | null"
Logback 2025-04-17 04:21:34 INFO  o.g.c.f.AppMonitor:113 - trkid= traceID=610e94fb5058618cdf4179dccd1de084 span_id=621f9362304696fb - action=statisticsEvent event=/start-all serviceStatusCode=200 responseTime=200 description="init Trx"
Logback 2025-04-17 04:21:34 DEBUG o.s.w.f.CommonsRequestLoggingFilter:47 - trkid= traceID=610e94fb5058618cdf4179dccd1de084 span_id=621f9362304696fb - Before request [GET /start-all, client=172.19.0.3, headers=[accept:"application/json, text/plain, */*", user-agent:"axios/1.7.9", accept-encoding:"gzip, compress, deflate, br", traceparent:"00-610e94fb5058618cdf4179dccd1de084-1642409e382c49c4-01", host:"ms-hello-observability-services.applications.svc.cluster.local:8080", connection:"close"]]
Logback 2025-04-17 04:21:36 INFO  o.g.c.f.AppMonitor:113 - trkid= traceID=86f342bd5e0ecf07b14e94f3ae0f8af0 span_id=e2b4a81a51be7ea6 - action=statisticsEvent event=/start-all serviceStatusCode=200 responseTime=200 description="init Trx"
Logback 2025-04-17 04:21:36 DEBUG o.s.w.f.CommonsRequestLoggingFilter:47 - trkid= traceID=86f342bd5e0ecf07b14e94f3ae0f8af0 span_id=e2b4a81a51be7ea6 - Before request [GET /start-all, client=172.19.0.1, headers=[x-request-id:"start-chile", user-agent:"PostmanRuntime/7.43.3", accept:"*/*", cache-control:"no-cache", postman-token:"2fbe4280-4f9b-42d6-b479-63cf25f2fc3f", host:"localhost:8080", accept-encoding:"gzip, deflate, br", connection:"keep-alive"]]
Logback 2025-04-17 04:21:36 DEBUG o.s.w.f.CommonsRequestLoggingFilter:55 - trkid= traceID=610e94fb5058618cdf4179dccd1de084 span_id=621f9362304696fb - After request [GET /start-all, client=172.19.0.3, headers=[accept:"application/json, text/plain, */*", user-agent:"axios/1.7.9", accept-encoding:"gzip, compress, deflate, br", traceparent:"00-610e94fb5058618cdf4179dccd1de084-1642409e382c49c4-01", host:"ms-hello-observability-services.applications.svc.cluster.local:8080", connection:"close"]]
Logback 2025-04-17 04:21:36 INFO  o.g.c.f.AppMonitor:113 - trkid= traceID=610e94fb5058618cdf4179dccd1de084 span_id=621f9362304696fb - action=statisticsRequest uri=/start-all responseStatus=200 serviceStatusCode=200 httpStatusCode=200 responseTime=2357 description="Finish Trx org.apache.catalina.core.ApplicationContextFacade@1f00c594 | null"
Logback 2025-04-17 04:21:38 DEBUG o.s.w.f.CommonsRequestLoggingFilter:55 - trkid= traceID=86f342bd5e0ecf07b14e94f3ae0f8af0 span_id=e2b4a81a51be7ea6 - After request [GET /start-all, client=172.19.0.1, headers=[x-request-id:"start-chile", user-agent:"PostmanRuntime/7.43.3", accept:"*/*", cache-control:"no-cache", postman-token:"2fbe4280-4f9b-42d6-b479-63cf25f2fc3f", host:"localhost:8080", accept-encoding:"gzip, deflate, br", connection:"keep-alive"]]
Logback 2025-04-17 04:21:38 ERROR o.a.c.c.C.[.[.[.[dispatcherServlet]:175 - trkid= traceID=86f342bd5e0ecf07b14e94f3ae0f8af0 span_id=e2b4a81a51be7ea6 - Servlet.service() for servlet [dispatcherServlet] in context with path [] threw exception
java.io.IOException: Random error with /start-seller!
	at org.grafana.controller.PrincipalController.randomError(PrincipalController.java:162)
	at org.grafana.controller.PrincipalController.startSeller(PrincipalController.java:111)
	at org.grafana.controller.PrincipalController.startProcess(PrincipalController.java:59)
	at java.base/jdk.internal.reflect.NativeMethodAccessorImpl.invoke0(Native Method)
	at java.base/jdk.internal.reflect.NativeMethodAccessorImpl.invoke(NativeMethodAccessorImpl.java:77)
	at java.base/jdk.internal.reflect.DelegatingMethodAccessorImpl.invoke(DelegatingMethodAccessorImpl.java:43)
	at java.base/java.lang.reflect.Method.invoke(Method.java:568)
	at org.springframework.web.method.support.InvocableHandlerMethod.doInvoke(InvocableHandlerMethod.java:205)
	at org.springframework.web.method.support.InvocableHandlerMethod.invokeForRequest(InvocableHandlerMethod.java:150)
	at org.springframework.web.servlet.mvc.method.annotation.ServletInvocableHandlerMethod.invokeAndHandle(ServletInvocableHandlerMethod.java:117)
	at org.springframework.web.servlet.mvc.method.annotation.RequestMappingHandlerAdapter.invokeHandlerMethod(RequestMappingHandlerAdapter.java:895)
	at org.springframework.web.servlet.mvc.method.annotation.RequestMappingHandlerAdapter.handleInternal(RequestMappingHandlerAdapter.java:808)
	at org.springframework.web.servlet.mvc.method.AbstractHandlerMethodAdapter.handle(AbstractHandlerMethodAdapter.java:87)
	at org.springframework.web.servlet.DispatcherServlet.doDispatch(DispatcherServlet.java:1072)
	at org.springframework.web.servlet.DispatcherServlet.doService(DispatcherServlet.java:965)
	at org.springframework.web.servlet.FrameworkServlet.processRequest(FrameworkServlet.java:1006)
	at org.springframework.web.servlet.FrameworkServlet.doGet(FrameworkServlet.java:898)
	at javax.servlet.http.HttpServlet.service(HttpServlet.java:529)
	at org.springframework.web.servlet.FrameworkServlet.service(FrameworkServlet.java:883)
	at javax.servlet.http.HttpServlet.service(HttpServlet.java:623)
	at org.apache.catalina.core.ApplicationFilterChain.internalDoFilter(ApplicationFilterChain.java:209)
	at org.apache.catalina.core.ApplicationFilterChain.doFilter(ApplicationFilterChain.java:153)
	at org.apache.tomcat.websocket.server.WsFilter.doFilter(WsFilter.java:51)
	at org.apache.catalina.core.ApplicationFilterChain.internalDoFilter(ApplicationFilterChain.java:178)
	at org.apache.catalina.core.ApplicationFilterChain.doFilter(ApplicationFilterChain.java:153)
	at org.springframework.web.filter.AbstractRequestLoggingFilter.doFilterInternal(AbstractRequestLoggingFilter.java:289)
	at org.springframework.web.filter.OncePerRequestFilter.doFilter(OncePerRequestFilter.java:117)
	at org.apache.catalina.core.ApplicationFilterChain.internalDoFilter(ApplicationFilterChain.java:178)
	at org.apache.catalina.core.ApplicationFilterChain.doFilter(ApplicationFilterChain.java:153)
	at org.grafana.config.filter.FilterAsInterceptorAdapter.doFilter(FilterAsInterceptorAdapter.java:25)
	at org.apache.catalina.core.ApplicationFilterChain.internalDoFilter(ApplicationFilterChain.java:178)
	at org.apache.catalina.core.ApplicationFilterChain.doFilter(ApplicationFilterChain.java:153)
	at org.springframework.web.filter.RequestContextFilter.doFilterInternal(RequestContextFilter.java:100)
	at org.springframework.web.filter.OncePerRequestFilter.doFilter(OncePerRequestFilter.java:117)
	at org.apache.catalina.core.ApplicationFilterChain.internalDoFilter(ApplicationFilterChain.java:178)
	at org.apache.catalina.core.ApplicationFilterChain.doFilter(ApplicationFilterChain.java:153)
	at org.springframework.web.filter.FormContentFilter.doFilterInternal(FormContentFilter.java:93)
	at org.springframework.web.filter.OncePerRequestFilter.doFilter(OncePerRequestFilter.java:117)
	at org.apache.catalina.core.ApplicationFilterChain.internalDoFilter(ApplicationFilterChain.java:178)
	at org.apache.catalina.core.ApplicationFilterChain.doFilter(ApplicationFilterChain.java:153)
	at org.springframework.web.servlet.v3_1.OpenTelemetryHandlerMappingFilter.doFilter(OpenTelemetryHandlerMappingFilter.java:83)
	at org.apache.catalina.core.ApplicationFilterChain.internalDoFilter(ApplicationFilterChain.java:178)
	at org.apache.catalina.core.ApplicationFilterChain.doFilter(ApplicationFilterChain.java:153)
	at org.springframework.boot.actuate.metrics.web.servlet.WebMvcMetricsFilter.doFilterInternal(WebMvcMetricsFilter.java:96)
	at org.springframework.web.filter.OncePerRequestFilter.doFilter(OncePerRequestFilter.java:117)
	at org.apache.catalina.core.ApplicationFilterChain.internalDoFilter(ApplicationFilterChain.java:178)
	at org.apache.catalina.core.ApplicationFilterChain.doFilter(ApplicationFilterChain.java:153)
	at org.springframework.web.filter.CharacterEncodingFilter.doFilterInternal(CharacterEncodingFilter.java:201)
	at org.springframework.web.filter.OncePerRequestFilter.doFilter(OncePerRequestFilter.java:117)
	at org.apache.catalina.core.ApplicationFilterChain.internalDoFilter(ApplicationFilterChain.java:178)
	at org.apache.catalina.core.ApplicationFilterChain.doFilter(ApplicationFilterChain.java:153)
	at org.apache.catalina.core.StandardWrapperValve.invoke(StandardWrapperValve.java:168)
	at org.apache.catalina.core.StandardContextValve.invoke(StandardContextValve.java:90)
	at org.apache.catalina.authenticator.AuthenticatorBase.invoke(AuthenticatorBase.java:481)
	at org.apache.catalina.core.StandardHostValve.invoke(StandardHostValve.java:130)
	at org.apache.catalina.valves.ErrorReportValve.invoke(ErrorReportValve.java:93)
	at org.apache.catalina.core.StandardEngineValve.invoke(StandardEngineValve.java:74)
	at org.apache.catalina.valves.AbstractAccessLogValve.invoke(AbstractAccessLogValve.java:670)
	at org.apache.catalina.connector.CoyoteAdapter.service(CoyoteAdapter.java:342)
	at org.apache.coyote.http11.Http11Processor.service(Http11Processor.java:390)
	at org.apache.coyote.AbstractProcessorLight.process(AbstractProcessorLight.java:63)
	at org.apache.coyote.AbstractProtocol$ConnectionHandler.process(AbstractProtocol.java:928)
	at org.apache.tomcat.util.net.NioEndpoint$SocketProcessor.doRun(NioEndpoint.java:1794)
	at org.apache.tomcat.util.net.SocketProcessorBase.run(SocketProcessorBase.java:52)
	at org.apache.tomcat.util.threads.ThreadPoolExecutor.runWorker(ThreadPoolExecutor.java:1191)
	at org.apache.tomcat.util.threads.ThreadPoolExecutor$Worker.run(ThreadPoolExecutor.java:659)
	at org.apache.tomcat.util.threads.TaskThread$WrappingRunnable.run(TaskThread.java:61)
	at java.base/java.lang.Thread.run(Thread.java:833)
Logback 2025-04-17 04:21:40 INFO  o.g.c.f.AppMonitor:113 - trkid= traceID=f8f0f6240fab2318db959b493626e016 span_id=c76dea4f326c5868 - action=statisticsEvent event=/posts-feing/90 serviceStatusCode=200 responseTime=200 description="init Trx"
Logback 2025-04-17 04:21:40 DEBUG o.s.w.f.CommonsRequestLoggingFilter:47 - trkid= traceID=f8f0f6240fab2318db959b493626e016 span_id=c76dea4f326c5868 - Before request [GET /posts-feing/90?x-request-id=post-peru, client=172.19.0.1, headers=[user-agent:"PostmanRuntime/7.43.3", accept:"*/*", cache-control:"no-cache", postman-token:"5f70c56b-c7c4-4035-b321-bd4cd4efd82f", host:"localhost:8080", accept-encoding:"gzip, deflate, br", connection:"keep-alive"]]
Logback 2025-04-17 04:21:40 DEBUG o.s.w.f.CommonsRequestLoggingFilter:55 - trkid= traceID=f8f0f6240fab2318db959b493626e016 span_id=c76dea4f326c5868 - After request [GET /posts-feing/90?x-request-id=post-peru, client=172.19.0.1, headers=[user-agent:"PostmanRuntime/7.43.3", accept:"*/*", cache-control:"no-cache", postman-token:"5f70c56b-c7c4-4035-b321-bd4cd4efd82f", host:"localhost:8080", accept-encoding:"gzip, deflate, br", connection:"keep-alive"]]
Logback 2025-04-17 04:21:40 INFO  o.g.c.f.AppMonitor:113 - trkid= traceID=f8f0f6240fab2318db959b493626e016 span_id=c76dea4f326c5868 - action=statisticsRequest uri=/posts-feing/90 responseStatus=200 serviceStatusCode=200 httpStatusCode=200 responseTime=57 description="Finish Trx org.apache.catalina.core.ApplicationContextFacade@1f00c594 | null"
Logback 2025-04-17 04:21:42 INFO  o.g.c.f.AppMonitor:113 - trkid= traceID=9b950ae465a9080a94df47c00028b35e span_id=4a14d2a555b1a579 - action=statisticsEvent event=/posts-feing/40 serviceStatusCode=200 responseTime=200 description="init Trx"
Logback 2025-04-17 04:21:42 DEBUG o.s.w.f.CommonsRequestLoggingFilter:47 - trkid= traceID=9b950ae465a9080a94df47c00028b35e span_id=4a14d2a555b1a579 - Before request [GET /posts-feing/40?x-request-id=post-arg, client=172.19.0.1, headers=[user-agent:"PostmanRuntime/7.43.3", accept:"*/*", cache-control:"no-cache", postman-token:"3621448f-af74-4b73-8482-75eff0294415", host:"localhost:8080", accept-encoding:"gzip, deflate, br", connection:"keep-alive"]]
Logback 2025-04-17 04:21:42 DEBUG o.s.w.f.CommonsRequestLoggingFilter:55 - trkid= traceID=9b950ae465a9080a94df47c00028b35e span_id=4a14d2a555b1a579 - After request [GET /posts-feing/40?x-request-id=post-arg, client=172.19.0.1, headers=[user-agent:"PostmanRuntime/7.43.3", accept:"*/*", cache-control:"no-cache", postman-token:"3621448f-af74-4b73-8482-75eff0294415", host:"localhost:8080", accept-encoding:"gzip, deflate, br", connection:"keep-alive"]]
Logback 2025-04-17 04:21:42 INFO  o.g.c.f.AppMonitor:113 - trkid= traceID=9b950ae465a9080a94df47c00028b35e span_id=4a14d2a555b1a579 - action=statisticsRequest uri=/posts-feing/40 responseStatus=200 serviceStatusCode=200 httpStatusCode=200 responseTime=30 description="Finish Trx org.apache.catalina.core.ApplicationContextFacade@1f00c594 | null"
Logback 2025-04-17 04:21:44 INFO  o.g.c.f.AppMonitor:113 - trkid= traceID=3197d09a055d3a9942ed0a2c6349c1c4 span_id=32bffad91258700b - action=statisticsEvent event=/start-customer serviceStatusCode=200 responseTime=200 description="init Trx"
Logback 2025-04-17 04:21:44 DEBUG o.s.w.f.CommonsRequestLoggingFilter:47 - trkid= traceID=3197d09a055d3a9942ed0a2c6349c1c4 span_id=32bffad91258700b - Before request [GET /start-customer?x-request-id=customer-brasil, client=172.19.0.1, headers=[user-agent:"PostmanRuntime/7.43.3", accept:"*/*", cache-control:"no-cache", postman-token:"eb86dc38-ae9d-48fe-8752-2123a3da88a6", host:"localhost:8080", accept-encoding:"gzip, deflate, br", connection:"keep-alive"]]
Logback 2025-04-17 04:21:44 DEBUG o.s.w.f.CommonsRequestLoggingFilter:55 - trkid= traceID=3197d09a055d3a9942ed0a2c6349c1c4 span_id=32bffad91258700b - After request [GET /start-customer?x-request-id=customer-brasil, client=172.19.0.1, headers=[user-agent:"PostmanRuntime/7.43.3", accept:"*/*", cache-control:"no-cache", postman-token:"eb86dc38-ae9d-48fe-8752-2123a3da88a6", host:"localhost:8080", accept-encoding:"gzip, deflate, br", connection:"keep-alive"]]
Logback 2025-04-17 04:21:44 INFO  o.g.c.f.AppMonitor:113 - trkid= traceID=3197d09a055d3a9942ed0a2c6349c1c4 span_id=32bffad91258700b - action=statisticsRequest uri=/start-customer responseStatus=200 serviceStatusCode=200 httpStatusCode=200 responseTime=81 description="Finish Trx org.apache.catalina.core.ApplicationContextFacade@1f00c594 | null"
Logback 2025-04-17 04:21:46 INFO  o.g.c.f.AppMonitor:113 - trkid= traceID=18ca0ad83c89e70fc25b04a50ce08c47 span_id=53fa943055036101 - action=statisticsEvent event=/start-seller serviceStatusCode=200 responseTime=200 description="init Trx"
Logback 2025-04-17 04:21:46 DEBUG o.s.w.f.CommonsRequestLoggingFilter:47 - trkid= traceID=18ca0ad83c89e70fc25b04a50ce08c47 span_id=53fa943055036101 - Before request [GET /start-seller?x-request-id=seller-mexico, client=172.19.0.1, headers=[user-agent:"PostmanRuntime/7.43.3", accept:"*/*", cache-control:"no-cache", postman-token:"b2f2a3c7-42f1-4317-8616-f1fed08e6b70", host:"localhost:8080", accept-encoding:"gzip, deflate, br", connection:"keep-alive"]]
Logback 2025-04-17 04:21:47 DEBUG o.s.w.f.CommonsRequestLoggingFilter:55 - trkid= traceID=18ca0ad83c89e70fc25b04a50ce08c47 span_id=53fa943055036101 - After request [GET /start-seller?x-request-id=seller-mexico, client=172.19.0.1, headers=[user-agent:"PostmanRuntime/7.43.3", accept:"*/*", cache-control:"no-cache", postman-token:"b2f2a3c7-42f1-4317-8616-f1fed08e6b70", host:"localhost:8080", accept-encoding:"gzip, deflate, br", connection:"keep-alive"]]
Logback 2025-04-17 04:21:47 INFO  o.g.c.f.AppMonitor:113 - trkid= traceID=18ca0ad83c89e70fc25b04a50ce08c47 span_id=53fa943055036101 - action=statisticsRequest uri=/start-seller responseStatus=200 serviceStatusCode=200 httpStatusCode=200 responseTime=405 description="Finish Trx org.apache.catalina.core.ApplicationContextFacade@1f00c594 | null"
Logback 2025-04-17 04:21:49 INFO  o.g.c.f.AppMonitor:113 - trkid= traceID=af6620bce1688cc214d190b53295378e span_id=dd2ceb4a10cfcdc0 - action=statisticsEvent event=/start-all serviceStatusCode=200 responseTime=200 description="init Trx"
Logback 2025-04-17 04:21:49 DEBUG o.s.w.f.CommonsRequestLoggingFilter:47 - trkid= traceID=af6620bce1688cc214d190b53295378e span_id=dd2ceb4a10cfcdc0 - Before request [GET /start-all, client=172.19.0.3, headers=[accept:"application/json, text/plain, */*", user-agent:"axios/1.7.9", accept-encoding:"gzip, compress, deflate, br", traceparent:"00-af6620bce1688cc214d190b53295378e-16b6094fc182ddb3-01", host:"ms-hello-observability-services.applications.svc.cluster.local:8080", connection:"close"]]
Logback 2025-04-17 04:21:51 INFO  o.g.c.f.AppMonitor:113 - trkid= traceID=4369ed7c59b9ffa47d2065b36f2d86dd span_id=892771f9c7945cb7 - action=statisticsEvent event=/start-all serviceStatusCode=200 responseTime=200 description="init Trx"
Logback 2025-04-17 04:21:51 DEBUG o.s.w.f.CommonsRequestLoggingFilter:47 - trkid= traceID=4369ed7c59b9ffa47d2065b36f2d86dd span_id=892771f9c7945cb7 - Before request [GET /start-all, client=172.19.0.1, headers=[x-request-id:"start-chile", user-agent:"PostmanRuntime/7.43.3", accept:"*/*", cache-control:"no-cache", postman-token:"95020c61-f951-46ef-8178-9af6f14f8bd4", host:"localhost:8080", accept-encoding:"gzip, deflate, br", connection:"keep-alive"]]
Logback 2025-04-17 04:21:52 DEBUG o.s.w.f.CommonsRequestLoggingFilter:55 - trkid= traceID=af6620bce1688cc214d190b53295378e span_id=dd2ceb4a10cfcdc0 - After request [GET /start-all, client=172.19.0.3, headers=[accept:"application/json, text/plain, */*", user-agent:"axios/1.7.9", accept-encoding:"gzip, compress, deflate, br", traceparent:"00-af6620bce1688cc214d190b53295378e-16b6094fc182ddb3-01", host:"ms-hello-observability-services.applications.svc.cluster.local:8080", connection:"close"]]
Logback 2025-04-17 04:21:52 INFO  o.g.c.f.AppMonitor:113 - trkid= traceID=af6620bce1688cc214d190b53295378e span_id=dd2ceb4a10cfcdc0 - action=statisticsRequest uri=/start-all responseStatus=200 serviceStatusCode=200 httpStatusCode=200 responseTime=2695 description="Finish Trx org.apache.catalina.core.ApplicationContextFacade@1f00c594 | null"
Logback 2025-04-17 04:21:54 DEBUG o.s.w.f.CommonsRequestLoggingFilter:55 - trkid= traceID=4369ed7c59b9ffa47d2065b36f2d86dd span_id=892771f9c7945cb7 - After request [GET /start-all, client=172.19.0.1, headers=[x-request-id:"start-chile", user-agent:"PostmanRuntime/7.43.3", accept:"*/*", cache-control:"no-cache", postman-token:"95020c61-f951-46ef-8178-9af6f14f8bd4", host:"localhost:8080", accept-encoding:"gzip, deflate, br", connection:"keep-alive"]]
Logback 2025-04-17 04:21:54 INFO  o.g.c.f.AppMonitor:113 - trkid= traceID=4369ed7c59b9ffa47d2065b36f2d86dd span_id=892771f9c7945cb7 - action=statisticsRequest uri=/start-all responseStatus=200 serviceStatusCode=200 httpStatusCode=200 responseTime=2447 description="Finish Trx org.apache.catalina.core.ApplicationContextFacade@1f00c594 | null"
Logback 2025-04-17 04:21:55 INFO  o.g.c.f.AppMonitor:113 - trkid= traceID=8ecbf1ee4a57c41b623010c6eb3def03 span_id=2e93bb93a9385bcc - action=statisticsEvent event=/posts-feing/90 serviceStatusCode=200 responseTime=200 description="init Trx"
Logback 2025-04-17 04:21:55 DEBUG o.s.w.f.CommonsRequestLoggingFilter:47 - trkid= traceID=8ecbf1ee4a57c41b623010c6eb3def03 span_id=2e93bb93a9385bcc - Before request [GET /posts-feing/90?x-request-id=post-peru, client=172.19.0.1, headers=[user-agent:"PostmanRuntime/7.43.3", accept:"*/*", cache-control:"no-cache", postman-token:"d41cd591-e8bb-4015-8f35-143cbc4d9bee", host:"localhost:8080", accept-encoding:"gzip, deflate, br", connection:"keep-alive"]]
Logback 2025-04-17 04:21:55 DEBUG o.s.w.f.CommonsRequestLoggingFilter:55 - trkid= traceID=8ecbf1ee4a57c41b623010c6eb3def03 span_id=2e93bb93a9385bcc - After request [GET /posts-feing/90?x-request-id=post-peru, client=172.19.0.1, headers=[user-agent:"PostmanRuntime/7.43.3", accept:"*/*", cache-control:"no-cache", postman-token:"d41cd591-e8bb-4015-8f35-143cbc4d9bee", host:"localhost:8080", accept-encoding:"gzip, deflate, br", connection:"keep-alive"]]
Logback 2025-04-17 04:21:55 INFO  o.g.c.f.AppMonitor:113 - trkid= traceID=8ecbf1ee4a57c41b623010c6eb3def03 span_id=2e93bb93a9385bcc - action=statisticsRequest uri=/posts-feing/90 responseStatus=200 serviceStatusCode=200 httpStatusCode=200 responseTime=93 description="Finish Trx org.apache.catalina.core.ApplicationContextFacade@1f00c594 | null"
Logback 2025-04-17 04:21:57 INFO  o.g.c.f.AppMonitor:113 - trkid= traceID=3a7c316272dc5fd8015d9ba863ca4f0f span_id=9f5802d265595711 - action=statisticsEvent event=/posts-feing/40 serviceStatusCode=200 responseTime=200 description="init Trx"
Logback 2025-04-17 04:21:57 DEBUG o.s.w.f.CommonsRequestLoggingFilter:47 - trkid= traceID=3a7c316272dc5fd8015d9ba863ca4f0f span_id=9f5802d265595711 - Before request [GET /posts-feing/40?x-request-id=post-arg, client=172.19.0.1, headers=[user-agent:"PostmanRuntime/7.43.3", accept:"*/*", cache-control:"no-cache", postman-token:"6fd08914-5bb4-499c-9f69-3715973d8f4a", host:"localhost:8080", accept-encoding:"gzip, deflate, br", connection:"keep-alive"]]
Logback 2025-04-17 04:21:57 DEBUG o.s.w.f.CommonsRequestLoggingFilter:55 - trkid= traceID=3a7c316272dc5fd8015d9ba863ca4f0f span_id=9f5802d265595711 - After request [GET /posts-feing/40?x-request-id=post-arg, client=172.19.0.1, headers=[user-agent:"PostmanRuntime/7.43.3", accept:"*/*", cache-control:"no-cache", postman-token:"6fd08914-5bb4-499c-9f69-3715973d8f4a", host:"localhost:8080", accept-encoding:"gzip, deflate, br", connection:"keep-alive"]]
Logback 2025-04-17 04:21:57 INFO  o.g.c.f.AppMonitor:113 - trkid= traceID=3a7c316272dc5fd8015d9ba863ca4f0f span_id=9f5802d265595711 - action=statisticsRequest uri=/posts-feing/40 responseStatus=200 serviceStatusCode=200 httpStatusCode=200 responseTime=95 description="Finish Trx org.apache.catalina.core.ApplicationContextFacade@1f00c594 | null"
Logback 2025-04-17 04:21:59 INFO  o.g.c.f.AppMonitor:113 - trkid= traceID=abb55162e58d4a323f636bf3750f99a4 span_id=fa5ca6441e5f9268 - action=statisticsEvent event=/start-customer serviceStatusCode=200 responseTime=200 description="init Trx"
Logback 2025-04-17 04:21:59 DEBUG o.s.w.f.CommonsRequestLoggingFilter:47 - trkid= traceID=abb55162e58d4a323f636bf3750f99a4 span_id=fa5ca6441e5f9268 - Before request [GET /start-customer?x-request-id=customer-brasil, client=172.19.0.1, headers=[user-agent:"PostmanRuntime/7.43.3", accept:"*/*", cache-control:"no-cache", postman-token:"8bf43610-8b91-487c-868a-d3a65172f8e3", host:"localhost:8080", accept-encoding:"gzip, deflate, br", connection:"keep-alive"]]
Logback 2025-04-17 04:21:59 DEBUG o.s.w.f.CommonsRequestLoggingFilter:55 - trkid= traceID=abb55162e58d4a323f636bf3750f99a4 span_id=fa5ca6441e5f9268 - After request [GET /start-customer?x-request-id=customer-brasil, client=172.19.0.1, headers=[user-agent:"PostmanRuntime/7.43.3", accept:"*/*", cache-control:"no-cache", postman-token:"8bf43610-8b91-487c-868a-d3a65172f8e3", host:"localhost:8080", accept-encoding:"gzip, deflate, br", connection:"keep-alive"]]
Logback 2025-04-17 04:21:59 INFO  o.g.c.f.AppMonitor:113 - trkid= traceID=abb55162e58d4a323f636bf3750f99a4 span_id=fa5ca6441e5f9268 - action=statisticsRequest uri=/start-customer responseStatus=200 serviceStatusCode=200 httpStatusCode=200 responseTime=143 description="Finish Trx org.apache.catalina.core.ApplicationContextFacade@1f00c594 | null"
Logback 2025-04-17 04:22:01 INFO  o.g.c.f.AppMonitor:113 - trkid= traceID=d63138dbf7e64b1f0ed401fe3aa8c4fe span_id=abee10b11d29860f - action=statisticsEvent event=/start-seller serviceStatusCode=200 responseTime=200 description="init Trx"
Logback 2025-04-17 04:22:01 DEBUG o.s.w.f.CommonsRequestLoggingFilter:47 - trkid= traceID=d63138dbf7e64b1f0ed401fe3aa8c4fe span_id=abee10b11d29860f - Before request [GET /start-seller?x-request-id=seller-mexico, client=172.19.0.1, headers=[user-agent:"PostmanRuntime/7.43.3", accept:"*/*", cache-control:"no-cache", postman-token:"e7d154fc-a9c4-4061-b590-899645fc3efd", host:"localhost:8080", accept-encoding:"gzip, deflate, br", connection:"keep-alive"]]
Logback 2025-04-17 04:22:02 DEBUG o.s.w.f.CommonsRequestLoggingFilter:55 - trkid= traceID=d63138dbf7e64b1f0ed401fe3aa8c4fe span_id=abee10b11d29860f - After request [GET /start-seller?x-request-id=seller-mexico, client=172.19.0.1, headers=[user-agent:"PostmanRuntime/7.43.3", accept:"*/*", cache-control:"no-cache", postman-token:"e7d154fc-a9c4-4061-b590-899645fc3efd", host:"localhost:8080", accept-encoding:"gzip, deflate, br", connection:"keep-alive"]]
Logback 2025-04-17 04:22:03 INFO  o.g.c.f.AppMonitor:113 - trkid= traceID=d63138dbf7e64b1f0ed401fe3aa8c4fe span_id=abee10b11d29860f - action=statisticsRequest uri=/start-seller responseStatus=200 serviceStatusCode=200 httpStatusCode=200 responseTime=1268 description="Finish Trx org.apache.catalina.core.ApplicationContextFacade@1f00c594 | null"
Logback 2025-04-17 04:22:05 INFO  o.g.c.f.AppMonitor:113 - trkid= traceID=dca2ca71f207942bcf3c7bc39f1de144 span_id=37611917ef78745f - action=statisticsEvent event=/start-all serviceStatusCode=200 responseTime=200 description="init Trx"
Logback 2025-04-17 04:22:05 DEBUG o.s.w.f.CommonsRequestLoggingFilter:47 - trkid= traceID=dca2ca71f207942bcf3c7bc39f1de144 span_id=37611917ef78745f - Before request [GET /start-all, client=172.19.0.3, headers=[accept:"application/json, text/plain, */*", user-agent:"axios/1.7.9", accept-encoding:"gzip, compress, deflate, br", traceparent:"00-dca2ca71f207942bcf3c7bc39f1de144-49b404014c72398c-01", host:"ms-hello-observability-services.applications.svc.cluster.local:8080", connection:"close"]]
Logback 2025-04-17 04:22:07 INFO  o.g.c.f.AppMonitor:113 - trkid= traceID=7238dd234e89c32a8924b00295297f58 span_id=5ba68807b5ba1f93 - action=statisticsEvent event=/start-all serviceStatusCode=200 responseTime=200 description="init Trx"
Logback 2025-04-17 04:22:07 DEBUG o.s.w.f.CommonsRequestLoggingFilter:47 - trkid= traceID=7238dd234e89c32a8924b00295297f58 span_id=5ba68807b5ba1f93 - Before request [GET /start-all, client=172.19.0.1, headers=[x-request-id:"start-chile", user-agent:"PostmanRuntime/7.43.3", accept:"*/*", cache-control:"no-cache", postman-token:"8480f8b4-c0db-439f-9177-34a930cc5092", host:"localhost:8080", accept-encoding:"gzip, deflate, br", connection:"keep-alive"]]
Logback 2025-04-17 04:22:08 DEBUG o.s.w.f.CommonsRequestLoggingFilter:55 - trkid= traceID=dca2ca71f207942bcf3c7bc39f1de144 span_id=37611917ef78745f - After request [GET /start-all, client=172.19.0.3, headers=[accept:"application/json, text/plain, */*", user-agent:"axios/1.7.9", accept-encoding:"gzip, compress, deflate, br", traceparent:"00-dca2ca71f207942bcf3c7bc39f1de144-49b404014c72398c-01", host:"ms-hello-observability-services.applications.svc.cluster.local:8080", connection:"close"]]
Logback 2025-04-17 04:22:08 INFO  o.g.c.f.AppMonitor:113 - trkid= traceID=dca2ca71f207942bcf3c7bc39f1de144 span_id=37611917ef78745f - action=statisticsRequest uri=/start-all responseStatus=200 serviceStatusCode=200 httpStatusCode=200 responseTime=2893 description="Finish Trx org.apache.catalina.core.ApplicationContextFacade@1f00c594 | null"
Logback 2025-04-17 04:22:10 DEBUG o.s.w.f.CommonsRequestLoggingFilter:55 - trkid= traceID=7238dd234e89c32a8924b00295297f58 span_id=5ba68807b5ba1f93 - After request [GET /start-all, client=172.19.0.1, headers=[x-request-id:"start-chile", user-agent:"PostmanRuntime/7.43.3", accept:"*/*", cache-control:"no-cache", postman-token:"8480f8b4-c0db-439f-9177-34a930cc5092", host:"localhost:8080", accept-encoding:"gzip, deflate, br", connection:"keep-alive"]]
Logback 2025-04-17 04:22:10 INFO  o.g.c.f.AppMonitor:113 - trkid= traceID=7238dd234e89c32a8924b00295297f58 span_id=5ba68807b5ba1f93 - action=statisticsRequest uri=/start-all responseStatus=200 serviceStatusCode=200 httpStatusCode=200 responseTime=3637 description="Finish Trx org.apache.catalina.core.ApplicationContextFacade@1f00c594 | null"
Logback 2025-04-17 04:22:13 INFO  o.g.c.f.AppMonitor:113 - trkid= traceID=8499aa6ccdb2c092557979a7c2c64afa span_id=946d9b101382b194 - action=statisticsEvent event=/posts-feing/90 serviceStatusCode=200 responseTime=200 description="init Trx"
Logback 2025-04-17 04:22:13 DEBUG o.s.w.f.CommonsRequestLoggingFilter:47 - trkid= traceID=8499aa6ccdb2c092557979a7c2c64afa span_id=946d9b101382b194 - Before request [GET /posts-feing/90?x-request-id=post-peru, client=172.19.0.1, headers=[user-agent:"PostmanRuntime/7.43.3", accept:"*/*", cache-control:"no-cache", postman-token:"3f9182c2-cadb-41c4-96da-532a21e6a40c", host:"localhost:8080", accept-encoding:"gzip, deflate, br", connection:"keep-alive"]]
Logback 2025-04-17 04:22:13 DEBUG o.s.w.f.CommonsRequestLoggingFilter:55 - trkid= traceID=8499aa6ccdb2c092557979a7c2c64afa span_id=946d9b101382b194 - After request [GET /posts-feing/90?x-request-id=post-peru, client=172.19.0.1, headers=[user-agent:"PostmanRuntime/7.43.3", accept:"*/*", cache-control:"no-cache", postman-token:"3f9182c2-cadb-41c4-96da-532a21e6a40c", host:"localhost:8080", accept-encoding:"gzip, deflate, br", connection:"keep-alive"]]
Logback 2025-04-17 04:22:13 INFO  o.g.c.f.AppMonitor:113 - trkid= traceID=8499aa6ccdb2c092557979a7c2c64afa span_id=946d9b101382b194 - action=statisticsRequest uri=/posts-feing/90 responseStatus=200 serviceStatusCode=200 httpStatusCode=200 responseTime=324 description="Finish Trx org.apache.catalina.core.ApplicationContextFacade@1f00c594 | null"
Logback 2025-04-17 04:22:15 INFO  o.g.c.f.AppMonitor:113 - trkid= traceID=bbf6a5b937e55ac7bbcbf2cb746bc09b span_id=eb00e01bf3caca4f - action=statisticsEvent event=/posts-feing/40 serviceStatusCode=200 responseTime=200 description="init Trx"
Logback 2025-04-17 04:22:15 DEBUG o.s.w.f.CommonsRequestLoggingFilter:47 - trkid= traceID=bbf6a5b937e55ac7bbcbf2cb746bc09b span_id=eb00e01bf3caca4f - Before request [GET /posts-feing/40?x-request-id=post-arg, client=172.19.0.1, headers=[user-agent:"PostmanRuntime/7.43.3", accept:"*/*", cache-control:"no-cache", postman-token:"62b34c35-23c6-4f74-b4fa-1ac0b7e752f2", host:"localhost:8080", accept-encoding:"gzip, deflate, br", connection:"keep-alive"]]
Logback 2025-04-17 04:22:15 DEBUG o.s.w.f.CommonsRequestLoggingFilter:55 - trkid= traceID=bbf6a5b937e55ac7bbcbf2cb746bc09b span_id=eb00e01bf3caca4f - After request [GET /posts-feing/40?x-request-id=post-arg, client=172.19.0.1, headers=[user-agent:"PostmanRuntime/7.43.3", accept:"*/*", cache-control:"no-cache", postman-token:"62b34c35-23c6-4f74-b4fa-1ac0b7e752f2", host:"localhost:8080", accept-encoding:"gzip, deflate, br", connection:"keep-alive"]]
Logback 2025-04-17 04:22:15 INFO  o.g.c.f.AppMonitor:113 - trkid= traceID=bbf6a5b937e55ac7bbcbf2cb746bc09b span_id=eb00e01bf3caca4f - action=statisticsRequest uri=/posts-feing/40 responseStatus=200 serviceStatusCode=200 httpStatusCode=200 responseTime=28 description="Finish Trx org.apache.catalina.core.ApplicationContextFacade@1f00c594 | null"
Logback 2025-04-17 04:22:17 INFO  o.g.c.f.AppMonitor:113 - trkid= traceID=f08f9feb22c2a80de5938e9d5822f6da span_id=ed52eaf270057d9f - action=statisticsEvent event=/start-customer serviceStatusCode=200 responseTime=200 description="init Trx"
Logback 2025-04-17 04:22:17 DEBUG o.s.w.f.CommonsRequestLoggingFilter:47 - trkid= traceID=f08f9feb22c2a80de5938e9d5822f6da span_id=ed52eaf270057d9f - Before request [GET /start-customer?x-request-id=customer-brasil, client=172.19.0.1, headers=[user-agent:"PostmanRuntime/7.43.3", accept:"*/*", cache-control:"no-cache", postman-token:"31d767c4-53e3-465d-b771-5057990f0f6c", host:"localhost:8080", accept-encoding:"gzip, deflate, br", connection:"keep-alive"]]
Logback 2025-04-17 04:22:17 DEBUG o.s.w.f.CommonsRequestLoggingFilter:55 - trkid= traceID=f08f9feb22c2a80de5938e9d5822f6da span_id=ed52eaf270057d9f - After request [GET /start-customer?x-request-id=customer-brasil, client=172.19.0.1, headers=[user-agent:"PostmanRuntime/7.43.3", accept:"*/*", cache-control:"no-cache", postman-token:"31d767c4-53e3-465d-b771-5057990f0f6c", host:"localhost:8080", accept-encoding:"gzip, deflate, br", connection:"keep-alive"]]
Logback 2025-04-17 04:22:17 ERROR o.a.c.c.C.[.[.[.[dispatcherServlet]:175 - trkid= traceID=f08f9feb22c2a80de5938e9d5822f6da span_id=ed52eaf270057d9f - Servlet.service() for servlet [dispatcherServlet] in context with path [] threw exception
java.io.IOException: Random error with /start-customer!
	at org.grafana.controller.PrincipalController.randomError(PrincipalController.java:162)
	at org.grafana.controller.PrincipalController.startCustomer(PrincipalController.java:82)
	at java.base/jdk.internal.reflect.NativeMethodAccessorImpl.invoke0(Native Method)
	at java.base/jdk.internal.reflect.NativeMethodAccessorImpl.invoke(NativeMethodAccessorImpl.java:77)
	at java.base/jdk.internal.reflect.DelegatingMethodAccessorImpl.invoke(DelegatingMethodAccessorImpl.java:43)
	at java.base/java.lang.reflect.Method.invoke(Method.java:568)
	at org.springframework.web.method.support.InvocableHandlerMethod.doInvoke(InvocableHandlerMethod.java:205)
	at org.springframework.web.method.support.InvocableHandlerMethod.invokeForRequest(InvocableHandlerMethod.java:150)
	at org.springframework.web.servlet.mvc.method.annotation.ServletInvocableHandlerMethod.invokeAndHandle(ServletInvocableHandlerMethod.java:117)
	at org.springframework.web.servlet.mvc.method.annotation.RequestMappingHandlerAdapter.invokeHandlerMethod(RequestMappingHandlerAdapter.java:895)
	at org.springframework.web.servlet.mvc.method.annotation.RequestMappingHandlerAdapter.handleInternal(RequestMappingHandlerAdapter.java:808)
	at org.springframework.web.servlet.mvc.method.AbstractHandlerMethodAdapter.handle(AbstractHandlerMethodAdapter.java:87)
	at org.springframework.web.servlet.DispatcherServlet.doDispatch(DispatcherServlet.java:1072)
	at org.springframework.web.servlet.DispatcherServlet.doService(DispatcherServlet.java:965)
	at org.springframework.web.servlet.FrameworkServlet.processRequest(FrameworkServlet.java:1006)
	at org.springframework.web.servlet.FrameworkServlet.doGet(FrameworkServlet.java:898)
	at javax.servlet.http.HttpServlet.service(HttpServlet.java:529)
	at org.springframework.web.servlet.FrameworkServlet.service(FrameworkServlet.java:883)
	at javax.servlet.http.HttpServlet.service(HttpServlet.java:623)
	at org.apache.catalina.core.ApplicationFilterChain.internalDoFilter(ApplicationFilterChain.java:209)
	at org.apache.catalina.core.ApplicationFilterChain.doFilter(ApplicationFilterChain.java:153)
	at org.apache.tomcat.websocket.server.WsFilter.doFilter(WsFilter.java:51)
	at org.apache.catalina.core.ApplicationFilterChain.internalDoFilter(ApplicationFilterChain.java:178)
	at org.apache.catalina.core.ApplicationFilterChain.doFilter(ApplicationFilterChain.java:153)
	at org.springframework.web.filter.AbstractRequestLoggingFilter.doFilterInternal(AbstractRequestLoggingFilter.java:289)
	at org.springframework.web.filter.OncePerRequestFilter.doFilter(OncePerRequestFilter.java:117)
	at org.apache.catalina.core.ApplicationFilterChain.internalDoFilter(ApplicationFilterChain.java:178)
	at org.apache.catalina.core.ApplicationFilterChain.doFilter(ApplicationFilterChain.java:153)
	at org.grafana.config.filter.FilterAsInterceptorAdapter.doFilter(FilterAsInterceptorAdapter.java:25)
	at org.apache.catalina.core.ApplicationFilterChain.internalDoFilter(ApplicationFilterChain.java:178)
	at org.apache.catalina.core.ApplicationFilterChain.doFilter(ApplicationFilterChain.java:153)
	at org.springframework.web.filter.RequestContextFilter.doFilterInternal(RequestContextFilter.java:100)
	at org.springframework.web.filter.OncePerRequestFilter.doFilter(OncePerRequestFilter.java:117)
	at org.apache.catalina.core.ApplicationFilterChain.internalDoFilter(ApplicationFilterChain.java:178)
	at org.apache.catalina.core.ApplicationFilterChain.doFilter(ApplicationFilterChain.java:153)
	at org.springframework.web.filter.FormContentFilter.doFilterInternal(FormContentFilter.java:93)
	at org.springframework.web.filter.OncePerRequestFilter.doFilter(OncePerRequestFilter.java:117)
	at org.apache.catalina.core.ApplicationFilterChain.internalDoFilter(ApplicationFilterChain.java:178)
	at org.apache.catalina.core.ApplicationFilterChain.doFilter(ApplicationFilterChain.java:153)
	at org.springframework.web.servlet.v3_1.OpenTelemetryHandlerMappingFilter.doFilter(OpenTelemetryHandlerMappingFilter.java:83)
	at org.apache.catalina.core.ApplicationFilterChain.internalDoFilter(ApplicationFilterChain.java:178)
	at org.apache.catalina.core.ApplicationFilterChain.doFilter(ApplicationFilterChain.java:153)
	at org.springframework.boot.actuate.metrics.web.servlet.WebMvcMetricsFilter.doFilterInternal(WebMvcMetricsFilter.java:96)
	at org.springframework.web.filter.OncePerRequestFilter.doFilter(OncePerRequestFilter.java:117)
	at org.apache.catalina.core.ApplicationFilterChain.internalDoFilter(ApplicationFilterChain.java:178)
	at org.apache.catalina.core.ApplicationFilterChain.doFilter(ApplicationFilterChain.java:153)
	at org.springframework.web.filter.CharacterEncodingFilter.doFilterInternal(CharacterEncodingFilter.java:201)
	at org.springframework.web.filter.OncePerRequestFilter.doFilter(OncePerRequestFilter.java:117)
	at org.apache.catalina.core.ApplicationFilterChain.internalDoFilter(ApplicationFilterChain.java:178)
	at org.apache.catalina.core.ApplicationFilterChain.doFilter(ApplicationFilterChain.java:153)
	at org.apache.catalina.core.StandardWrapperValve.invoke(StandardWrapperValve.java:168)
	at org.apache.catalina.core.StandardContextValve.invoke(StandardContextValve.java:90)
	at org.apache.catalina.authenticator.AuthenticatorBase.invoke(AuthenticatorBase.java:481)
	at org.apache.catalina.core.StandardHostValve.invoke(StandardHostValve.java:130)
	at org.apache.catalina.valves.ErrorReportValve.invoke(ErrorReportValve.java:93)
	at org.apache.catalina.core.StandardEngineValve.invoke(StandardEngineValve.java:74)
	at org.apache.catalina.valves.AbstractAccessLogValve.invoke(AbstractAccessLogValve.java:670)
	at org.apache.catalina.connector.CoyoteAdapter.service(CoyoteAdapter.java:342)
	at org.apache.coyote.http11.Http11Processor.service(Http11Processor.java:390)
	at org.apache.coyote.AbstractProcessorLight.process(AbstractProcessorLight.java:63)
	at org.apache.coyote.AbstractProtocol$ConnectionHandler.process(AbstractProtocol.java:928)
	at org.apache.tomcat.util.net.NioEndpoint$SocketProcessor.doRun(NioEndpoint.java:1794)
	at org.apache.tomcat.util.net.SocketProcessorBase.run(SocketProcessorBase.java:52)
	at org.apache.tomcat.util.threads.ThreadPoolExecutor.runWorker(ThreadPoolExecutor.java:1191)
	at org.apache.tomcat.util.threads.ThreadPoolExecutor$Worker.run(ThreadPoolExecutor.java:659)
	at org.apache.tomcat.util.threads.TaskThread$WrappingRunnable.run(TaskThread.java:61)
	at java.base/java.lang.Thread.run(Thread.java:833)
Logback 2025-04-17 04:22:19 INFO  o.g.c.f.AppMonitor:113 - trkid= traceID=905bebc01e217d537471c154aa2aecc5 span_id=351ae9a120924388 - action=statisticsEvent event=/start-seller serviceStatusCode=200 responseTime=200 description="init Trx"
Logback 2025-04-17 04:22:19 DEBUG o.s.w.f.CommonsRequestLoggingFilter:47 - trkid= traceID=905bebc01e217d537471c154aa2aecc5 span_id=351ae9a120924388 - Before request [GET /start-seller?x-request-id=seller-mexico, client=172.19.0.1, headers=[user-agent:"PostmanRuntime/7.43.3", accept:"*/*", cache-control:"no-cache", postman-token:"b99727a1-7d0b-4f0b-9d36-67648f5f3fe3", host:"localhost:8080", accept-encoding:"gzip, deflate, br", connection:"keep-alive"]]
Logback 2025-04-17 04:22:20 DEBUG o.s.w.f.CommonsRequestLoggingFilter:55 - trkid= traceID=905bebc01e217d537471c154aa2aecc5 span_id=351ae9a120924388 - After request [GET /start-seller?x-request-id=seller-mexico, client=172.19.0.1, headers=[user-agent:"PostmanRuntime/7.43.3", accept:"*/*", cache-control:"no-cache", postman-token:"b99727a1-7d0b-4f0b-9d36-67648f5f3fe3", host:"localhost:8080", accept-encoding:"gzip, deflate, br", connection:"keep-alive"]]
Logback 2025-04-17 04:22:20 INFO  o.g.c.f.AppMonitor:113 - trkid= traceID=905bebc01e217d537471c154aa2aecc5 span_id=351ae9a120924388 - action=statisticsRequest uri=/start-seller responseStatus=200 serviceStatusCode=200 httpStatusCode=200 responseTime=386 description="Finish Trx org.apache.catalina.core.ApplicationContextFacade@1f00c594 | null"
Logback 2025-04-17 04:22:22 INFO  o.g.c.f.AppMonitor:113 - trkid= traceID=3b7ba535cb740a52a752fcaee377d11e span_id=340b8eff8ca8e412 - action=statisticsEvent event=/start-all serviceStatusCode=200 responseTime=200 description="init Trx"
Logback 2025-04-17 04:22:22 DEBUG o.s.w.f.CommonsRequestLoggingFilter:47 - trkid= traceID=3b7ba535cb740a52a752fcaee377d11e span_id=340b8eff8ca8e412 - Before request [GET /start-all, client=172.19.0.3, headers=[accept:"application/json, text/plain, */*", user-agent:"axios/1.7.9", accept-encoding:"gzip, compress, deflate, br", traceparent:"00-3b7ba535cb740a52a752fcaee377d11e-c4d9b916f6068ef9-01", host:"ms-hello-observability-services.applications.svc.cluster.local:8080", connection:"close"]]
Logback 2025-04-17 04:22:23 INFO  o.g.c.f.AppMonitor:113 - trkid= traceID=dfcc80de4ff72fb0c071e665b354d368 span_id=b1672e181d10d179 - action=statisticsEvent event=/start-all serviceStatusCode=200 responseTime=200 description="init Trx"
Logback 2025-04-17 04:22:23 DEBUG o.s.w.f.CommonsRequestLoggingFilter:47 - trkid= traceID=dfcc80de4ff72fb0c071e665b354d368 span_id=b1672e181d10d179 - Before request [GET /start-all, client=172.19.0.1, headers=[x-request-id:"start-chile", user-agent:"PostmanRuntime/7.43.3", accept:"*/*", cache-control:"no-cache", postman-token:"3f703a67-beed-41a2-832c-4b6e97083d78", host:"localhost:8080", accept-encoding:"gzip, deflate, br", connection:"keep-alive"]]
Logback 2025-04-17 04:22:24 DEBUG o.s.w.f.CommonsRequestLoggingFilter:55 - trkid= traceID=3b7ba535cb740a52a752fcaee377d11e span_id=340b8eff8ca8e412 - After request [GET /start-all, client=172.19.0.3, headers=[accept:"application/json, text/plain, */*", user-agent:"axios/1.7.9", accept-encoding:"gzip, compress, deflate, br", traceparent:"00-3b7ba535cb740a52a752fcaee377d11e-c4d9b916f6068ef9-01", host:"ms-hello-observability-services.applications.svc.cluster.local:8080", connection:"close"]]
Logback 2025-04-17 04:22:24 INFO  o.g.c.f.AppMonitor:113 - trkid= traceID=3b7ba535cb740a52a752fcaee377d11e span_id=340b8eff8ca8e412 - action=statisticsRequest uri=/start-all responseStatus=200 serviceStatusCode=200 httpStatusCode=200 responseTime=2291 description="Finish Trx org.apache.catalina.core.ApplicationContextFacade@1f00c594 | null"
Logback 2025-04-17 04:22:26 DEBUG o.s.w.f.CommonsRequestLoggingFilter:55 - trkid= traceID=dfcc80de4ff72fb0c071e665b354d368 span_id=b1672e181d10d179 - After request [GET /start-all, client=172.19.0.1, headers=[x-request-id:"start-chile", user-agent:"PostmanRuntime/7.43.3", accept:"*/*", cache-control:"no-cache", postman-token:"3f703a67-beed-41a2-832c-4b6e97083d78", host:"localhost:8080", accept-encoding:"gzip, deflate, br", connection:"keep-alive"]]
Logback 2025-04-17 04:22:26 INFO  o.g.c.f.AppMonitor:113 - trkid= traceID=dfcc80de4ff72fb0c071e665b354d368 span_id=b1672e181d10d179 - action=statisticsRequest uri=/start-all responseStatus=200 serviceStatusCode=200 httpStatusCode=200 responseTime=2916 description="Finish Trx org.apache.catalina.core.ApplicationContextFacade@1f00c594 | null"
Logback 2025-04-17 04:22:28 INFO  o.g.c.f.AppMonitor:113 - trkid= traceID=e16b642b8f30487dccf05a13d6cbe820 span_id=35a8d5d405c52d8f - action=statisticsEvent event=/posts-feing/90 serviceStatusCode=200 responseTime=200 description="init Trx"
Logback 2025-04-17 04:22:28 DEBUG o.s.w.f.CommonsRequestLoggingFilter:47 - trkid= traceID=e16b642b8f30487dccf05a13d6cbe820 span_id=35a8d5d405c52d8f - Before request [GET /posts-feing/90?x-request-id=post-peru, client=172.19.0.1, headers=[user-agent:"PostmanRuntime/7.43.3", accept:"*/*", cache-control:"no-cache", postman-token:"4bdf1b22-7a0a-4b45-abca-3f27e1cb6c8e", host:"localhost:8080", accept-encoding:"gzip, deflate, br", connection:"keep-alive"]]
Logback 2025-04-17 04:22:28 DEBUG o.s.w.f.CommonsRequestLoggingFilter:55 - trkid= traceID=e16b642b8f30487dccf05a13d6cbe820 span_id=35a8d5d405c52d8f - After request [GET /posts-feing/90?x-request-id=post-peru, client=172.19.0.1, headers=[user-agent:"PostmanRuntime/7.43.3", accept:"*/*", cache-control:"no-cache", postman-token:"4bdf1b22-7a0a-4b45-abca-3f27e1cb6c8e", host:"localhost:8080", accept-encoding:"gzip, deflate, br", connection:"keep-alive"]]
Logback 2025-04-17 04:22:28 INFO  o.g.c.f.AppMonitor:113 - trkid= traceID=e16b642b8f30487dccf05a13d6cbe820 span_id=35a8d5d405c52d8f - action=statisticsRequest uri=/posts-feing/90 responseStatus=200 serviceStatusCode=200 httpStatusCode=200 responseTime=147 description="Finish Trx org.apache.catalina.core.ApplicationContextFacade@1f00c594 | null"
Logback 2025-04-17 04:22:30 INFO  o.g.c.f.AppMonitor:113 - trkid= traceID=55b5ab9334833fb6b96e09743a700093 span_id=61f298b3aea0c58f - action=statisticsEvent event=/posts-feing/40 serviceStatusCode=200 responseTime=200 description="init Trx"
Logback 2025-04-17 04:22:30 DEBUG o.s.w.f.CommonsRequestLoggingFilter:47 - trkid= traceID=55b5ab9334833fb6b96e09743a700093 span_id=61f298b3aea0c58f - Before request [GET /posts-feing/40?x-request-id=post-arg, client=172.19.0.1, headers=[user-agent:"PostmanRuntime/7.43.3", accept:"*/*", cache-control:"no-cache", postman-token:"ec1b5116-0505-4309-8d00-e97c82cb33a2", host:"localhost:8080", accept-encoding:"gzip, deflate, br", connection:"keep-alive"]]
Logback 2025-04-17 04:22:30 DEBUG o.s.w.f.CommonsRequestLoggingFilter:55 - trkid= traceID=55b5ab9334833fb6b96e09743a700093 span_id=61f298b3aea0c58f - After request [GET /posts-feing/40?x-request-id=post-arg, client=172.19.0.1, headers=[user-agent:"PostmanRuntime/7.43.3", accept:"*/*", cache-control:"no-cache", postman-token:"ec1b5116-0505-4309-8d00-e97c82cb33a2", host:"localhost:8080", accept-encoding:"gzip, deflate, br", connection:"keep-alive"]]
Logback 2025-04-17 04:22:30 INFO  o.g.c.f.AppMonitor:113 - trkid= traceID=55b5ab9334833fb6b96e09743a700093 span_id=61f298b3aea0c58f - action=statisticsRequest uri=/posts-feing/40 responseStatus=200 serviceStatusCode=200 httpStatusCode=200 responseTime=41 description="Finish Trx org.apache.catalina.core.ApplicationContextFacade@1f00c594 | null"
Logback 2025-04-17 04:22:32 INFO  o.g.c.f.AppMonitor:113 - trkid= traceID=ff26d592251cf9b0acdd3e6ea54402a7 span_id=0f2596dc9e1c505f - action=statisticsEvent event=/start-customer serviceStatusCode=200 responseTime=200 description="init Trx"
Logback 2025-04-17 04:22:32 DEBUG o.s.w.f.CommonsRequestLoggingFilter:47 - trkid= traceID=ff26d592251cf9b0acdd3e6ea54402a7 span_id=0f2596dc9e1c505f - Before request [GET /start-customer?x-request-id=customer-brasil, client=172.19.0.1, headers=[user-agent:"PostmanRuntime/7.43.3", accept:"*/*", cache-control:"no-cache", postman-token:"20237707-8752-411a-a44c-838652c6a6fd", host:"localhost:8080", accept-encoding:"gzip, deflate, br", connection:"keep-alive"]]
Logback 2025-04-17 04:22:33 DEBUG o.s.w.f.CommonsRequestLoggingFilter:55 - trkid= traceID=ff26d592251cf9b0acdd3e6ea54402a7 span_id=0f2596dc9e1c505f - After request [GET /start-customer?x-request-id=customer-brasil, client=172.19.0.1, headers=[user-agent:"PostmanRuntime/7.43.3", accept:"*/*", cache-control:"no-cache", postman-token:"20237707-8752-411a-a44c-838652c6a6fd", host:"localhost:8080", accept-encoding:"gzip, deflate, br", connection:"keep-alive"]]
Logback 2025-04-17 04:22:33 INFO  o.g.c.f.AppMonitor:113 - trkid= traceID=ff26d592251cf9b0acdd3e6ea54402a7 span_id=0f2596dc9e1c505f - action=statisticsRequest uri=/start-customer responseStatus=200 serviceStatusCode=200 httpStatusCode=200 responseTime=833 description="Finish Trx org.apache.catalina.core.ApplicationContextFacade@1f00c594 | null"
Logback 2025-04-17 04:22:35 INFO  o.g.c.f.AppMonitor:113 - trkid= traceID=1f668b0246d3953de566f5fa29fadcfe span_id=f40097e9e8c3afeb - action=statisticsEvent event=/start-seller serviceStatusCode=200 responseTime=200 description="init Trx"
Logback 2025-04-17 04:22:35 DEBUG o.s.w.f.CommonsRequestLoggingFilter:47 - trkid= traceID=1f668b0246d3953de566f5fa29fadcfe span_id=f40097e9e8c3afeb - Before request [GET /start-seller?x-request-id=seller-mexico, client=172.19.0.1, headers=[user-agent:"PostmanRuntime/7.43.3", accept:"*/*", cache-control:"no-cache", postman-token:"0cdc61e5-2db6-4296-a084-0124ab580106", host:"localhost:8080", accept-encoding:"gzip, deflate, br", connection:"keep-alive"]]
Logback 2025-04-17 04:22:36 DEBUG o.s.w.f.CommonsRequestLoggingFilter:55 - trkid= traceID=1f668b0246d3953de566f5fa29fadcfe span_id=f40097e9e8c3afeb - After request [GET /start-seller?x-request-id=seller-mexico, client=172.19.0.1, headers=[user-agent:"PostmanRuntime/7.43.3", accept:"*/*", cache-control:"no-cache", postman-token:"0cdc61e5-2db6-4296-a084-0124ab580106", host:"localhost:8080", accept-encoding:"gzip, deflate, br", connection:"keep-alive"]]
Logback 2025-04-17 04:22:36 INFO  o.g.c.f.AppMonitor:113 - trkid= traceID=1f668b0246d3953de566f5fa29fadcfe span_id=f40097e9e8c3afeb - action=statisticsRequest uri=/start-seller responseStatus=200 serviceStatusCode=200 httpStatusCode=200 responseTime=860 description="Finish Trx org.apache.catalina.core.ApplicationContextFacade@1f00c594 | null"
Logback 2025-04-17 04:22:39 INFO  o.g.c.f.AppMonitor:113 - trkid= traceID=226f61864e113e87a28e039d2b45b78f span_id=307d569acffdccd2 - action=statisticsEvent event=/start-all serviceStatusCode=200 responseTime=200 description="init Trx"
Logback 2025-04-17 04:22:39 DEBUG o.s.w.f.CommonsRequestLoggingFilter:47 - trkid= traceID=226f61864e113e87a28e039d2b45b78f span_id=307d569acffdccd2 - Before request [GET /start-all, client=172.19.0.3, headers=[accept:"application/json, text/plain, */*", user-agent:"axios/1.7.9", accept-encoding:"gzip, compress, deflate, br", traceparent:"00-226f61864e113e87a28e039d2b45b78f-47c9b6a8cfb27a59-01", host:"ms-hello-observability-services.applications.svc.cluster.local:8080", connection:"close"]]
Logback 2025-04-17 04:22:41 INFO  o.g.c.f.AppMonitor:113 - trkid= traceID=f2c7ddd891fae4fe016133dcb8bd3975 span_id=1a4a171f29689b81 - action=statisticsEvent event=/start-all serviceStatusCode=200 responseTime=200 description="init Trx"
Logback 2025-04-17 04:22:41 DEBUG o.s.w.f.CommonsRequestLoggingFilter:47 - trkid= traceID=f2c7ddd891fae4fe016133dcb8bd3975 span_id=1a4a171f29689b81 - Before request [GET /start-all, client=172.19.0.1, headers=[x-request-id:"start-chile", user-agent:"PostmanRuntime/7.43.3", accept:"*/*", cache-control:"no-cache", postman-token:"39e572d8-3024-4d50-a531-260e146dc74f", host:"localhost:8080", accept-encoding:"gzip, deflate, br", connection:"keep-alive"]]
Logback 2025-04-17 04:22:41 DEBUG o.s.w.f.CommonsRequestLoggingFilter:55 - trkid= traceID=226f61864e113e87a28e039d2b45b78f span_id=307d569acffdccd2 - After request [GET /start-all, client=172.19.0.3, headers=[accept:"application/json, text/plain, */*", user-agent:"axios/1.7.9", accept-encoding:"gzip, compress, deflate, br", traceparent:"00-226f61864e113e87a28e039d2b45b78f-47c9b6a8cfb27a59-01", host:"ms-hello-observability-services.applications.svc.cluster.local:8080", connection:"close"]]
Logback 2025-04-17 04:22:41 INFO  o.g.c.f.AppMonitor:113 - trkid= traceID=226f61864e113e87a28e039d2b45b78f span_id=307d569acffdccd2 - action=statisticsRequest uri=/start-all responseStatus=200 serviceStatusCode=200 httpStatusCode=200 responseTime=2273 description="Finish Trx org.apache.catalina.core.ApplicationContextFacade@1f00c594 | null"
Logback 2025-04-17 04:22:43 DEBUG o.s.w.f.CommonsRequestLoggingFilter:55 - trkid= traceID=f2c7ddd891fae4fe016133dcb8bd3975 span_id=1a4a171f29689b81 - After request [GET /start-all, client=172.19.0.1, headers=[x-request-id:"start-chile", user-agent:"PostmanRuntime/7.43.3", accept:"*/*", cache-control:"no-cache", postman-token:"39e572d8-3024-4d50-a531-260e146dc74f", host:"localhost:8080", accept-encoding:"gzip, deflate, br", connection:"keep-alive"]]
Logback 2025-04-17 04:22:43 INFO  o.g.c.f.AppMonitor:113 - trkid= traceID=f2c7ddd891fae4fe016133dcb8bd3975 span_id=1a4a171f29689b81 - action=statisticsRequest uri=/start-all responseStatus=200 serviceStatusCode=200 httpStatusCode=200 responseTime=2423 description="Finish Trx org.apache.catalina.core.ApplicationContextFacade@1f00c594 | null"
Logback 2025-04-17 04:22:45 INFO  o.g.c.f.AppMonitor:113 - trkid= traceID=92435a925586a9d8cf2dc1db0c670093 span_id=1e3e0b2d2d47aa39 - action=statisticsEvent event=/posts-feing/90 serviceStatusCode=200 responseTime=200 description="init Trx"
Logback 2025-04-17 04:22:45 DEBUG o.s.w.f.CommonsRequestLoggingFilter:47 - trkid= traceID=92435a925586a9d8cf2dc1db0c670093 span_id=1e3e0b2d2d47aa39 - Before request [GET /posts-feing/90?x-request-id=post-peru, client=172.19.0.1, headers=[user-agent:"PostmanRuntime/7.43.3", accept:"*/*", cache-control:"no-cache", postman-token:"ff7cb5cb-8651-4294-ae78-b1261ce87f36", host:"localhost:8080", accept-encoding:"gzip, deflate, br", connection:"keep-alive"]]
Logback 2025-04-17 04:22:46 DEBUG o.s.w.f.CommonsRequestLoggingFilter:55 - trkid= traceID=92435a925586a9d8cf2dc1db0c670093 span_id=1e3e0b2d2d47aa39 - After request [GET /posts-feing/90?x-request-id=post-peru, client=172.19.0.1, headers=[user-agent:"PostmanRuntime/7.43.3", accept:"*/*", cache-control:"no-cache", postman-token:"ff7cb5cb-8651-4294-ae78-b1261ce87f36", host:"localhost:8080", accept-encoding:"gzip, deflate, br", connection:"keep-alive"]]
Logback 2025-04-17 04:22:46 INFO  o.g.c.f.AppMonitor:113 - trkid= traceID=92435a925586a9d8cf2dc1db0c670093 span_id=1e3e0b2d2d47aa39 - action=statisticsRequest uri=/posts-feing/90 responseStatus=200 serviceStatusCode=200 httpStatusCode=200 responseTime=57 description="Finish Trx org.apache.catalina.core.ApplicationContextFacade@1f00c594 | null"
Logback 2025-04-17 04:22:48 INFO  o.g.c.f.AppMonitor:113 - trkid= traceID=87d7d63979fc7a40801a04ecc35681af span_id=ecfddf83e58e98a6 - action=statisticsEvent event=/posts-feing/40 serviceStatusCode=200 responseTime=200 description="init Trx"
Logback 2025-04-17 04:22:48 DEBUG o.s.w.f.CommonsRequestLoggingFilter:47 - trkid= traceID=87d7d63979fc7a40801a04ecc35681af span_id=ecfddf83e58e98a6 - Before request [GET /posts-feing/40?x-request-id=post-arg, client=172.19.0.1, headers=[user-agent:"PostmanRuntime/7.43.3", accept:"*/*", cache-control:"no-cache", postman-token:"0139cfcc-9fb9-478f-990b-d27149e1aeaa", host:"localhost:8080", accept-encoding:"gzip, deflate, br", connection:"keep-alive"]]
Logback 2025-04-17 04:22:48 DEBUG o.s.w.f.CommonsRequestLoggingFilter:55 - trkid= traceID=87d7d63979fc7a40801a04ecc35681af span_id=ecfddf83e58e98a6 - After request [GET /posts-feing/40?x-request-id=post-arg, client=172.19.0.1, headers=[user-agent:"PostmanRuntime/7.43.3", accept:"*/*", cache-control:"no-cache", postman-token:"0139cfcc-9fb9-478f-990b-d27149e1aeaa", host:"localhost:8080", accept-encoding:"gzip, deflate, br", connection:"keep-alive"]]
Logback 2025-04-17 04:22:48 INFO  o.g.c.f.AppMonitor:113 - trkid= traceID=87d7d63979fc7a40801a04ecc35681af span_id=ecfddf83e58e98a6 - action=statisticsRequest uri=/posts-feing/40 responseStatus=200 serviceStatusCode=200 httpStatusCode=200 responseTime=27 description="Finish Trx org.apache.catalina.core.ApplicationContextFacade@1f00c594 | null"
Logback 2025-04-17 04:22:50 INFO  o.g.c.f.AppMonitor:113 - trkid= traceID=248c0db457cc455d48a188a3f5fe79b0 span_id=b879e930195f35da - action=statisticsEvent event=/start-customer serviceStatusCode=200 responseTime=200 description="init Trx"
Logback 2025-04-17 04:22:50 DEBUG o.s.w.f.CommonsRequestLoggingFilter:47 - trkid= traceID=248c0db457cc455d48a188a3f5fe79b0 span_id=b879e930195f35da - Before request [GET /start-customer?x-request-id=customer-brasil, client=172.19.0.1, headers=[user-agent:"PostmanRuntime/7.43.3", accept:"*/*", cache-control:"no-cache", postman-token:"f6773222-0e13-4bab-9966-4de89ca41d1b", host:"localhost:8080", accept-encoding:"gzip, deflate, br", connection:"keep-alive"]]
Logback 2025-04-17 04:22:51 DEBUG o.s.w.f.CommonsRequestLoggingFilter:55 - trkid= traceID=248c0db457cc455d48a188a3f5fe79b0 span_id=b879e930195f35da - After request [GET /start-customer?x-request-id=customer-brasil, client=172.19.0.1, headers=[user-agent:"PostmanRuntime/7.43.3", accept:"*/*", cache-control:"no-cache", postman-token:"f6773222-0e13-4bab-9966-4de89ca41d1b", host:"localhost:8080", accept-encoding:"gzip, deflate, br", connection:"keep-alive"]]
Logback 2025-04-17 04:22:51 INFO  o.g.c.f.AppMonitor:113 - trkid= traceID=248c0db457cc455d48a188a3f5fe79b0 span_id=b879e930195f35da - action=statisticsRequest uri=/start-customer responseStatus=200 serviceStatusCode=200 httpStatusCode=200 responseTime=905 description="Finish Trx org.apache.catalina.core.ApplicationContextFacade@1f00c594 | null"
Logback 2025-04-17 04:22:52 INFO  o.g.c.f.AppMonitor:113 - trkid= traceID=0cee184f277e40017171833f728e641f span_id=4e484fdacce11f62 - action=statisticsEvent event=/start-seller serviceStatusCode=200 responseTime=200 description="init Trx"
Logback 2025-04-17 04:22:52 DEBUG o.s.w.f.CommonsRequestLoggingFilter:47 - trkid= traceID=0cee184f277e40017171833f728e641f span_id=4e484fdacce11f62 - Before request [GET /start-seller?x-request-id=seller-mexico, client=172.19.0.1, headers=[user-agent:"PostmanRuntime/7.43.3", accept:"*/*", cache-control:"no-cache", postman-token:"15fba2bb-636d-4243-a3e9-01285deab18b", host:"localhost:8080", accept-encoding:"gzip, deflate, br", connection:"keep-alive"]]
Logback 2025-04-17 04:22:53 DEBUG o.s.w.f.CommonsRequestLoggingFilter:55 - trkid= traceID=0cee184f277e40017171833f728e641f span_id=4e484fdacce11f62 - After request [GET /start-seller?x-request-id=seller-mexico, client=172.19.0.1, headers=[user-agent:"PostmanRuntime/7.43.3", accept:"*/*", cache-control:"no-cache", postman-token:"15fba2bb-636d-4243-a3e9-01285deab18b", host:"localhost:8080", accept-encoding:"gzip, deflate, br", connection:"keep-alive"]]
Logback 2025-04-17 04:22:53 INFO  o.g.c.f.AppMonitor:113 - trkid= traceID=0cee184f277e40017171833f728e641f span_id=4e484fdacce11f62 - action=statisticsRequest uri=/start-seller responseStatus=200 serviceStatusCode=200 httpStatusCode=200 responseTime=1301 description="Finish Trx org.apache.catalina.core.ApplicationContextFacade@1f00c594 | null"
Logback 2025-04-17 04:22:55 INFO  o.g.c.f.AppMonitor:113 - trkid= traceID=209890483acfd9d6ba9e5d41d62982ac span_id=4710aaebe450df9d - action=statisticsEvent event=/start-all serviceStatusCode=200 responseTime=200 description="init Trx"
Logback 2025-04-17 04:22:55 DEBUG o.s.w.f.CommonsRequestLoggingFilter:47 - trkid= traceID=209890483acfd9d6ba9e5d41d62982ac span_id=4710aaebe450df9d - Before request [GET /start-all, client=172.19.0.3, headers=[accept:"application/json, text/plain, */*", user-agent:"axios/1.7.9", accept-encoding:"gzip, compress, deflate, br", traceparent:"00-209890483acfd9d6ba9e5d41d62982ac-f1e627cd22c76a70-01", host:"ms-hello-observability-services.applications.svc.cluster.local:8080", connection:"close"]]
Logback 2025-04-17 04:22:56 DEBUG o.s.w.f.CommonsRequestLoggingFilter:55 - trkid= traceID=209890483acfd9d6ba9e5d41d62982ac span_id=4710aaebe450df9d - After request [GET /start-all, client=172.19.0.3, headers=[accept:"application/json, text/plain, */*", user-agent:"axios/1.7.9", accept-encoding:"gzip, compress, deflate, br", traceparent:"00-209890483acfd9d6ba9e5d41d62982ac-f1e627cd22c76a70-01", host:"ms-hello-observability-services.applications.svc.cluster.local:8080", connection:"close"]]
Logback 2025-04-17 04:22:56 INFO  o.g.c.f.AppMonitor:113 - trkid= traceID=209890483acfd9d6ba9e5d41d62982ac span_id=4710aaebe450df9d - action=statisticsRequest uri=/start-all responseStatus=200 serviceStatusCode=200 httpStatusCode=200 responseTime=559 description="Finish Trx org.apache.catalina.core.ApplicationContextFacade@1f00c594 | null"
Logback 2025-04-17 04:22:57 INFO  o.g.c.f.AppMonitor:113 - trkid= traceID=d9bd8106c2d16bfdbaa767500fc62fa2 span_id=f8b1e99bf4c3614d - action=statisticsEvent event=/start-all serviceStatusCode=200 responseTime=200 description="init Trx"
Logback 2025-04-17 04:22:57 DEBUG o.s.w.f.CommonsRequestLoggingFilter:47 - trkid= traceID=d9bd8106c2d16bfdbaa767500fc62fa2 span_id=f8b1e99bf4c3614d - Before request [GET /start-all, client=172.19.0.1, headers=[x-request-id:"start-chile", user-agent:"PostmanRuntime/7.43.3", accept:"*/*", cache-control:"no-cache", postman-token:"469c5bb8-08a6-4765-a30d-d230a0c75a76", host:"localhost:8080", accept-encoding:"gzip, deflate, br", connection:"keep-alive"]]
Logback 2025-04-17 04:23:00 DEBUG o.s.w.f.CommonsRequestLoggingFilter:55 - trkid= traceID=d9bd8106c2d16bfdbaa767500fc62fa2 span_id=f8b1e99bf4c3614d - After request [GET /start-all, client=172.19.0.1, headers=[x-request-id:"start-chile", user-agent:"PostmanRuntime/7.43.3", accept:"*/*", cache-control:"no-cache", postman-token:"469c5bb8-08a6-4765-a30d-d230a0c75a76", host:"localhost:8080", accept-encoding:"gzip, deflate, br", connection:"keep-alive"]]
Logback 2025-04-17 04:23:00 INFO  o.g.c.f.AppMonitor:113 - trkid= traceID=d9bd8106c2d16bfdbaa767500fc62fa2 span_id=f8b1e99bf4c3614d - action=statisticsRequest uri=/start-all responseStatus=200 serviceStatusCode=200 httpStatusCode=200 responseTime=2716 description="Finish Trx org.apache.catalina.core.ApplicationContextFacade@1f00c594 | null"
Logback 2025-04-17 04:23:02 INFO  o.g.c.f.AppMonitor:113 - trkid= traceID=3adae69f26669ee212a63f768c4551f2 span_id=e15a7238aca42765 - action=statisticsEvent event=/posts-feing/90 serviceStatusCode=200 responseTime=200 description="init Trx"
Logback 2025-04-17 04:23:02 DEBUG o.s.w.f.CommonsRequestLoggingFilter:47 - trkid= traceID=3adae69f26669ee212a63f768c4551f2 span_id=e15a7238aca42765 - Before request [GET /posts-feing/90?x-request-id=post-peru, client=172.19.0.1, headers=[user-agent:"PostmanRuntime/7.43.3", accept:"*/*", cache-control:"no-cache", postman-token:"7600dc5d-524e-476f-8ab0-28421213771c", host:"localhost:8080", accept-encoding:"gzip, deflate, br", connection:"keep-alive"]]
Logback 2025-04-17 04:23:02 DEBUG o.s.w.f.CommonsRequestLoggingFilter:55 - trkid= traceID=3adae69f26669ee212a63f768c4551f2 span_id=e15a7238aca42765 - After request [GET /posts-feing/90?x-request-id=post-peru, client=172.19.0.1, headers=[user-agent:"PostmanRuntime/7.43.3", accept:"*/*", cache-control:"no-cache", postman-token:"7600dc5d-524e-476f-8ab0-28421213771c", host:"localhost:8080", accept-encoding:"gzip, deflate, br", connection:"keep-alive"]]
Logback 2025-04-17 04:23:02 INFO  o.g.c.f.AppMonitor:113 - trkid= traceID=3adae69f26669ee212a63f768c4551f2 span_id=e15a7238aca42765 - action=statisticsRequest uri=/posts-feing/90 responseStatus=200 serviceStatusCode=200 httpStatusCode=200 responseTime=59 description="Finish Trx org.apache.catalina.core.ApplicationContextFacade@1f00c594 | null"
Logback 2025-04-17 04:23:04 INFO  o.g.c.f.AppMonitor:113 - trkid= traceID=de8d80271e919ee4b639279ed120349b span_id=1ab957f1f20f61fc - action=statisticsEvent event=/posts-feing/40 serviceStatusCode=200 responseTime=200 description="init Trx"
Logback 2025-04-17 04:23:04 DEBUG o.s.w.f.CommonsRequestLoggingFilter:47 - trkid= traceID=de8d80271e919ee4b639279ed120349b span_id=1ab957f1f20f61fc - Before request [GET /posts-feing/40?x-request-id=post-arg, client=172.19.0.1, headers=[user-agent:"PostmanRuntime/7.43.3", accept:"*/*", cache-control:"no-cache", postman-token:"1888f761-cc67-4315-a1ac-561b81ed7f00", host:"localhost:8080", accept-encoding:"gzip, deflate, br", connection:"keep-alive"]]
Logback 2025-04-17 04:23:05 DEBUG o.s.w.f.CommonsRequestLoggingFilter:55 - trkid= traceID=de8d80271e919ee4b639279ed120349b span_id=1ab957f1f20f61fc - After request [GET /posts-feing/40?x-request-id=post-arg, client=172.19.0.1, headers=[user-agent:"PostmanRuntime/7.43.3", accept:"*/*", cache-control:"no-cache", postman-token:"1888f761-cc67-4315-a1ac-561b81ed7f00", host:"localhost:8080", accept-encoding:"gzip, deflate, br", connection:"keep-alive"]]
Logback 2025-04-17 04:23:05 INFO  o.g.c.f.AppMonitor:113 - trkid= traceID=de8d80271e919ee4b639279ed120349b span_id=1ab957f1f20f61fc - action=statisticsRequest uri=/posts-feing/40 responseStatus=200 serviceStatusCode=200 httpStatusCode=200 responseTime=146 description="Finish Trx org.apache.catalina.core.ApplicationContextFacade@1f00c594 | null"
Logback 2025-04-17 04:23:07 INFO  o.g.c.f.AppMonitor:113 - trkid= traceID=b0865cf4a2a4e4a6af4affd2408845da span_id=3666c23f2d98512d - action=statisticsEvent event=/start-customer serviceStatusCode=200 responseTime=200 description="init Trx"
Logback 2025-04-17 04:23:07 DEBUG o.s.w.f.CommonsRequestLoggingFilter:47 - trkid= traceID=b0865cf4a2a4e4a6af4affd2408845da span_id=3666c23f2d98512d - Before request [GET /start-customer?x-request-id=customer-brasil, client=172.19.0.1, headers=[user-agent:"PostmanRuntime/7.43.3", accept:"*/*", cache-control:"no-cache", postman-token:"df707269-6e88-4f7e-981d-e5f0852bb09a", host:"localhost:8080", accept-encoding:"gzip, deflate, br", connection:"keep-alive"]]
Logback 2025-04-17 04:23:07 DEBUG o.s.w.f.CommonsRequestLoggingFilter:55 - trkid= traceID=b0865cf4a2a4e4a6af4affd2408845da span_id=3666c23f2d98512d - After request [GET /start-customer?x-request-id=customer-brasil, client=172.19.0.1, headers=[user-agent:"PostmanRuntime/7.43.3", accept:"*/*", cache-control:"no-cache", postman-token:"df707269-6e88-4f7e-981d-e5f0852bb09a", host:"localhost:8080", accept-encoding:"gzip, deflate, br", connection:"keep-alive"]]
Logback 2025-04-17 04:23:07 INFO  o.g.c.f.AppMonitor:113 - trkid= traceID=b0865cf4a2a4e4a6af4affd2408845da span_id=3666c23f2d98512d - action=statisticsRequest uri=/start-customer responseStatus=200 serviceStatusCode=200 httpStatusCode=200 responseTime=369 description="Finish Trx org.apache.catalina.core.ApplicationContextFacade@1f00c594 | null"
Logback 2025-04-17 04:23:09 INFO  o.g.c.f.AppMonitor:113 - trkid= traceID=27401285abe29d48f932489fd6979b9c span_id=e423af06ac611b80 - action=statisticsEvent event=/start-seller serviceStatusCode=200 responseTime=200 description="init Trx"
Logback 2025-04-17 04:23:09 DEBUG o.s.w.f.CommonsRequestLoggingFilter:47 - trkid= traceID=27401285abe29d48f932489fd6979b9c span_id=e423af06ac611b80 - Before request [GET /start-seller?x-request-id=seller-mexico, client=172.19.0.1, headers=[user-agent:"PostmanRuntime/7.43.3", accept:"*/*", cache-control:"no-cache", postman-token:"87fccf19-2005-4f4b-b049-50cf5f4b9c1d", host:"localhost:8080", accept-encoding:"gzip, deflate, br", connection:"keep-alive"]]
Logback 2025-04-17 04:23:09 DEBUG o.s.w.f.CommonsRequestLoggingFilter:55 - trkid= traceID=27401285abe29d48f932489fd6979b9c span_id=e423af06ac611b80 - After request [GET /start-seller?x-request-id=seller-mexico, client=172.19.0.1, headers=[user-agent:"PostmanRuntime/7.43.3", accept:"*/*", cache-control:"no-cache", postman-token:"87fccf19-2005-4f4b-b049-50cf5f4b9c1d", host:"localhost:8080", accept-encoding:"gzip, deflate, br", connection:"keep-alive"]]
Logback 2025-04-17 04:23:09 ERROR o.a.c.c.C.[.[.[.[dispatcherServlet]:175 - trkid= traceID=27401285abe29d48f932489fd6979b9c span_id=e423af06ac611b80 - Servlet.service() for servlet [dispatcherServlet] in context with path [] threw exception
java.io.IOException: Random error with /start-seller!
	at org.grafana.controller.PrincipalController.randomError(PrincipalController.java:162)
	at org.grafana.controller.PrincipalController.startSeller(PrincipalController.java:111)
	at java.base/jdk.internal.reflect.NativeMethodAccessorImpl.invoke0(Native Method)
	at java.base/jdk.internal.reflect.NativeMethodAccessorImpl.invoke(NativeMethodAccessorImpl.java:77)
	at java.base/jdk.internal.reflect.DelegatingMethodAccessorImpl.invoke(DelegatingMethodAccessorImpl.java:43)
	at java.base/java.lang.reflect.Method.invoke(Method.java:568)
	at org.springframework.web.method.support.InvocableHandlerMethod.doInvoke(InvocableHandlerMethod.java:205)
	at org.springframework.web.method.support.InvocableHandlerMethod.invokeForRequest(InvocableHandlerMethod.java:150)
	at org.springframework.web.servlet.mvc.method.annotation.ServletInvocableHandlerMethod.invokeAndHandle(ServletInvocableHandlerMethod.java:117)
	at org.springframework.web.servlet.mvc.method.annotation.RequestMappingHandlerAdapter.invokeHandlerMethod(RequestMappingHandlerAdapter.java:895)
	at org.springframework.web.servlet.mvc.method.annotation.RequestMappingHandlerAdapter.handleInternal(RequestMappingHandlerAdapter.java:808)
	at org.springframework.web.servlet.mvc.method.AbstractHandlerMethodAdapter.handle(AbstractHandlerMethodAdapter.java:87)
	at org.springframework.web.servlet.DispatcherServlet.doDispatch(DispatcherServlet.java:1072)
	at org.springframework.web.servlet.DispatcherServlet.doService(DispatcherServlet.java:965)
	at org.springframework.web.servlet.FrameworkServlet.processRequest(FrameworkServlet.java:1006)
	at org.springframework.web.servlet.FrameworkServlet.doGet(FrameworkServlet.java:898)
	at javax.servlet.http.HttpServlet.service(HttpServlet.java:529)
	at org.springframework.web.servlet.FrameworkServlet.service(FrameworkServlet.java:883)
	at javax.servlet.http.HttpServlet.service(HttpServlet.java:623)
	at org.apache.catalina.core.ApplicationFilterChain.internalDoFilter(ApplicationFilterChain.java:209)
	at org.apache.catalina.core.ApplicationFilterChain.doFilter(ApplicationFilterChain.java:153)
	at org.apache.tomcat.websocket.server.WsFilter.doFilter(WsFilter.java:51)
	at org.apache.catalina.core.ApplicationFilterChain.internalDoFilter(ApplicationFilterChain.java:178)
	at org.apache.catalina.core.ApplicationFilterChain.doFilter(ApplicationFilterChain.java:153)
	at org.springframework.web.filter.AbstractRequestLoggingFilter.doFilterInternal(AbstractRequestLoggingFilter.java:289)
	at org.springframework.web.filter.OncePerRequestFilter.doFilter(OncePerRequestFilter.java:117)
	at org.apache.catalina.core.ApplicationFilterChain.internalDoFilter(ApplicationFilterChain.java:178)
	at org.apache.catalina.core.ApplicationFilterChain.doFilter(ApplicationFilterChain.java:153)
	at org.grafana.config.filter.FilterAsInterceptorAdapter.doFilter(FilterAsInterceptorAdapter.java:25)
	at org.apache.catalina.core.ApplicationFilterChain.internalDoFilter(ApplicationFilterChain.java:178)
	at org.apache.catalina.core.ApplicationFilterChain.doFilter(ApplicationFilterChain.java:153)
	at org.springframework.web.filter.RequestContextFilter.doFilterInternal(RequestContextFilter.java:100)
	at org.springframework.web.filter.OncePerRequestFilter.doFilter(OncePerRequestFilter.java:117)
	at org.apache.catalina.core.ApplicationFilterChain.internalDoFilter(ApplicationFilterChain.java:178)
	at org.apache.catalina.core.ApplicationFilterChain.doFilter(ApplicationFilterChain.java:153)
	at org.springframework.web.filter.FormContentFilter.doFilterInternal(FormContentFilter.java:93)
	at org.springframework.web.filter.OncePerRequestFilter.doFilter(OncePerRequestFilter.java:117)
	at org.apache.catalina.core.ApplicationFilterChain.internalDoFilter(ApplicationFilterChain.java:178)
	at org.apache.catalina.core.ApplicationFilterChain.doFilter(ApplicationFilterChain.java:153)
	at org.springframework.web.servlet.v3_1.OpenTelemetryHandlerMappingFilter.doFilter(OpenTelemetryHandlerMappingFilter.java:83)
	at org.apache.catalina.core.ApplicationFilterChain.internalDoFilter(ApplicationFilterChain.java:178)
	at org.apache.catalina.core.ApplicationFilterChain.doFilter(ApplicationFilterChain.java:153)
	at org.springframework.boot.actuate.metrics.web.servlet.WebMvcMetricsFilter.doFilterInternal(WebMvcMetricsFilter.java:96)
	at org.springframework.web.filter.OncePerRequestFilter.doFilter(OncePerRequestFilter.java:117)
	at org.apache.catalina.core.ApplicationFilterChain.internalDoFilter(ApplicationFilterChain.java:178)
	at org.apache.catalina.core.ApplicationFilterChain.doFilter(ApplicationFilterChain.java:153)
	at org.springframework.web.filter.CharacterEncodingFilter.doFilterInternal(CharacterEncodingFilter.java:201)
	at org.springframework.web.filter.OncePerRequestFilter.doFilter(OncePerRequestFilter.java:117)
	at org.apache.catalina.core.ApplicationFilterChain.internalDoFilter(ApplicationFilterChain.java:178)
	at org.apache.catalina.core.ApplicationFilterChain.doFilter(ApplicationFilterChain.java:153)
	at org.apache.catalina.core.StandardWrapperValve.invoke(StandardWrapperValve.java:168)
	at org.apache.catalina.core.StandardContextValve.invoke(StandardContextValve.java:90)
	at org.apache.catalina.authenticator.AuthenticatorBase.invoke(AuthenticatorBase.java:481)
	at org.apache.catalina.core.StandardHostValve.invoke(StandardHostValve.java:130)
	at org.apache.catalina.valves.ErrorReportValve.invoke(ErrorReportValve.java:93)
	at org.apache.catalina.core.StandardEngineValve.invoke(StandardEngineValve.java:74)
	at org.apache.catalina.valves.AbstractAccessLogValve.invoke(AbstractAccessLogValve.java:670)
	at org.apache.catalina.connector.CoyoteAdapter.service(CoyoteAdapter.java:342)
	at org.apache.coyote.http11.Http11Processor.service(Http11Processor.java:390)
	at org.apache.coyote.AbstractProcessorLight.process(AbstractProcessorLight.java:63)
	at org.apache.coyote.AbstractProtocol$ConnectionHandler.process(AbstractProtocol.java:928)
	at org.apache.tomcat.util.net.NioEndpoint$SocketProcessor.doRun(NioEndpoint.java:1794)
	at org.apache.tomcat.util.net.SocketProcessorBase.run(SocketProcessorBase.java:52)
	at org.apache.tomcat.util.threads.ThreadPoolExecutor.runWorker(ThreadPoolExecutor.java:1191)
	at org.apache.tomcat.util.threads.ThreadPoolExecutor$Worker.run(ThreadPoolExecutor.java:659)
	at org.apache.tomcat.util.threads.TaskThread$WrappingRunnable.run(TaskThread.java:61)
	at java.base/java.lang.Thread.run(Thread.java:833)
Logback 2025-04-17 04:23:11 INFO  o.g.c.f.AppMonitor:113 - trkid= traceID=323fdf98a66cd565367cfb44595eff92 span_id=7709ec6aa63f85cc - action=statisticsEvent event=/start-all serviceStatusCode=200 responseTime=200 description="init Trx"
Logback 2025-04-17 04:23:11 DEBUG o.s.w.f.CommonsRequestLoggingFilter:47 - trkid= traceID=323fdf98a66cd565367cfb44595eff92 span_id=7709ec6aa63f85cc - Before request [GET /start-all, client=172.19.0.3, headers=[accept:"application/json, text/plain, */*", user-agent:"axios/1.7.9", accept-encoding:"gzip, compress, deflate, br", traceparent:"00-323fdf98a66cd565367cfb44595eff92-1807b5ff3c142f99-01", host:"ms-hello-observability-services.applications.svc.cluster.local:8080", connection:"close"]]
Logback 2025-04-17 04:23:13 DEBUG o.s.w.f.CommonsRequestLoggingFilter:55 - trkid= traceID=323fdf98a66cd565367cfb44595eff92 span_id=7709ec6aa63f85cc - After request [GET /start-all, client=172.19.0.3, headers=[accept:"application/json, text/plain, */*", user-agent:"axios/1.7.9", accept-encoding:"gzip, compress, deflate, br", traceparent:"00-323fdf98a66cd565367cfb44595eff92-1807b5ff3c142f99-01", host:"ms-hello-observability-services.applications.svc.cluster.local:8080", connection:"close"]]
Logback 2025-04-17 04:23:13 INFO  o.g.c.f.AppMonitor:113 - trkid= traceID=323fdf98a66cd565367cfb44595eff92 span_id=7709ec6aa63f85cc - action=statisticsRequest uri=/start-all responseStatus=200 serviceStatusCode=200 httpStatusCode=200 responseTime=2071 description="Finish Trx org.apache.catalina.core.ApplicationContextFacade@1f00c594 | null"
Logback 2025-04-17 04:23:14 INFO  o.g.c.f.AppMonitor:113 - trkid= traceID=981da39b6c68b4aed836c2c954984d35 span_id=45c7ad71c3a70042 - action=statisticsEvent event=/start-all serviceStatusCode=200 responseTime=200 description="init Trx"
Logback 2025-04-17 04:23:14 DEBUG o.s.w.f.CommonsRequestLoggingFilter:47 - trkid= traceID=981da39b6c68b4aed836c2c954984d35 span_id=45c7ad71c3a70042 - Before request [GET /start-all, client=172.19.0.1, headers=[x-request-id:"start-chile", user-agent:"PostmanRuntime/7.43.3", accept:"*/*", cache-control:"no-cache", postman-token:"8cd32889-f698-4e82-95d8-6851909ff673", host:"localhost:8080", accept-encoding:"gzip, deflate, br", connection:"keep-alive"]]
Logback 2025-04-17 04:23:16 DEBUG o.s.w.f.CommonsRequestLoggingFilter:55 - trkid= traceID=981da39b6c68b4aed836c2c954984d35 span_id=45c7ad71c3a70042 - After request [GET /start-all, client=172.19.0.1, headers=[x-request-id:"start-chile", user-agent:"PostmanRuntime/7.43.3", accept:"*/*", cache-control:"no-cache", postman-token:"8cd32889-f698-4e82-95d8-6851909ff673", host:"localhost:8080", accept-encoding:"gzip, deflate, br", connection:"keep-alive"]]
Logback 2025-04-17 04:23:16 INFO  o.g.c.f.AppMonitor:113 - trkid= traceID=981da39b6c68b4aed836c2c954984d35 span_id=45c7ad71c3a70042 - action=statisticsRequest uri=/start-all responseStatus=200 serviceStatusCode=200 httpStatusCode=200 responseTime=2709 description="Finish Trx org.apache.catalina.core.ApplicationContextFacade@1f00c594 | null"
Logback 2025-04-17 04:23:18 INFO  o.g.c.f.AppMonitor:113 - trkid= traceID=1375dda607a67d12099aa5947092988f span_id=1ed348e786ca6f8b - action=statisticsEvent event=/posts-feing/90 serviceStatusCode=200 responseTime=200 description="init Trx"
Logback 2025-04-17 04:23:18 DEBUG o.s.w.f.CommonsRequestLoggingFilter:47 - trkid= traceID=1375dda607a67d12099aa5947092988f span_id=1ed348e786ca6f8b - Before request [GET /posts-feing/90?x-request-id=post-peru, client=172.19.0.1, headers=[user-agent:"PostmanRuntime/7.43.3", accept:"*/*", cache-control:"no-cache", postman-token:"57995b5d-d908-4c52-a227-aa13d3a564e5", host:"localhost:8080", accept-encoding:"gzip, deflate, br", connection:"keep-alive"]]
Logback 2025-04-17 04:23:18 DEBUG o.s.w.f.CommonsRequestLoggingFilter:55 - trkid= traceID=1375dda607a67d12099aa5947092988f span_id=1ed348e786ca6f8b - After request [GET /posts-feing/90?x-request-id=post-peru, client=172.19.0.1, headers=[user-agent:"PostmanRuntime/7.43.3", accept:"*/*", cache-control:"no-cache", postman-token:"57995b5d-d908-4c52-a227-aa13d3a564e5", host:"localhost:8080", accept-encoding:"gzip, deflate, br", connection:"keep-alive"]]
Logback 2025-04-17 04:23:18 INFO  o.g.c.f.AppMonitor:113 - trkid= traceID=1375dda607a67d12099aa5947092988f span_id=1ed348e786ca6f8b - action=statisticsRequest uri=/posts-feing/90 responseStatus=200 serviceStatusCode=200 httpStatusCode=200 responseTime=65 description="Finish Trx org.apache.catalina.core.ApplicationContextFacade@1f00c594 | null"
Logback 2025-04-17 04:23:20 INFO  o.g.c.f.AppMonitor:113 - trkid= traceID=2ef9dd71a5c751a08250657fcc13f535 span_id=e59d790402f74f20 - action=statisticsEvent event=/posts-feing/40 serviceStatusCode=200 responseTime=200 description="init Trx"
Logback 2025-04-17 04:23:20 DEBUG o.s.w.f.CommonsRequestLoggingFilter:47 - trkid= traceID=2ef9dd71a5c751a08250657fcc13f535 span_id=e59d790402f74f20 - Before request [GET /posts-feing/40?x-request-id=post-arg, client=172.19.0.1, headers=[user-agent:"PostmanRuntime/7.43.3", accept:"*/*", cache-control:"no-cache", postman-token:"29d48301-a6a6-4602-a7fb-4026f750d2da", host:"localhost:8080", accept-encoding:"gzip, deflate, br", connection:"keep-alive"]]
Logback 2025-04-17 04:23:20 DEBUG o.s.w.f.CommonsRequestLoggingFilter:55 - trkid= traceID=2ef9dd71a5c751a08250657fcc13f535 span_id=e59d790402f74f20 - After request [GET /posts-feing/40?x-request-id=post-arg, client=172.19.0.1, headers=[user-agent:"PostmanRuntime/7.43.3", accept:"*/*", cache-control:"no-cache", postman-token:"29d48301-a6a6-4602-a7fb-4026f750d2da", host:"localhost:8080", accept-encoding:"gzip, deflate, br", connection:"keep-alive"]]
Logback 2025-04-17 04:23:20 INFO  o.g.c.f.AppMonitor:113 - trkid= traceID=2ef9dd71a5c751a08250657fcc13f535 span_id=e59d790402f74f20 - action=statisticsRequest uri=/posts-feing/40 responseStatus=200 serviceStatusCode=200 httpStatusCode=200 responseTime=28 description="Finish Trx org.apache.catalina.core.ApplicationContextFacade@1f00c594 | null"
Logback 2025-04-17 04:23:22 INFO  o.g.c.f.AppMonitor:113 - trkid= traceID=809c2d864811ce99a3819e9414ff23ee span_id=ef2f28c90f83b0e5 - action=statisticsEvent event=/start-customer serviceStatusCode=200 responseTime=200 description="init Trx"
Logback 2025-04-17 04:23:22 DEBUG o.s.w.f.CommonsRequestLoggingFilter:47 - trkid= traceID=809c2d864811ce99a3819e9414ff23ee span_id=ef2f28c90f83b0e5 - Before request [GET /start-customer?x-request-id=customer-brasil, client=172.19.0.1, headers=[user-agent:"PostmanRuntime/7.43.3", accept:"*/*", cache-control:"no-cache", postman-token:"ee30cd3f-1272-45ca-a93e-574f214ec172", host:"localhost:8080", accept-encoding:"gzip, deflate, br", connection:"keep-alive"]]
Logback 2025-04-17 04:23:22 DEBUG o.s.w.f.CommonsRequestLoggingFilter:55 - trkid= traceID=809c2d864811ce99a3819e9414ff23ee span_id=ef2f28c90f83b0e5 - After request [GET /start-customer?x-request-id=customer-brasil, client=172.19.0.1, headers=[user-agent:"PostmanRuntime/7.43.3", accept:"*/*", cache-control:"no-cache", postman-token:"ee30cd3f-1272-45ca-a93e-574f214ec172", host:"localhost:8080", accept-encoding:"gzip, deflate, br", connection:"keep-alive"]]
Logback 2025-04-17 04:23:22 INFO  o.g.c.f.AppMonitor:113 - trkid= traceID=809c2d864811ce99a3819e9414ff23ee span_id=ef2f28c90f83b0e5 - action=statisticsRequest uri=/start-customer responseStatus=200 serviceStatusCode=200 httpStatusCode=200 responseTime=274 description="Finish Trx org.apache.catalina.core.ApplicationContextFacade@1f00c594 | null"
Logback 2025-04-17 04:23:24 INFO  o.g.c.f.AppMonitor:113 - trkid= traceID=91ae1caa6e24ac87075ac32681638f82 span_id=7e0f84ecfafa694e - action=statisticsEvent event=/start-seller serviceStatusCode=200 responseTime=200 description="init Trx"
Logback 2025-04-17 04:23:24 DEBUG o.s.w.f.CommonsRequestLoggingFilter:47 - trkid= traceID=91ae1caa6e24ac87075ac32681638f82 span_id=7e0f84ecfafa694e - Before request [GET /start-seller?x-request-id=seller-mexico, client=172.19.0.1, headers=[user-agent:"PostmanRuntime/7.43.3", accept:"*/*", cache-control:"no-cache", postman-token:"6693cc78-e8e6-49d5-bd2f-aaefb3b64648", host:"localhost:8080", accept-encoding:"gzip, deflate, br", connection:"keep-alive"]]
Logback 2025-04-17 04:23:25 DEBUG o.s.w.f.CommonsRequestLoggingFilter:55 - trkid= traceID=91ae1caa6e24ac87075ac32681638f82 span_id=7e0f84ecfafa694e - After request [GET /start-seller?x-request-id=seller-mexico, client=172.19.0.1, headers=[user-agent:"PostmanRuntime/7.43.3", accept:"*/*", cache-control:"no-cache", postman-token:"6693cc78-e8e6-49d5-bd2f-aaefb3b64648", host:"localhost:8080", accept-encoding:"gzip, deflate, br", connection:"keep-alive"]]
Logback 2025-04-17 04:23:25 INFO  o.g.c.f.AppMonitor:113 - trkid= traceID=91ae1caa6e24ac87075ac32681638f82 span_id=7e0f84ecfafa694e - action=statisticsRequest uri=/start-seller responseStatus=200 serviceStatusCode=200 httpStatusCode=200 responseTime=502 description="Finish Trx org.apache.catalina.core.ApplicationContextFacade@1f00c594 | null"
Logback 2025-04-17 04:23:27 INFO  o.g.c.f.AppMonitor:113 - trkid= traceID=064d02b62a71d5d0640f46904e2f5e00 span_id=638d8a581fbc3792 - action=statisticsEvent event=/start-all serviceStatusCode=200 responseTime=200 description="init Trx"
Logback 2025-04-17 04:23:27 DEBUG o.s.w.f.CommonsRequestLoggingFilter:47 - trkid= traceID=064d02b62a71d5d0640f46904e2f5e00 span_id=638d8a581fbc3792 - Before request [GET /start-all, client=172.19.0.3, headers=[accept:"application/json, text/plain, */*", user-agent:"axios/1.7.9", accept-encoding:"gzip, compress, deflate, br", traceparent:"00-064d02b62a71d5d0640f46904e2f5e00-af51dc686410d0c8-01", host:"ms-hello-observability-services.applications.svc.cluster.local:8080", connection:"close"]]
Logback 2025-04-17 04:23:29 INFO  o.g.c.f.AppMonitor:113 - trkid= traceID=44ff6181be877f4850b934c27f8717ff span_id=00ee22f3cf5da012 - action=statisticsEvent event=/start-all serviceStatusCode=200 responseTime=200 description="init Trx"
Logback 2025-04-17 04:23:29 DEBUG o.s.w.f.CommonsRequestLoggingFilter:47 - trkid= traceID=44ff6181be877f4850b934c27f8717ff span_id=00ee22f3cf5da012 - Before request [GET /start-all, client=172.19.0.1, headers=[x-request-id:"start-chile", user-agent:"PostmanRuntime/7.43.3", accept:"*/*", cache-control:"no-cache", postman-token:"9ef8279b-1f11-46b0-99d9-04acf268e0e1", host:"localhost:8080", accept-encoding:"gzip, deflate, br", connection:"keep-alive"]]
Logback 2025-04-17 04:23:30 DEBUG o.s.w.f.CommonsRequestLoggingFilter:55 - trkid= traceID=064d02b62a71d5d0640f46904e2f5e00 span_id=638d8a581fbc3792 - After request [GET /start-all, client=172.19.0.3, headers=[accept:"application/json, text/plain, */*", user-agent:"axios/1.7.9", accept-encoding:"gzip, compress, deflate, br", traceparent:"00-064d02b62a71d5d0640f46904e2f5e00-af51dc686410d0c8-01", host:"ms-hello-observability-services.applications.svc.cluster.local:8080", connection:"close"]]
Logback 2025-04-17 04:23:30 INFO  o.g.c.f.AppMonitor:113 - trkid= traceID=064d02b62a71d5d0640f46904e2f5e00 span_id=638d8a581fbc3792 - action=statisticsRequest uri=/start-all responseStatus=200 serviceStatusCode=200 httpStatusCode=200 responseTime=2890 description="Finish Trx org.apache.catalina.core.ApplicationContextFacade@1f00c594 | null"
Logback 2025-04-17 04:23:32 DEBUG o.s.w.f.CommonsRequestLoggingFilter:55 - trkid= traceID=44ff6181be877f4850b934c27f8717ff span_id=00ee22f3cf5da012 - After request [GET /start-all, client=172.19.0.1, headers=[x-request-id:"start-chile", user-agent:"PostmanRuntime/7.43.3", accept:"*/*", cache-control:"no-cache", postman-token:"9ef8279b-1f11-46b0-99d9-04acf268e0e1", host:"localhost:8080", accept-encoding:"gzip, deflate, br", connection:"keep-alive"]]
Logback 2025-04-17 04:23:32 INFO  o.g.c.f.AppMonitor:113 - trkid= traceID=44ff6181be877f4850b934c27f8717ff span_id=00ee22f3cf5da012 - action=statisticsRequest uri=/start-all responseStatus=200 serviceStatusCode=200 httpStatusCode=200 responseTime=2885 description="Finish Trx org.apache.catalina.core.ApplicationContextFacade@1f00c594 | null"
Logback 2025-04-17 04:23:34 INFO  o.g.c.f.AppMonitor:113 - trkid= traceID=d56be03881ca5a36cc3386b2f616a745 span_id=8c05a550be9d22bc - action=statisticsEvent event=/posts-feing/90 serviceStatusCode=200 responseTime=200 description="init Trx"
Logback 2025-04-17 04:23:34 DEBUG o.s.w.f.CommonsRequestLoggingFilter:47 - trkid= traceID=d56be03881ca5a36cc3386b2f616a745 span_id=8c05a550be9d22bc - Before request [GET /posts-feing/90?x-request-id=post-peru, client=172.19.0.1, headers=[user-agent:"PostmanRuntime/7.43.3", accept:"*/*", cache-control:"no-cache", postman-token:"5d4ccae6-e782-4528-bdfe-50fc3381961e", host:"localhost:8080", accept-encoding:"gzip, deflate, br", connection:"keep-alive"]]
Logback 2025-04-17 04:23:34 DEBUG o.s.w.f.CommonsRequestLoggingFilter:55 - trkid= traceID=d56be03881ca5a36cc3386b2f616a745 span_id=8c05a550be9d22bc - After request [GET /posts-feing/90?x-request-id=post-peru, client=172.19.0.1, headers=[user-agent:"PostmanRuntime/7.43.3", accept:"*/*", cache-control:"no-cache", postman-token:"5d4ccae6-e782-4528-bdfe-50fc3381961e", host:"localhost:8080", accept-encoding:"gzip, deflate, br", connection:"keep-alive"]]
Logback 2025-04-17 04:23:34 INFO  o.g.c.f.AppMonitor:113 - trkid= traceID=d56be03881ca5a36cc3386b2f616a745 span_id=8c05a550be9d22bc - action=statisticsRequest uri=/posts-feing/90 responseStatus=200 serviceStatusCode=200 httpStatusCode=200 responseTime=65 description="Finish Trx org.apache.catalina.core.ApplicationContextFacade@1f00c594 | null"
Logback 2025-04-17 04:23:36 INFO  o.g.c.f.AppMonitor:113 - trkid= traceID=931cf95246a1fe6ff0da62d073142c82 span_id=4822431be3d0e6cc - action=statisticsEvent event=/posts-feing/40 serviceStatusCode=200 responseTime=200 description="init Trx"
Logback 2025-04-17 04:23:36 DEBUG o.s.w.f.CommonsRequestLoggingFilter:47 - trkid= traceID=931cf95246a1fe6ff0da62d073142c82 span_id=4822431be3d0e6cc - Before request [GET /posts-feing/40?x-request-id=post-arg, client=172.19.0.1, headers=[user-agent:"PostmanRuntime/7.43.3", accept:"*/*", cache-control:"no-cache", postman-token:"ef4a4fe4-20dc-4f5a-b0fc-32643b53f923", host:"localhost:8080", accept-encoding:"gzip, deflate, br", connection:"keep-alive"]]
Logback 2025-04-17 04:23:36 DEBUG o.s.w.f.CommonsRequestLoggingFilter:55 - trkid= traceID=931cf95246a1fe6ff0da62d073142c82 span_id=4822431be3d0e6cc - After request [GET /posts-feing/40?x-request-id=post-arg, client=172.19.0.1, headers=[user-agent:"PostmanRuntime/7.43.3", accept:"*/*", cache-control:"no-cache", postman-token:"ef4a4fe4-20dc-4f5a-b0fc-32643b53f923", host:"localhost:8080", accept-encoding:"gzip, deflate, br", connection:"keep-alive"]]
Logback 2025-04-17 04:23:36 INFO  o.g.c.f.AppMonitor:113 - trkid= traceID=931cf95246a1fe6ff0da62d073142c82 span_id=4822431be3d0e6cc - action=statisticsRequest uri=/posts-feing/40 responseStatus=200 serviceStatusCode=200 httpStatusCode=200 responseTime=28 description="Finish Trx org.apache.catalina.core.ApplicationContextFacade@1f00c594 | null"
Logback 2025-04-17 04:23:38 INFO  o.g.c.f.AppMonitor:113 - trkid= traceID=5b89c96950b05ccbe65cbd632689aec8 span_id=31a59b18ca28661a - action=statisticsEvent event=/start-customer serviceStatusCode=200 responseTime=200 description="init Trx"
Logback 2025-04-17 04:23:38 DEBUG o.s.w.f.CommonsRequestLoggingFilter:47 - trkid= traceID=5b89c96950b05ccbe65cbd632689aec8 span_id=31a59b18ca28661a - Before request [GET /start-customer?x-request-id=customer-brasil, client=172.19.0.1, headers=[user-agent:"PostmanRuntime/7.43.3", accept:"*/*", cache-control:"no-cache", postman-token:"3e402106-9461-46c2-aa84-a05e4d7f1bc3", host:"localhost:8080", accept-encoding:"gzip, deflate, br", connection:"keep-alive"]]
Logback 2025-04-17 04:23:38 DEBUG o.s.w.f.CommonsRequestLoggingFilter:55 - trkid= traceID=5b89c96950b05ccbe65cbd632689aec8 span_id=31a59b18ca28661a - After request [GET /start-customer?x-request-id=customer-brasil, client=172.19.0.1, headers=[user-agent:"PostmanRuntime/7.43.3", accept:"*/*", cache-control:"no-cache", postman-token:"3e402106-9461-46c2-aa84-a05e4d7f1bc3", host:"localhost:8080", accept-encoding:"gzip, deflate, br", connection:"keep-alive"]]
Logback 2025-04-17 04:23:38 INFO  o.g.c.f.AppMonitor:113 - trkid= traceID=5b89c96950b05ccbe65cbd632689aec8 span_id=31a59b18ca28661a - action=statisticsRequest uri=/start-customer responseStatus=200 serviceStatusCode=200 httpStatusCode=200 responseTime=73 description="Finish Trx org.apache.catalina.core.ApplicationContextFacade@1f00c594 | null"
Logback 2025-04-17 04:23:40 INFO  o.g.c.f.AppMonitor:113 - trkid= traceID=00fbd7b1c6077add25ae4dfe2a92d165 span_id=3affab756a262999 - action=statisticsEvent event=/start-seller serviceStatusCode=200 responseTime=200 description="init Trx"
Logback 2025-04-17 04:23:40 DEBUG o.s.w.f.CommonsRequestLoggingFilter:47 - trkid= traceID=00fbd7b1c6077add25ae4dfe2a92d165 span_id=3affab756a262999 - Before request [GET /start-seller?x-request-id=seller-mexico, client=172.19.0.1, headers=[user-agent:"PostmanRuntime/7.43.3", accept:"*/*", cache-control:"no-cache", postman-token:"26cde551-dd9b-4deb-9646-2615376339da", host:"localhost:8080", accept-encoding:"gzip, deflate, br", connection:"keep-alive"]]
Logback 2025-04-17 04:23:41 DEBUG o.s.w.f.CommonsRequestLoggingFilter:55 - trkid= traceID=00fbd7b1c6077add25ae4dfe2a92d165 span_id=3affab756a262999 - After request [GET /start-seller?x-request-id=seller-mexico, client=172.19.0.1, headers=[user-agent:"PostmanRuntime/7.43.3", accept:"*/*", cache-control:"no-cache", postman-token:"26cde551-dd9b-4deb-9646-2615376339da", host:"localhost:8080", accept-encoding:"gzip, deflate, br", connection:"keep-alive"]]
Logback 2025-04-17 04:23:41 INFO  o.g.c.f.AppMonitor:113 - trkid= traceID=00fbd7b1c6077add25ae4dfe2a92d165 span_id=3affab756a262999 - action=statisticsRequest uri=/start-seller responseStatus=200 serviceStatusCode=200 httpStatusCode=200 responseTime=670 description="Finish Trx org.apache.catalina.core.ApplicationContextFacade@1f00c594 | null"
Logback 2025-04-17 04:23:43 INFO  o.g.c.f.AppMonitor:113 - trkid= traceID=0be811053eea1fcc800be76aad721e27 span_id=3e44fd33b8e7886b - action=statisticsEvent event=/start-all serviceStatusCode=200 responseTime=200 description="init Trx"
Logback 2025-04-17 04:23:43 DEBUG o.s.w.f.CommonsRequestLoggingFilter:47 - trkid= traceID=0be811053eea1fcc800be76aad721e27 span_id=3e44fd33b8e7886b - Before request [GET /start-all, client=172.19.0.3, headers=[accept:"application/json, text/plain, */*", user-agent:"axios/1.7.9", accept-encoding:"gzip, compress, deflate, br", traceparent:"00-0be811053eea1fcc800be76aad721e27-8c51e0a66cc6c8b1-01", host:"ms-hello-observability-services.applications.svc.cluster.local:8080", connection:"close"]]
Logback 2025-04-17 04:23:45 INFO  o.g.c.f.AppMonitor:113 - trkid= traceID=c100cdac2797a8a8bc39d5d328a95f3e span_id=7c2b640306b9e84b - action=statisticsEvent event=/start-all serviceStatusCode=200 responseTime=200 description="init Trx"
Logback 2025-04-17 04:23:45 DEBUG o.s.w.f.CommonsRequestLoggingFilter:47 - trkid= traceID=c100cdac2797a8a8bc39d5d328a95f3e span_id=7c2b640306b9e84b - Before request [GET /start-all, client=172.19.0.1, headers=[x-request-id:"start-chile", user-agent:"PostmanRuntime/7.43.3", accept:"*/*", cache-control:"no-cache", postman-token:"ab8bdc2f-c06c-4eaf-85f3-0bdad7fa59ba", host:"localhost:8080", accept-encoding:"gzip, deflate, br", connection:"keep-alive"]]
Logback 2025-04-17 04:23:46 DEBUG o.s.w.f.CommonsRequestLoggingFilter:55 - trkid= traceID=0be811053eea1fcc800be76aad721e27 span_id=3e44fd33b8e7886b - After request [GET /start-all, client=172.19.0.3, headers=[accept:"application/json, text/plain, */*", user-agent:"axios/1.7.9", accept-encoding:"gzip, compress, deflate, br", traceparent:"00-0be811053eea1fcc800be76aad721e27-8c51e0a66cc6c8b1-01", host:"ms-hello-observability-services.applications.svc.cluster.local:8080", connection:"close"]]
Logback 2025-04-17 04:23:46 INFO  o.g.c.f.AppMonitor:113 - trkid= traceID=0be811053eea1fcc800be76aad721e27 span_id=3e44fd33b8e7886b - action=statisticsRequest uri=/start-all responseStatus=200 serviceStatusCode=200 httpStatusCode=200 responseTime=2219 description="Finish Trx org.apache.catalina.core.ApplicationContextFacade@1f00c594 | null"
Logback 2025-04-17 04:23:48 DEBUG o.s.w.f.CommonsRequestLoggingFilter:55 - trkid= traceID=c100cdac2797a8a8bc39d5d328a95f3e span_id=7c2b640306b9e84b - After request [GET /start-all, client=172.19.0.1, headers=[x-request-id:"start-chile", user-agent:"PostmanRuntime/7.43.3", accept:"*/*", cache-control:"no-cache", postman-token:"ab8bdc2f-c06c-4eaf-85f3-0bdad7fa59ba", host:"localhost:8080", accept-encoding:"gzip, deflate, br", connection:"keep-alive"]]
Logback 2025-04-17 04:23:48 INFO  o.g.c.f.AppMonitor:113 - trkid= traceID=c100cdac2797a8a8bc39d5d328a95f3e span_id=7c2b640306b9e84b - action=statisticsRequest uri=/start-all responseStatus=200 serviceStatusCode=200 httpStatusCode=200 responseTime=2586 description="Finish Trx org.apache.catalina.core.ApplicationContextFacade@1f00c594 | null"
Logback 2025-04-17 04:23:49 INFO  o.g.c.f.AppMonitor:113 - trkid= traceID=a637a5399bf03e3b72a02e149e3a8745 span_id=7d6dfb8a2886e1b5 - action=statisticsEvent event=/posts-feing/90 serviceStatusCode=200 responseTime=200 description="init Trx"
Logback 2025-04-17 04:23:49 DEBUG o.s.w.f.CommonsRequestLoggingFilter:47 - trkid= traceID=a637a5399bf03e3b72a02e149e3a8745 span_id=7d6dfb8a2886e1b5 - Before request [GET /posts-feing/90?x-request-id=post-peru, client=172.19.0.1, headers=[user-agent:"PostmanRuntime/7.43.3", accept:"*/*", cache-control:"no-cache", postman-token:"dce3079e-5b73-4f3c-8265-82aa645a39d3", host:"localhost:8080", accept-encoding:"gzip, deflate, br", connection:"keep-alive"]]
Logback 2025-04-17 04:23:49 DEBUG o.s.w.f.CommonsRequestLoggingFilter:55 - trkid= traceID=a637a5399bf03e3b72a02e149e3a8745 span_id=7d6dfb8a2886e1b5 - After request [GET /posts-feing/90?x-request-id=post-peru, client=172.19.0.1, headers=[user-agent:"PostmanRuntime/7.43.3", accept:"*/*", cache-control:"no-cache", postman-token:"dce3079e-5b73-4f3c-8265-82aa645a39d3", host:"localhost:8080", accept-encoding:"gzip, deflate, br", connection:"keep-alive"]]
Logback 2025-04-17 04:23:49 INFO  o.g.c.f.AppMonitor:113 - trkid= traceID=a637a5399bf03e3b72a02e149e3a8745 span_id=7d6dfb8a2886e1b5 - action=statisticsRequest uri=/posts-feing/90 responseStatus=200 serviceStatusCode=200 httpStatusCode=200 responseTime=51 description="Finish Trx org.apache.catalina.core.ApplicationContextFacade@1f00c594 | null"
Logback 2025-04-17 04:23:51 INFO  o.g.c.f.AppMonitor:113 - trkid= traceID=27fd547289b74d80011bc2caafd89302 span_id=5ec3a1e5da1d250c - action=statisticsEvent event=/posts-feing/40 serviceStatusCode=200 responseTime=200 description="init Trx"
Logback 2025-04-17 04:23:51 DEBUG o.s.w.f.CommonsRequestLoggingFilter:47 - trkid= traceID=27fd547289b74d80011bc2caafd89302 span_id=5ec3a1e5da1d250c - Before request [GET /posts-feing/40?x-request-id=post-arg, client=172.19.0.1, headers=[user-agent:"PostmanRuntime/7.43.3", accept:"*/*", cache-control:"no-cache", postman-token:"c69ba226-471e-4555-9b68-5471f23276a1", host:"localhost:8080", accept-encoding:"gzip, deflate, br", connection:"keep-alive"]]
Logback 2025-04-17 04:23:51 DEBUG o.s.w.f.CommonsRequestLoggingFilter:55 - trkid= traceID=27fd547289b74d80011bc2caafd89302 span_id=5ec3a1e5da1d250c - After request [GET /posts-feing/40?x-request-id=post-arg, client=172.19.0.1, headers=[user-agent:"PostmanRuntime/7.43.3", accept:"*/*", cache-control:"no-cache", postman-token:"c69ba226-471e-4555-9b68-5471f23276a1", host:"localhost:8080", accept-encoding:"gzip, deflate, br", connection:"keep-alive"]]
Logback 2025-04-17 04:23:51 INFO  o.g.c.f.AppMonitor:113 - trkid= traceID=27fd547289b74d80011bc2caafd89302 span_id=5ec3a1e5da1d250c - action=statisticsRequest uri=/posts-feing/40 responseStatus=200 serviceStatusCode=200 httpStatusCode=200 responseTime=27 description="Finish Trx org.apache.catalina.core.ApplicationContextFacade@1f00c594 | null"
Logback 2025-04-17 04:23:53 INFO  o.g.c.f.AppMonitor:113 - trkid= traceID=b78331bc6f4f414db7ebedfafb3f692f span_id=d8bfca4084886bf7 - action=statisticsEvent event=/start-customer serviceStatusCode=200 responseTime=200 description="init Trx"
Logback 2025-04-17 04:23:53 DEBUG o.s.w.f.CommonsRequestLoggingFilter:47 - trkid= traceID=b78331bc6f4f414db7ebedfafb3f692f span_id=d8bfca4084886bf7 - Before request [GET /start-customer?x-request-id=customer-brasil, client=172.19.0.1, headers=[user-agent:"PostmanRuntime/7.43.3", accept:"*/*", cache-control:"no-cache", postman-token:"8628b3a0-d305-48ac-a219-fc669cf8b9e3", host:"localhost:8080", accept-encoding:"gzip, deflate, br", connection:"keep-alive"]]
Logback 2025-04-17 04:23:54 DEBUG o.s.w.f.CommonsRequestLoggingFilter:55 - trkid= traceID=b78331bc6f4f414db7ebedfafb3f692f span_id=d8bfca4084886bf7 - After request [GET /start-customer?x-request-id=customer-brasil, client=172.19.0.1, headers=[user-agent:"PostmanRuntime/7.43.3", accept:"*/*", cache-control:"no-cache", postman-token:"8628b3a0-d305-48ac-a219-fc669cf8b9e3", host:"localhost:8080", accept-encoding:"gzip, deflate, br", connection:"keep-alive"]]
Logback 2025-04-17 04:23:54 INFO  o.g.c.f.AppMonitor:113 - trkid= traceID=b78331bc6f4f414db7ebedfafb3f692f span_id=d8bfca4084886bf7 - action=statisticsRequest uri=/start-customer responseStatus=200 serviceStatusCode=200 httpStatusCode=200 responseTime=557 description="Finish Trx org.apache.catalina.core.ApplicationContextFacade@1f00c594 | null"
Logback 2025-04-17 04:23:56 INFO  o.g.c.f.AppMonitor:113 - trkid= traceID=6d5eb2c5c99481b2877fe76d399ae0a4 span_id=65c07d7be624263d - action=statisticsEvent event=/start-seller serviceStatusCode=200 responseTime=200 description="init Trx"
Logback 2025-04-17 04:23:56 DEBUG o.s.w.f.CommonsRequestLoggingFilter:47 - trkid= traceID=6d5eb2c5c99481b2877fe76d399ae0a4 span_id=65c07d7be624263d - Before request [GET /start-seller?x-request-id=seller-mexico, client=172.19.0.1, headers=[user-agent:"PostmanRuntime/7.43.3", accept:"*/*", cache-control:"no-cache", postman-token:"3ff5f408-4323-464f-8641-e41d17254612", host:"localhost:8080", accept-encoding:"gzip, deflate, br", connection:"keep-alive"]]
Logback 2025-04-17 04:23:57 DEBUG o.s.w.f.CommonsRequestLoggingFilter:55 - trkid= traceID=6d5eb2c5c99481b2877fe76d399ae0a4 span_id=65c07d7be624263d - After request [GET /start-seller?x-request-id=seller-mexico, client=172.19.0.1, headers=[user-agent:"PostmanRuntime/7.43.3", accept:"*/*", cache-control:"no-cache", postman-token:"3ff5f408-4323-464f-8641-e41d17254612", host:"localhost:8080", accept-encoding:"gzip, deflate, br", connection:"keep-alive"]]
Logback 2025-04-17 04:23:57 INFO  o.g.c.f.AppMonitor:113 - trkid= traceID=6d5eb2c5c99481b2877fe76d399ae0a4 span_id=65c07d7be624263d - action=statisticsRequest uri=/start-seller responseStatus=200 serviceStatusCode=200 httpStatusCode=200 responseTime=1388 description="Finish Trx org.apache.catalina.core.ApplicationContextFacade@1f00c594 | null"
Logback 2025-04-17 04:24:00 INFO  o.g.c.f.AppMonitor:113 - trkid= traceID=0eefd99b7b567a292e97c4b6ce5cf137 span_id=67a72fb390941d4f - action=statisticsEvent event=/start-all serviceStatusCode=200 responseTime=200 description="init Trx"
Logback 2025-04-17 04:24:00 DEBUG o.s.w.f.CommonsRequestLoggingFilter:47 - trkid= traceID=0eefd99b7b567a292e97c4b6ce5cf137 span_id=67a72fb390941d4f - Before request [GET /start-all, client=172.19.0.3, headers=[accept:"application/json, text/plain, */*", user-agent:"axios/1.7.9", accept-encoding:"gzip, compress, deflate, br", traceparent:"00-0eefd99b7b567a292e97c4b6ce5cf137-a8863ea5aa78ec37-01", host:"ms-hello-observability-services.applications.svc.cluster.local:8080", connection:"close"]]
Logback 2025-04-17 04:24:02 INFO  o.g.c.f.AppMonitor:113 - trkid= traceID=484b53f8fc5f438fbe07315ba0bde10b span_id=cfda90ab6b9d63dc - action=statisticsEvent event=/start-all serviceStatusCode=200 responseTime=200 description="init Trx"
Logback 2025-04-17 04:24:02 DEBUG o.s.w.f.CommonsRequestLoggingFilter:47 - trkid= traceID=484b53f8fc5f438fbe07315ba0bde10b span_id=cfda90ab6b9d63dc - Before request [GET /start-all, client=172.19.0.1, headers=[x-request-id:"start-chile", user-agent:"PostmanRuntime/7.43.3", accept:"*/*", cache-control:"no-cache", postman-token:"5ae15dc3-fd89-4213-818a-c6d5088749d7", host:"localhost:8080", accept-encoding:"gzip, deflate, br", connection:"keep-alive"]]
Logback 2025-04-17 04:24:03 DEBUG o.s.w.f.CommonsRequestLoggingFilter:55 - trkid= traceID=484b53f8fc5f438fbe07315ba0bde10b span_id=cfda90ab6b9d63dc - After request [GET /start-all, client=172.19.0.1, headers=[x-request-id:"start-chile", user-agent:"PostmanRuntime/7.43.3", accept:"*/*", cache-control:"no-cache", postman-token:"5ae15dc3-fd89-4213-818a-c6d5088749d7", host:"localhost:8080", accept-encoding:"gzip, deflate, br", connection:"keep-alive"]]
Logback 2025-04-17 04:24:03 ERROR o.a.c.c.C.[.[.[.[dispatcherServlet]:175 - trkid= traceID=484b53f8fc5f438fbe07315ba0bde10b span_id=cfda90ab6b9d63dc - Servlet.service() for servlet [dispatcherServlet] in context with path [] threw exception
java.io.IOException: Random error with /start-seller!
	at org.grafana.controller.PrincipalController.randomError(PrincipalController.java:162)
	at org.grafana.controller.PrincipalController.startSeller(PrincipalController.java:111)
	at org.grafana.controller.PrincipalController.startProcess(PrincipalController.java:59)
	at jdk.internal.reflect.GeneratedMethodAccessor35.invoke(Unknown Source)
	at java.base/jdk.internal.reflect.DelegatingMethodAccessorImpl.invoke(DelegatingMethodAccessorImpl.java:43)
	at java.base/java.lang.reflect.Method.invoke(Method.java:568)
	at org.springframework.web.method.support.InvocableHandlerMethod.doInvoke(InvocableHandlerMethod.java:205)
	at org.springframework.web.method.support.InvocableHandlerMethod.invokeForRequest(InvocableHandlerMethod.java:150)
	at org.springframework.web.servlet.mvc.method.annotation.ServletInvocableHandlerMethod.invokeAndHandle(ServletInvocableHandlerMethod.java:117)
	at org.springframework.web.servlet.mvc.method.annotation.RequestMappingHandlerAdapter.invokeHandlerMethod(RequestMappingHandlerAdapter.java:895)
	at org.springframework.web.servlet.mvc.method.annotation.RequestMappingHandlerAdapter.handleInternal(RequestMappingHandlerAdapter.java:808)
	at org.springframework.web.servlet.mvc.method.AbstractHandlerMethodAdapter.handle(AbstractHandlerMethodAdapter.java:87)
	at org.springframework.web.servlet.DispatcherServlet.doDispatch(DispatcherServlet.java:1072)
	at org.springframework.web.servlet.DispatcherServlet.doService(DispatcherServlet.java:965)
	at org.springframework.web.servlet.FrameworkServlet.processRequest(FrameworkServlet.java:1006)
	at org.springframework.web.servlet.FrameworkServlet.doGet(FrameworkServlet.java:898)
	at javax.servlet.http.HttpServlet.service(HttpServlet.java:529)
	at org.springframework.web.servlet.FrameworkServlet.service(FrameworkServlet.java:883)
	at javax.servlet.http.HttpServlet.service(HttpServlet.java:623)
	at org.apache.catalina.core.ApplicationFilterChain.internalDoFilter(ApplicationFilterChain.java:209)
	at org.apache.catalina.core.ApplicationFilterChain.doFilter(ApplicationFilterChain.java:153)
	at org.apache.tomcat.websocket.server.WsFilter.doFilter(WsFilter.java:51)
	at org.apache.catalina.core.ApplicationFilterChain.internalDoFilter(ApplicationFilterChain.java:178)
	at org.apache.catalina.core.ApplicationFilterChain.doFilter(ApplicationFilterChain.java:153)
	at org.springframework.web.filter.AbstractRequestLoggingFilter.doFilterInternal(AbstractRequestLoggingFilter.java:289)
	at org.springframework.web.filter.OncePerRequestFilter.doFilter(OncePerRequestFilter.java:117)
	at org.apache.catalina.core.ApplicationFilterChain.internalDoFilter(ApplicationFilterChain.java:178)
	at org.apache.catalina.core.ApplicationFilterChain.doFilter(ApplicationFilterChain.java:153)
	at org.grafana.config.filter.FilterAsInterceptorAdapter.doFilter(FilterAsInterceptorAdapter.java:25)
	at org.apache.catalina.core.ApplicationFilterChain.internalDoFilter(ApplicationFilterChain.java:178)
	at org.apache.catalina.core.ApplicationFilterChain.doFilter(ApplicationFilterChain.java:153)
	at org.springframework.web.filter.RequestContextFilter.doFilterInternal(RequestContextFilter.java:100)
	at org.springframework.web.filter.OncePerRequestFilter.doFilter(OncePerRequestFilter.java:117)
	at org.apache.catalina.core.ApplicationFilterChain.internalDoFilter(ApplicationFilterChain.java:178)
	at org.apache.catalina.core.ApplicationFilterChain.doFilter(ApplicationFilterChain.java:153)
	at org.springframework.web.filter.FormContentFilter.doFilterInternal(FormContentFilter.java:93)
	at org.springframework.web.filter.OncePerRequestFilter.doFilter(OncePerRequestFilter.java:117)
	at org.apache.catalina.core.ApplicationFilterChain.internalDoFilter(ApplicationFilterChain.java:178)
	at org.apache.catalina.core.ApplicationFilterChain.doFilter(ApplicationFilterChain.java:153)
	at org.springframework.web.servlet.v3_1.OpenTelemetryHandlerMappingFilter.doFilter(OpenTelemetryHandlerMappingFilter.java:83)
	at org.apache.catalina.core.ApplicationFilterChain.internalDoFilter(ApplicationFilterChain.java:178)
	at org.apache.catalina.core.ApplicationFilterChain.doFilter(ApplicationFilterChain.java:153)
	at org.springframework.boot.actuate.metrics.web.servlet.WebMvcMetricsFilter.doFilterInternal(WebMvcMetricsFilter.java:96)
	at org.springframework.web.filter.OncePerRequestFilter.doFilter(OncePerRequestFilter.java:117)
	at org.apache.catalina.core.ApplicationFilterChain.internalDoFilter(ApplicationFilterChain.java:178)
	at org.apache.catalina.core.ApplicationFilterChain.doFilter(ApplicationFilterChain.java:153)
	at org.springframework.web.filter.CharacterEncodingFilter.doFilterInternal(CharacterEncodingFilter.java:201)
	at org.springframework.web.filter.OncePerRequestFilter.doFilter(OncePerRequestFilter.java:117)
	at org.apache.catalina.core.ApplicationFilterChain.internalDoFilter(ApplicationFilterChain.java:178)
	at org.apache.catalina.core.ApplicationFilterChain.doFilter(ApplicationFilterChain.java:153)
	at org.apache.catalina.core.StandardWrapperValve.invoke(StandardWrapperValve.java:168)
	at org.apache.catalina.core.StandardContextValve.invoke(StandardContextValve.java:90)
	at org.apache.catalina.authenticator.AuthenticatorBase.invoke(AuthenticatorBase.java:481)
	at org.apache.catalina.core.StandardHostValve.invoke(StandardHostValve.java:130)
	at org.apache.catalina.valves.ErrorReportValve.invoke(ErrorReportValve.java:93)
	at org.apache.catalina.core.StandardEngineValve.invoke(StandardEngineValve.java:74)
	at org.apache.catalina.valves.AbstractAccessLogValve.invoke(AbstractAccessLogValve.java:670)
	at org.apache.catalina.connector.CoyoteAdapter.service(CoyoteAdapter.java:342)
	at org.apache.coyote.http11.Http11Processor.service(Http11Processor.java:390)
	at org.apache.coyote.AbstractProcessorLight.process(AbstractProcessorLight.java:63)
	at org.apache.coyote.AbstractProtocol$ConnectionHandler.process(AbstractProtocol.java:928)
	at org.apache.tomcat.util.net.NioEndpoint$SocketProcessor.doRun(NioEndpoint.java:1794)
	at org.apache.tomcat.util.net.SocketProcessorBase.run(SocketProcessorBase.java:52)
	at org.apache.tomcat.util.threads.ThreadPoolExecutor.runWorker(ThreadPoolExecutor.java:1191)
	at org.apache.tomcat.util.threads.ThreadPoolExecutor$Worker.run(ThreadPoolExecutor.java:659)
	at org.apache.tomcat.util.threads.TaskThread$WrappingRunnable.run(TaskThread.java:61)
	at java.base/java.lang.Thread.run(Thread.java:833)
Logback 2025-04-17 04:24:03 DEBUG o.s.w.f.CommonsRequestLoggingFilter:55 - trkid= traceID=0eefd99b7b567a292e97c4b6ce5cf137 span_id=67a72fb390941d4f - After request [GET /start-all, client=172.19.0.3, headers=[accept:"application/json, text/plain, */*", user-agent:"axios/1.7.9", accept-encoding:"gzip, compress, deflate, br", traceparent:"00-0eefd99b7b567a292e97c4b6ce5cf137-a8863ea5aa78ec37-01", host:"ms-hello-observability-services.applications.svc.cluster.local:8080", connection:"close"]]
Logback 2025-04-17 04:24:03 INFO  o.g.c.f.AppMonitor:113 - trkid= traceID=0eefd99b7b567a292e97c4b6ce5cf137 span_id=67a72fb390941d4f - action=statisticsRequest uri=/start-all responseStatus=200 serviceStatusCode=200 httpStatusCode=200 responseTime=3419 description="Finish Trx org.apache.catalina.core.ApplicationContextFacade@1f00c594 | null"
Logback 2025-04-17 04:24:05 INFO  o.g.c.f.AppMonitor:113 - trkid= traceID=08fb3b4cf48513d5b8d7cf397a6cb435 span_id=4ce81e295f37b75d - action=statisticsEvent event=/posts-feing/90 serviceStatusCode=200 responseTime=200 description="init Trx"
Logback 2025-04-17 04:24:05 DEBUG o.s.w.f.CommonsRequestLoggingFilter:47 - trkid= traceID=08fb3b4cf48513d5b8d7cf397a6cb435 span_id=4ce81e295f37b75d - Before request [GET /posts-feing/90?x-request-id=post-peru, client=172.19.0.1, headers=[user-agent:"PostmanRuntime/7.43.3", accept:"*/*", cache-control:"no-cache", postman-token:"aeeef346-9ea9-47da-9119-068d989555b9", host:"localhost:8080", accept-encoding:"gzip, deflate, br", connection:"keep-alive"]]
Logback 2025-04-17 04:24:05 DEBUG o.s.w.f.CommonsRequestLoggingFilter:55 - trkid= traceID=08fb3b4cf48513d5b8d7cf397a6cb435 span_id=4ce81e295f37b75d - After request [GET /posts-feing/90?x-request-id=post-peru, client=172.19.0.1, headers=[user-agent:"PostmanRuntime/7.43.3", accept:"*/*", cache-control:"no-cache", postman-token:"aeeef346-9ea9-47da-9119-068d989555b9", host:"localhost:8080", accept-encoding:"gzip, deflate, br", connection:"keep-alive"]]
Logback 2025-04-17 04:24:05 INFO  o.g.c.f.AppMonitor:113 - trkid= traceID=08fb3b4cf48513d5b8d7cf397a6cb435 span_id=4ce81e295f37b75d - action=statisticsRequest uri=/posts-feing/90 responseStatus=200 serviceStatusCode=200 httpStatusCode=200 responseTime=60 description="Finish Trx org.apache.catalina.core.ApplicationContextFacade@1f00c594 | null"
Logback 2025-04-17 04:24:07 INFO  o.g.c.f.AppMonitor:113 - trkid= traceID=bbf582fb45efaf810967a3ef001eaa22 span_id=b5484bf8fbda0cf3 - action=statisticsEvent event=/posts-feing/40 serviceStatusCode=200 responseTime=200 description="init Trx"
Logback 2025-04-17 04:24:07 DEBUG o.s.w.f.CommonsRequestLoggingFilter:47 - trkid= traceID=bbf582fb45efaf810967a3ef001eaa22 span_id=b5484bf8fbda0cf3 - Before request [GET /posts-feing/40?x-request-id=post-arg, client=172.19.0.1, headers=[user-agent:"PostmanRuntime/7.43.3", accept:"*/*", cache-control:"no-cache", postman-token:"9bfb67d0-6a37-4e9e-a63b-aadb12629dbc", host:"localhost:8080", accept-encoding:"gzip, deflate, br", connection:"keep-alive"]]
Logback 2025-04-17 04:24:07 DEBUG o.s.w.f.CommonsRequestLoggingFilter:55 - trkid= traceID=bbf582fb45efaf810967a3ef001eaa22 span_id=b5484bf8fbda0cf3 - After request [GET /posts-feing/40?x-request-id=post-arg, client=172.19.0.1, headers=[user-agent:"PostmanRuntime/7.43.3", accept:"*/*", cache-control:"no-cache", postman-token:"9bfb67d0-6a37-4e9e-a63b-aadb12629dbc", host:"localhost:8080", accept-encoding:"gzip, deflate, br", connection:"keep-alive"]]
Logback 2025-04-17 04:24:07 INFO  o.g.c.f.AppMonitor:113 - trkid= traceID=bbf582fb45efaf810967a3ef001eaa22 span_id=b5484bf8fbda0cf3 - action=statisticsRequest uri=/posts-feing/40 responseStatus=200 serviceStatusCode=200 httpStatusCode=200 responseTime=23 description="Finish Trx org.apache.catalina.core.ApplicationContextFacade@1f00c594 | null"
Logback 2025-04-17 04:24:09 INFO  o.g.c.f.AppMonitor:113 - trkid= traceID=ceffedfc6f263b47f0660f7694756d47 span_id=565f7f42462839d2 - action=statisticsEvent event=/start-customer serviceStatusCode=200 responseTime=200 description="init Trx"
Logback 2025-04-17 04:24:09 DEBUG o.s.w.f.CommonsRequestLoggingFilter:47 - trkid= traceID=ceffedfc6f263b47f0660f7694756d47 span_id=565f7f42462839d2 - Before request [GET /start-customer?x-request-id=customer-brasil, client=172.19.0.1, headers=[user-agent:"PostmanRuntime/7.43.3", accept:"*/*", cache-control:"no-cache", postman-token:"27bffdb1-f381-4857-8703-22aeab047f52", host:"localhost:8080", accept-encoding:"gzip, deflate, br", connection:"keep-alive"]]
Logback 2025-04-17 04:24:10 DEBUG o.s.w.f.CommonsRequestLoggingFilter:55 - trkid= traceID=ceffedfc6f263b47f0660f7694756d47 span_id=565f7f42462839d2 - After request [GET /start-customer?x-request-id=customer-brasil, client=172.19.0.1, headers=[user-agent:"PostmanRuntime/7.43.3", accept:"*/*", cache-control:"no-cache", postman-token:"27bffdb1-f381-4857-8703-22aeab047f52", host:"localhost:8080", accept-encoding:"gzip, deflate, br", connection:"keep-alive"]]
Logback 2025-04-17 04:24:10 INFO  o.g.c.f.AppMonitor:113 - trkid= traceID=ceffedfc6f263b47f0660f7694756d47 span_id=565f7f42462839d2 - action=statisticsRequest uri=/start-customer responseStatus=200 serviceStatusCode=200 httpStatusCode=200 responseTime=734 description="Finish Trx org.apache.catalina.core.ApplicationContextFacade@1f00c594 | null"
Logback 2025-04-17 04:24:12 INFO  o.g.c.f.AppMonitor:113 - trkid= traceID=d8f0a390ee1b5dae3e07b7898299a101 span_id=195617b5a6fbcf84 - action=statisticsEvent event=/start-seller serviceStatusCode=200 responseTime=200 description="init Trx"
Logback 2025-04-17 04:24:12 DEBUG o.s.w.f.CommonsRequestLoggingFilter:47 - trkid= traceID=d8f0a390ee1b5dae3e07b7898299a101 span_id=195617b5a6fbcf84 - Before request [GET /start-seller?x-request-id=seller-mexico, client=172.19.0.1, headers=[user-agent:"PostmanRuntime/7.43.3", accept:"*/*", cache-control:"no-cache", postman-token:"b0a3d15b-9c8e-4fa4-bb92-b37bccae991f", host:"localhost:8080", accept-encoding:"gzip, deflate, br", connection:"keep-alive"]]
Logback 2025-04-17 04:24:14 DEBUG o.s.w.f.CommonsRequestLoggingFilter:55 - trkid= traceID=d8f0a390ee1b5dae3e07b7898299a101 span_id=195617b5a6fbcf84 - After request [GET /start-seller?x-request-id=seller-mexico, client=172.19.0.1, headers=[user-agent:"PostmanRuntime/7.43.3", accept:"*/*", cache-control:"no-cache", postman-token:"b0a3d15b-9c8e-4fa4-bb92-b37bccae991f", host:"localhost:8080", accept-encoding:"gzip, deflate, br", connection:"keep-alive"]]
Logback 2025-04-17 04:24:14 INFO  o.g.c.f.AppMonitor:113 - trkid= traceID=d8f0a390ee1b5dae3e07b7898299a101 span_id=195617b5a6fbcf84 - action=statisticsRequest uri=/start-seller responseStatus=200 serviceStatusCode=200 httpStatusCode=200 responseTime=1349 description="Finish Trx org.apache.catalina.core.ApplicationContextFacade@1f00c594 | null"
Logback 2025-04-17 04:24:16 INFO  o.g.c.f.AppMonitor:113 - trkid= traceID=60f4e4708a323930221377918193f253 span_id=eb01ea27b96297dc - action=statisticsEvent event=/start-all serviceStatusCode=200 responseTime=200 description="init Trx"
Logback 2025-04-17 04:24:16 DEBUG o.s.w.f.CommonsRequestLoggingFilter:47 - trkid= traceID=60f4e4708a323930221377918193f253 span_id=eb01ea27b96297dc - Before request [GET /start-all, client=172.19.0.3, headers=[accept:"application/json, text/plain, */*", user-agent:"axios/1.7.9", accept-encoding:"gzip, compress, deflate, br", traceparent:"00-60f4e4708a323930221377918193f253-a8d11ba3d66482f2-01", host:"ms-hello-observability-services.applications.svc.cluster.local:8080", connection:"close"]]
Logback 2025-04-17 04:24:18 INFO  o.g.c.f.AppMonitor:113 - trkid= traceID=ca17300cb6557179bf61b83c51d090d5 span_id=3dceb5ae2b549a54 - action=statisticsEvent event=/start-all serviceStatusCode=200 responseTime=200 description="init Trx"
Logback 2025-04-17 04:24:18 DEBUG o.s.w.f.CommonsRequestLoggingFilter:47 - trkid= traceID=ca17300cb6557179bf61b83c51d090d5 span_id=3dceb5ae2b549a54 - Before request [GET /start-all, client=172.19.0.1, headers=[x-request-id:"start-chile", user-agent:"PostmanRuntime/7.43.3", accept:"*/*", cache-control:"no-cache", postman-token:"e2e1ce70-8c26-4f5b-90c0-6596b1049fc1", host:"localhost:8080", accept-encoding:"gzip, deflate, br", connection:"keep-alive"]]
Logback 2025-04-17 04:24:18 DEBUG o.s.w.f.CommonsRequestLoggingFilter:55 - trkid= traceID=ca17300cb6557179bf61b83c51d090d5 span_id=3dceb5ae2b549a54 - After request [GET /start-all, client=172.19.0.1, headers=[x-request-id:"start-chile", user-agent:"PostmanRuntime/7.43.3", accept:"*/*", cache-control:"no-cache", postman-token:"e2e1ce70-8c26-4f5b-90c0-6596b1049fc1", host:"localhost:8080", accept-encoding:"gzip, deflate, br", connection:"keep-alive"]]
Logback 2025-04-17 04:24:18 ERROR o.a.c.c.C.[.[.[.[dispatcherServlet]:175 - trkid= traceID=ca17300cb6557179bf61b83c51d090d5 span_id=3dceb5ae2b549a54 - Servlet.service() for servlet [dispatcherServlet] in context with path [] threw exception
java.io.IOException: Random error with /start-customer!
	at org.grafana.controller.PrincipalController.randomError(PrincipalController.java:162)
	at org.grafana.controller.PrincipalController.startCustomer(PrincipalController.java:82)
	at org.grafana.controller.PrincipalController.startProcess(PrincipalController.java:52)
	at jdk.internal.reflect.GeneratedMethodAccessor35.invoke(Unknown Source)
	at java.base/jdk.internal.reflect.DelegatingMethodAccessorImpl.invoke(DelegatingMethodAccessorImpl.java:43)
	at java.base/java.lang.reflect.Method.invoke(Method.java:568)
	at org.springframework.web.method.support.InvocableHandlerMethod.doInvoke(InvocableHandlerMethod.java:205)
	at org.springframework.web.method.support.InvocableHandlerMethod.invokeForRequest(InvocableHandlerMethod.java:150)
	at org.springframework.web.servlet.mvc.method.annotation.ServletInvocableHandlerMethod.invokeAndHandle(ServletInvocableHandlerMethod.java:117)
	at org.springframework.web.servlet.mvc.method.annotation.RequestMappingHandlerAdapter.invokeHandlerMethod(RequestMappingHandlerAdapter.java:895)
	at org.springframework.web.servlet.mvc.method.annotation.RequestMappingHandlerAdapter.handleInternal(RequestMappingHandlerAdapter.java:808)
	at org.springframework.web.servlet.mvc.method.AbstractHandlerMethodAdapter.handle(AbstractHandlerMethodAdapter.java:87)
	at org.springframework.web.servlet.DispatcherServlet.doDispatch(DispatcherServlet.java:1072)
	at org.springframework.web.servlet.DispatcherServlet.doService(DispatcherServlet.java:965)
	at org.springframework.web.servlet.FrameworkServlet.processRequest(FrameworkServlet.java:1006)
	at org.springframework.web.servlet.FrameworkServlet.doGet(FrameworkServlet.java:898)
	at javax.servlet.http.HttpServlet.service(HttpServlet.java:529)
	at org.springframework.web.servlet.FrameworkServlet.service(FrameworkServlet.java:883)
	at javax.servlet.http.HttpServlet.service(HttpServlet.java:623)
	at org.apache.catalina.core.ApplicationFilterChain.internalDoFilter(ApplicationFilterChain.java:209)
	at org.apache.catalina.core.ApplicationFilterChain.doFilter(ApplicationFilterChain.java:153)
	at org.apache.tomcat.websocket.server.WsFilter.doFilter(WsFilter.java:51)
	at org.apache.catalina.core.ApplicationFilterChain.internalDoFilter(ApplicationFilterChain.java:178)
	at org.apache.catalina.core.ApplicationFilterChain.doFilter(ApplicationFilterChain.java:153)
	at org.springframework.web.filter.AbstractRequestLoggingFilter.doFilterInternal(AbstractRequestLoggingFilter.java:289)
	at org.springframework.web.filter.OncePerRequestFilter.doFilter(OncePerRequestFilter.java:117)
	at org.apache.catalina.core.ApplicationFilterChain.internalDoFilter(ApplicationFilterChain.java:178)
	at org.apache.catalina.core.ApplicationFilterChain.doFilter(ApplicationFilterChain.java:153)
	at org.grafana.config.filter.FilterAsInterceptorAdapter.doFilter(FilterAsInterceptorAdapter.java:25)
	at org.apache.catalina.core.ApplicationFilterChain.internalDoFilter(ApplicationFilterChain.java:178)
	at org.apache.catalina.core.ApplicationFilterChain.doFilter(ApplicationFilterChain.java:153)
	at org.springframework.web.filter.RequestContextFilter.doFilterInternal(RequestContextFilter.java:100)
	at org.springframework.web.filter.OncePerRequestFilter.doFilter(OncePerRequestFilter.java:117)
	at org.apache.catalina.core.ApplicationFilterChain.internalDoFilter(ApplicationFilterChain.java:178)
	at org.apache.catalina.core.ApplicationFilterChain.doFilter(ApplicationFilterChain.java:153)
	at org.springframework.web.filter.FormContentFilter.doFilterInternal(FormContentFilter.java:93)
	at org.springframework.web.filter.OncePerRequestFilter.doFilter(OncePerRequestFilter.java:117)
	at org.apache.catalina.core.ApplicationFilterChain.internalDoFilter(ApplicationFilterChain.java:178)
	at org.apache.catalina.core.ApplicationFilterChain.doFilter(ApplicationFilterChain.java:153)
	at org.springframework.web.servlet.v3_1.OpenTelemetryHandlerMappingFilter.doFilter(OpenTelemetryHandlerMappingFilter.java:83)
	at org.apache.catalina.core.ApplicationFilterChain.internalDoFilter(ApplicationFilterChain.java:178)
	at org.apache.catalina.core.ApplicationFilterChain.doFilter(ApplicationFilterChain.java:153)
	at org.springframework.boot.actuate.metrics.web.servlet.WebMvcMetricsFilter.doFilterInternal(WebMvcMetricsFilter.java:96)
	at org.springframework.web.filter.OncePerRequestFilter.doFilter(OncePerRequestFilter.java:117)
	at org.apache.catalina.core.ApplicationFilterChain.internalDoFilter(ApplicationFilterChain.java:178)
	at org.apache.catalina.core.ApplicationFilterChain.doFilter(ApplicationFilterChain.java:153)
	at org.springframework.web.filter.CharacterEncodingFilter.doFilterInternal(CharacterEncodingFilter.java:201)
	at org.springframework.web.filter.OncePerRequestFilter.doFilter(OncePerRequestFilter.java:117)
	at org.apache.catalina.core.ApplicationFilterChain.internalDoFilter(ApplicationFilterChain.java:178)
	at org.apache.catalina.core.ApplicationFilterChain.doFilter(ApplicationFilterChain.java:153)
	at org.apache.catalina.core.StandardWrapperValve.invoke(StandardWrapperValve.java:168)
	at org.apache.catalina.core.StandardContextValve.invoke(StandardContextValve.java:90)
	at org.apache.catalina.authenticator.AuthenticatorBase.invoke(AuthenticatorBase.java:481)
	at org.apache.catalina.core.StandardHostValve.invoke(StandardHostValve.java:130)
	at org.apache.catalina.valves.ErrorReportValve.invoke(ErrorReportValve.java:93)
	at org.apache.catalina.core.StandardEngineValve.invoke(StandardEngineValve.java:74)
	at org.apache.catalina.valves.AbstractAccessLogValve.invoke(AbstractAccessLogValve.java:670)
	at org.apache.catalina.connector.CoyoteAdapter.service(CoyoteAdapter.java:342)
	at org.apache.coyote.http11.Http11Processor.service(Http11Processor.java:390)
	at org.apache.coyote.AbstractProcessorLight.process(AbstractProcessorLight.java:63)
	at org.apache.coyote.AbstractProtocol$ConnectionHandler.process(AbstractProtocol.java:928)
	at org.apache.tomcat.util.net.NioEndpoint$SocketProcessor.doRun(NioEndpoint.java:1794)
	at org.apache.tomcat.util.net.SocketProcessorBase.run(SocketProcessorBase.java:52)
	at org.apache.tomcat.util.threads.ThreadPoolExecutor.runWorker(ThreadPoolExecutor.java:1191)
	at org.apache.tomcat.util.threads.ThreadPoolExecutor$Worker.run(ThreadPoolExecutor.java:659)
	at org.apache.tomcat.util.threads.TaskThread$WrappingRunnable.run(TaskThread.java:61)
	at java.base/java.lang.Thread.run(Thread.java:833)
Logback 2025-04-17 04:24:19 DEBUG o.s.w.f.CommonsRequestLoggingFilter:55 - trkid= traceID=60f4e4708a323930221377918193f253 span_id=eb01ea27b96297dc - After request [GET /start-all, client=172.19.0.3, headers=[accept:"application/json, text/plain, */*", user-agent:"axios/1.7.9", accept-encoding:"gzip, compress, deflate, br", traceparent:"00-60f4e4708a323930221377918193f253-a8d11ba3d66482f2-01", host:"ms-hello-observability-services.applications.svc.cluster.local:8080", connection:"close"]]
Logback 2025-04-17 04:24:19 INFO  o.g.c.f.AppMonitor:113 - trkid= traceID=60f4e4708a323930221377918193f253 span_id=eb01ea27b96297dc - action=statisticsRequest uri=/start-all responseStatus=200 serviceStatusCode=200 httpStatusCode=200 responseTime=2922 description="Finish Trx org.apache.catalina.core.ApplicationContextFacade@1f00c594 | null"
Logback 2025-04-17 04:24:19 INFO  o.g.c.f.AppMonitor:113 - trkid= traceID=a6e372c34df7d131833168765f653305 span_id=71d34157e27e1141 - action=statisticsEvent event=/posts-feing/90 serviceStatusCode=200 responseTime=200 description="init Trx"
Logback 2025-04-17 04:24:19 DEBUG o.s.w.f.CommonsRequestLoggingFilter:47 - trkid= traceID=a6e372c34df7d131833168765f653305 span_id=71d34157e27e1141 - Before request [GET /posts-feing/90?x-request-id=post-peru, client=172.19.0.1, headers=[user-agent:"PostmanRuntime/7.43.3", accept:"*/*", cache-control:"no-cache", postman-token:"b2def134-cb0d-4ac0-8eec-57f96ec1b80d", host:"localhost:8080", accept-encoding:"gzip, deflate, br", connection:"keep-alive"]]
Logback 2025-04-17 04:24:19 DEBUG o.s.w.f.CommonsRequestLoggingFilter:55 - trkid= traceID=a6e372c34df7d131833168765f653305 span_id=71d34157e27e1141 - After request [GET /posts-feing/90?x-request-id=post-peru, client=172.19.0.1, headers=[user-agent:"PostmanRuntime/7.43.3", accept:"*/*", cache-control:"no-cache", postman-token:"b2def134-cb0d-4ac0-8eec-57f96ec1b80d", host:"localhost:8080", accept-encoding:"gzip, deflate, br", connection:"keep-alive"]]
Logback 2025-04-17 04:24:19 INFO  o.g.c.f.AppMonitor:113 - trkid= traceID=a6e372c34df7d131833168765f653305 span_id=71d34157e27e1141 - action=statisticsRequest uri=/posts-feing/90 responseStatus=200 serviceStatusCode=200 httpStatusCode=200 responseTime=59 description="Finish Trx org.apache.catalina.core.ApplicationContextFacade@1f00c594 | null"
Logback 2025-04-17 04:24:21 INFO  o.g.c.f.AppMonitor:113 - trkid= traceID=f37cbfc5481749059dc99904e6bff763 span_id=68dc91f070d358bc - action=statisticsEvent event=/posts-feing/40 serviceStatusCode=200 responseTime=200 description="init Trx"
Logback 2025-04-17 04:24:21 DEBUG o.s.w.f.CommonsRequestLoggingFilter:47 - trkid= traceID=f37cbfc5481749059dc99904e6bff763 span_id=68dc91f070d358bc - Before request [GET /posts-feing/40?x-request-id=post-arg, client=172.19.0.1, headers=[user-agent:"PostmanRuntime/7.43.3", accept:"*/*", cache-control:"no-cache", postman-token:"86b48f7f-d589-4a2d-8d48-0a0a8ad3b475", host:"localhost:8080", accept-encoding:"gzip, deflate, br", connection:"keep-alive"]]
Logback 2025-04-17 04:24:21 DEBUG o.s.w.f.CommonsRequestLoggingFilter:55 - trkid= traceID=f37cbfc5481749059dc99904e6bff763 span_id=68dc91f070d358bc - After request [GET /posts-feing/40?x-request-id=post-arg, client=172.19.0.1, headers=[user-agent:"PostmanRuntime/7.43.3", accept:"*/*", cache-control:"no-cache", postman-token:"86b48f7f-d589-4a2d-8d48-0a0a8ad3b475", host:"localhost:8080", accept-encoding:"gzip, deflate, br", connection:"keep-alive"]]
Logback 2025-04-17 04:24:21 INFO  o.g.c.f.AppMonitor:113 - trkid= traceID=f37cbfc5481749059dc99904e6bff763 span_id=68dc91f070d358bc - action=statisticsRequest uri=/posts-feing/40 responseStatus=200 serviceStatusCode=200 httpStatusCode=200 responseTime=26 description="Finish Trx org.apache.catalina.core.ApplicationContextFacade@1f00c594 | null"
Logback 2025-04-17 04:24:23 INFO  o.g.c.f.AppMonitor:113 - trkid= traceID=58223195d84b0b102b94e50c8892a3a9 span_id=97ade857e4140d57 - action=statisticsEvent event=/start-customer serviceStatusCode=200 responseTime=200 description="init Trx"
Logback 2025-04-17 04:24:23 DEBUG o.s.w.f.CommonsRequestLoggingFilter:47 - trkid= traceID=58223195d84b0b102b94e50c8892a3a9 span_id=97ade857e4140d57 - Before request [GET /start-customer?x-request-id=customer-brasil, client=172.19.0.1, headers=[user-agent:"PostmanRuntime/7.43.3", accept:"*/*", cache-control:"no-cache", postman-token:"960f90f6-32f2-4c66-9b51-3bf2dc4a5544", host:"localhost:8080", accept-encoding:"gzip, deflate, br", connection:"keep-alive"]]
Logback 2025-04-17 04:24:24 DEBUG o.s.w.f.CommonsRequestLoggingFilter:55 - trkid= traceID=58223195d84b0b102b94e50c8892a3a9 span_id=97ade857e4140d57 - After request [GET /start-customer?x-request-id=customer-brasil, client=172.19.0.1, headers=[user-agent:"PostmanRuntime/7.43.3", accept:"*/*", cache-control:"no-cache", postman-token:"960f90f6-32f2-4c66-9b51-3bf2dc4a5544", host:"localhost:8080", accept-encoding:"gzip, deflate, br", connection:"keep-alive"]]
Logback 2025-04-17 04:24:24 INFO  o.g.c.f.AppMonitor:113 - trkid= traceID=58223195d84b0b102b94e50c8892a3a9 span_id=97ade857e4140d57 - action=statisticsRequest uri=/start-customer responseStatus=200 serviceStatusCode=200 httpStatusCode=200 responseTime=457 description="Finish Trx org.apache.catalina.core.ApplicationContextFacade@1f00c594 | null"
Logback 2025-04-17 04:24:26 INFO  o.g.c.f.AppMonitor:113 - trkid= traceID=ecf985be37199dfb1b618870f177e38a span_id=70688fb759a3c941 - action=statisticsEvent event=/start-seller serviceStatusCode=200 responseTime=200 description="init Trx"
Logback 2025-04-17 04:24:26 DEBUG o.s.w.f.CommonsRequestLoggingFilter:47 - trkid= traceID=ecf985be37199dfb1b618870f177e38a span_id=70688fb759a3c941 - Before request [GET /start-seller?x-request-id=seller-mexico, client=172.19.0.1, headers=[user-agent:"PostmanRuntime/7.43.3", accept:"*/*", cache-control:"no-cache", postman-token:"03186a41-6f73-4c64-bb39-0a20e1d45530", host:"localhost:8080", accept-encoding:"gzip, deflate, br", connection:"keep-alive"]]
Logback 2025-04-17 04:24:27 DEBUG o.s.w.f.CommonsRequestLoggingFilter:55 - trkid= traceID=ecf985be37199dfb1b618870f177e38a span_id=70688fb759a3c941 - After request [GET /start-seller?x-request-id=seller-mexico, client=172.19.0.1, headers=[user-agent:"PostmanRuntime/7.43.3", accept:"*/*", cache-control:"no-cache", postman-token:"03186a41-6f73-4c64-bb39-0a20e1d45530", host:"localhost:8080", accept-encoding:"gzip, deflate, br", connection:"keep-alive"]]
Logback 2025-04-17 04:24:27 INFO  o.g.c.f.AppMonitor:113 - trkid= traceID=ecf985be37199dfb1b618870f177e38a span_id=70688fb759a3c941 - action=statisticsRequest uri=/start-seller responseStatus=200 serviceStatusCode=200 httpStatusCode=200 responseTime=1593 description="Finish Trx org.apache.catalina.core.ApplicationContextFacade@1f00c594 | null"
Logback 2025-04-17 04:24:30 INFO  o.g.c.f.AppMonitor:113 - trkid= traceID=986a83dd28e14e479fa35a5e9e22fc52 span_id=0da3926503ebfeb1 - action=statisticsEvent event=/start-all serviceStatusCode=200 responseTime=200 description="init Trx"
Logback 2025-04-17 04:24:30 DEBUG o.s.w.f.CommonsRequestLoggingFilter:47 - trkid= traceID=986a83dd28e14e479fa35a5e9e22fc52 span_id=0da3926503ebfeb1 - Before request [GET /start-all, client=172.19.0.3, headers=[accept:"application/json, text/plain, */*", user-agent:"axios/1.7.9", accept-encoding:"gzip, compress, deflate, br", traceparent:"00-986a83dd28e14e479fa35a5e9e22fc52-e4cd75f331770668-01", host:"ms-hello-observability-services.applications.svc.cluster.local:8080", connection:"close"]]
Logback 2025-04-17 04:24:32 INFO  o.g.c.f.AppMonitor:113 - trkid= traceID=cf81b57e6a9f1352795911530f9bbb0c span_id=0526ce06a4c5560c - action=statisticsEvent event=/start-all serviceStatusCode=200 responseTime=200 description="init Trx"
Logback 2025-04-17 04:24:32 DEBUG o.s.w.f.CommonsRequestLoggingFilter:47 - trkid= traceID=cf81b57e6a9f1352795911530f9bbb0c span_id=0526ce06a4c5560c - Before request [GET /start-all, client=172.19.0.1, headers=[x-request-id:"start-chile", user-agent:"PostmanRuntime/7.43.3", accept:"*/*", cache-control:"no-cache", postman-token:"82c3ed4b-2e8e-4eb0-a37c-d5574de1b2d4", host:"localhost:8080", accept-encoding:"gzip, deflate, br", connection:"keep-alive"]]
Logback 2025-04-17 04:24:33 DEBUG o.s.w.f.CommonsRequestLoggingFilter:55 - trkid= traceID=986a83dd28e14e479fa35a5e9e22fc52 span_id=0da3926503ebfeb1 - After request [GET /start-all, client=172.19.0.3, headers=[accept:"application/json, text/plain, */*", user-agent:"axios/1.7.9", accept-encoding:"gzip, compress, deflate, br", traceparent:"00-986a83dd28e14e479fa35a5e9e22fc52-e4cd75f331770668-01", host:"ms-hello-observability-services.applications.svc.cluster.local:8080", connection:"close"]]
Logback 2025-04-17 04:24:33 INFO  o.g.c.f.AppMonitor:113 - trkid= traceID=986a83dd28e14e479fa35a5e9e22fc52 span_id=0da3926503ebfeb1 - action=statisticsRequest uri=/start-all responseStatus=200 serviceStatusCode=200 httpStatusCode=200 responseTime=3375 description="Finish Trx org.apache.catalina.core.ApplicationContextFacade@1f00c594 | null"
Logback 2025-04-17 04:24:35 DEBUG o.s.w.f.CommonsRequestLoggingFilter:55 - trkid= traceID=cf81b57e6a9f1352795911530f9bbb0c span_id=0526ce06a4c5560c - After request [GET /start-all, client=172.19.0.1, headers=[x-request-id:"start-chile", user-agent:"PostmanRuntime/7.43.3", accept:"*/*", cache-control:"no-cache", postman-token:"82c3ed4b-2e8e-4eb0-a37c-d5574de1b2d4", host:"localhost:8080", accept-encoding:"gzip, deflate, br", connection:"keep-alive"]]
Logback 2025-04-17 04:24:35 INFO  o.g.c.f.AppMonitor:113 - trkid= traceID=cf81b57e6a9f1352795911530f9bbb0c span_id=0526ce06a4c5560c - action=statisticsRequest uri=/start-all responseStatus=200 serviceStatusCode=200 httpStatusCode=200 responseTime=2839 description="Finish Trx org.apache.catalina.core.ApplicationContextFacade@1f00c594 | null"
Logback 2025-04-17 04:24:37 INFO  o.g.c.f.AppMonitor:113 - trkid= traceID=3ce0aa135e2af8c30bb16a35b4e096d1 span_id=9652184dcfc9bc77 - action=statisticsEvent event=/posts-feing/90 serviceStatusCode=200 responseTime=200 description="init Trx"
Logback 2025-04-17 04:24:37 DEBUG o.s.w.f.CommonsRequestLoggingFilter:47 - trkid= traceID=3ce0aa135e2af8c30bb16a35b4e096d1 span_id=9652184dcfc9bc77 - Before request [GET /posts-feing/90?x-request-id=post-peru, client=172.19.0.1, headers=[user-agent:"PostmanRuntime/7.43.3", accept:"*/*", cache-control:"no-cache", postman-token:"6dbb310b-e4ac-4177-a464-ea205dcc5491", host:"localhost:8080", accept-encoding:"gzip, deflate, br", connection:"keep-alive"]]
Logback 2025-04-17 04:24:37 DEBUG o.s.w.f.CommonsRequestLoggingFilter:55 - trkid= traceID=3ce0aa135e2af8c30bb16a35b4e096d1 span_id=9652184dcfc9bc77 - After request [GET /posts-feing/90?x-request-id=post-peru, client=172.19.0.1, headers=[user-agent:"PostmanRuntime/7.43.3", accept:"*/*", cache-control:"no-cache", postman-token:"6dbb310b-e4ac-4177-a464-ea205dcc5491", host:"localhost:8080", accept-encoding:"gzip, deflate, br", connection:"keep-alive"]]
Logback 2025-04-17 04:24:37 INFO  o.g.c.f.AppMonitor:113 - trkid= traceID=3ce0aa135e2af8c30bb16a35b4e096d1 span_id=9652184dcfc9bc77 - action=statisticsRequest uri=/posts-feing/90 responseStatus=200 serviceStatusCode=200 httpStatusCode=200 responseTime=56 description="Finish Trx org.apache.catalina.core.ApplicationContextFacade@1f00c594 | null"
Logback 2025-04-17 04:24:39 INFO  o.g.c.f.AppMonitor:113 - trkid= traceID=58f4663ee936878c1d6e8174d4c96bf8 span_id=27e9b3e042df34a2 - action=statisticsEvent event=/posts-feing/40 serviceStatusCode=200 responseTime=200 description="init Trx"
Logback 2025-04-17 04:24:39 DEBUG o.s.w.f.CommonsRequestLoggingFilter:47 - trkid= traceID=58f4663ee936878c1d6e8174d4c96bf8 span_id=27e9b3e042df34a2 - Before request [GET /posts-feing/40?x-request-id=post-arg, client=172.19.0.1, headers=[user-agent:"PostmanRuntime/7.43.3", accept:"*/*", cache-control:"no-cache", postman-token:"629d9eeb-fbc0-49ea-8de9-91d932d0d3e6", host:"localhost:8080", accept-encoding:"gzip, deflate, br", connection:"keep-alive"]]
Logback 2025-04-17 04:24:39 DEBUG o.s.w.f.CommonsRequestLoggingFilter:55 - trkid= traceID=58f4663ee936878c1d6e8174d4c96bf8 span_id=27e9b3e042df34a2 - After request [GET /posts-feing/40?x-request-id=post-arg, client=172.19.0.1, headers=[user-agent:"PostmanRuntime/7.43.3", accept:"*/*", cache-control:"no-cache", postman-token:"629d9eeb-fbc0-49ea-8de9-91d932d0d3e6", host:"localhost:8080", accept-encoding:"gzip, deflate, br", connection:"keep-alive"]]
Logback 2025-04-17 04:24:39 INFO  o.g.c.f.AppMonitor:113 - trkid= traceID=58f4663ee936878c1d6e8174d4c96bf8 span_id=27e9b3e042df34a2 - action=statisticsRequest uri=/posts-feing/40 responseStatus=200 serviceStatusCode=200 httpStatusCode=200 responseTime=35 description="Finish Trx org.apache.catalina.core.ApplicationContextFacade@1f00c594 | null"
Logback 2025-04-17 04:24:41 INFO  o.g.c.f.AppMonitor:113 - trkid= traceID=1785b436a5d012d2d6414927a063e9d7 span_id=9a274fd4bcad6b13 - action=statisticsEvent event=/start-customer serviceStatusCode=200 responseTime=200 description="init Trx"
Logback 2025-04-17 04:24:41 DEBUG o.s.w.f.CommonsRequestLoggingFilter:47 - trkid= traceID=1785b436a5d012d2d6414927a063e9d7 span_id=9a274fd4bcad6b13 - Before request [GET /start-customer?x-request-id=customer-brasil, client=172.19.0.1, headers=[user-agent:"PostmanRuntime/7.43.3", accept:"*/*", cache-control:"no-cache", postman-token:"a444323d-294b-4500-99ef-719456e785bc", host:"localhost:8080", accept-encoding:"gzip, deflate, br", connection:"keep-alive"]]
Logback 2025-04-17 04:24:42 DEBUG o.s.w.f.CommonsRequestLoggingFilter:55 - trkid= traceID=1785b436a5d012d2d6414927a063e9d7 span_id=9a274fd4bcad6b13 - After request [GET /start-customer?x-request-id=customer-brasil, client=172.19.0.1, headers=[user-agent:"PostmanRuntime/7.43.3", accept:"*/*", cache-control:"no-cache", postman-token:"a444323d-294b-4500-99ef-719456e785bc", host:"localhost:8080", accept-encoding:"gzip, deflate, br", connection:"keep-alive"]]
Logback 2025-04-17 04:24:42 INFO  o.g.c.f.AppMonitor:113 - trkid= traceID=1785b436a5d012d2d6414927a063e9d7 span_id=9a274fd4bcad6b13 - action=statisticsRequest uri=/start-customer responseStatus=200 serviceStatusCode=200 httpStatusCode=200 responseTime=904 description="Finish Trx org.apache.catalina.core.ApplicationContextFacade@1f00c594 | null"
Logback 2025-04-17 04:24:44 INFO  o.g.c.f.AppMonitor:113 - trkid= traceID=93cc61170f1cd25c75f2c2b8460f74cf span_id=68c85a7668a1812d - action=statisticsEvent event=/start-seller serviceStatusCode=200 responseTime=200 description="init Trx"
Logback 2025-04-17 04:24:44 DEBUG o.s.w.f.CommonsRequestLoggingFilter:47 - trkid= traceID=93cc61170f1cd25c75f2c2b8460f74cf span_id=68c85a7668a1812d - Before request [GET /start-seller?x-request-id=seller-mexico, client=172.19.0.1, headers=[user-agent:"PostmanRuntime/7.43.3", accept:"*/*", cache-control:"no-cache", postman-token:"b6a796af-059d-4dc1-9951-4e0fa4dfe108", host:"localhost:8080", accept-encoding:"gzip, deflate, br", connection:"keep-alive"]]
Logback 2025-04-17 04:24:45 DEBUG o.s.w.f.CommonsRequestLoggingFilter:55 - trkid= traceID=93cc61170f1cd25c75f2c2b8460f74cf span_id=68c85a7668a1812d - After request [GET /start-seller?x-request-id=seller-mexico, client=172.19.0.1, headers=[user-agent:"PostmanRuntime/7.43.3", accept:"*/*", cache-control:"no-cache", postman-token:"b6a796af-059d-4dc1-9951-4e0fa4dfe108", host:"localhost:8080", accept-encoding:"gzip, deflate, br", connection:"keep-alive"]]
Logback 2025-04-17 04:24:45 INFO  o.g.c.f.AppMonitor:113 - trkid= traceID=93cc61170f1cd25c75f2c2b8460f74cf span_id=68c85a7668a1812d - action=statisticsRequest uri=/start-seller responseStatus=200 serviceStatusCode=200 httpStatusCode=200 responseTime=658 description="Finish Trx org.apache.catalina.core.ApplicationContextFacade@1f00c594 | null"
Logback 2025-04-17 04:24:47 INFO  o.g.c.f.AppMonitor:113 - trkid= traceID=7e764349ef504abb05097d284474795c span_id=92b6b8953ec0fd4c - action=statisticsEvent event=/start-all serviceStatusCode=200 responseTime=200 description="init Trx"
Logback 2025-04-17 04:24:47 DEBUG o.s.w.f.CommonsRequestLoggingFilter:47 - trkid= traceID=7e764349ef504abb05097d284474795c span_id=92b6b8953ec0fd4c - Before request [GET /start-all, client=172.19.0.3, headers=[accept:"application/json, text/plain, */*", user-agent:"axios/1.7.9", accept-encoding:"gzip, compress, deflate, br", traceparent:"00-7e764349ef504abb05097d284474795c-4f6576cac8343dde-01", host:"ms-hello-observability-services.applications.svc.cluster.local:8080", connection:"close"]]
Logback 2025-04-17 04:24:46 DEBUG o.s.w.f.CommonsRequestLoggingFilter:55 - trkid= traceID=7e764349ef504abb05097d284474795c span_id=92b6b8953ec0fd4c - After request [GET /start-all, client=172.19.0.3, headers=[accept:"application/json, text/plain, */*", user-agent:"axios/1.7.9", accept-encoding:"gzip, compress, deflate, br", traceparent:"00-7e764349ef504abb05097d284474795c-4f6576cac8343dde-01", host:"ms-hello-observability-services.applications.svc.cluster.local:8080", connection:"close"]]
Logback 2025-04-17 04:24:46 INFO  o.g.c.f.AppMonitor:113 - trkid= traceID=7e764349ef504abb05097d284474795c span_id=92b6b8953ec0fd4c - action=statisticsRequest uri=/start-all responseStatus=200 serviceStatusCode=200 httpStatusCode=200 responseTime=-439 description="Finish Trx org.apache.catalina.core.ApplicationContextFacade@1f00c594 | null"
Logback 2025-04-17 04:24:48 INFO  o.g.c.f.AppMonitor:113 - trkid= traceID=93ad78c049685d0aa34e5477a8933863 span_id=8b4356ca5ce8f3c2 - action=statisticsEvent event=/start-all serviceStatusCode=200 responseTime=200 description="init Trx"
Logback 2025-04-17 04:24:48 DEBUG o.s.w.f.CommonsRequestLoggingFilter:47 - trkid= traceID=93ad78c049685d0aa34e5477a8933863 span_id=8b4356ca5ce8f3c2 - Before request [GET /start-all, client=172.19.0.1, headers=[x-request-id:"start-chile", user-agent:"PostmanRuntime/7.43.3", accept:"*/*", cache-control:"no-cache", postman-token:"45b2567b-317a-406b-a373-188a6e4056e3", host:"localhost:8080", accept-encoding:"gzip, deflate, br", connection:"keep-alive"]]
Logback 2025-04-17 04:24:50 DEBUG o.s.w.f.CommonsRequestLoggingFilter:55 - trkid= traceID=93ad78c049685d0aa34e5477a8933863 span_id=8b4356ca5ce8f3c2 - After request [GET /start-all, client=172.19.0.1, headers=[x-request-id:"start-chile", user-agent:"PostmanRuntime/7.43.3", accept:"*/*", cache-control:"no-cache", postman-token:"45b2567b-317a-406b-a373-188a6e4056e3", host:"localhost:8080", accept-encoding:"gzip, deflate, br", connection:"keep-alive"]]
Logback 2025-04-17 04:24:50 INFO  o.g.c.f.AppMonitor:113 - trkid= traceID=93ad78c049685d0aa34e5477a8933863 span_id=8b4356ca5ce8f3c2 - action=statisticsRequest uri=/start-all responseStatus=200 serviceStatusCode=200 httpStatusCode=200 responseTime=1867 description="Finish Trx org.apache.catalina.core.ApplicationContextFacade@1f00c594 | null"
Logback 2025-04-17 04:24:52 INFO  o.g.c.f.AppMonitor:113 - trkid= traceID=367d0bf504abaf069059614fa1c8b938 span_id=cf0aea4c0daf5e08 - action=statisticsEvent event=/posts-feing/90 serviceStatusCode=200 responseTime=200 description="init Trx"
Logback 2025-04-17 04:24:52 DEBUG o.s.w.f.CommonsRequestLoggingFilter:47 - trkid= traceID=367d0bf504abaf069059614fa1c8b938 span_id=cf0aea4c0daf5e08 - Before request [GET /posts-feing/90?x-request-id=post-peru, client=172.19.0.1, headers=[user-agent:"PostmanRuntime/7.43.3", accept:"*/*", cache-control:"no-cache", postman-token:"0ee5de12-51ba-46f2-bfb1-026757e9cab4", host:"localhost:8080", accept-encoding:"gzip, deflate, br", connection:"keep-alive"]]
Logback 2025-04-17 04:24:52 DEBUG o.s.w.f.CommonsRequestLoggingFilter:55 - trkid= traceID=367d0bf504abaf069059614fa1c8b938 span_id=cf0aea4c0daf5e08 - After request [GET /posts-feing/90?x-request-id=post-peru, client=172.19.0.1, headers=[user-agent:"PostmanRuntime/7.43.3", accept:"*/*", cache-control:"no-cache", postman-token:"0ee5de12-51ba-46f2-bfb1-026757e9cab4", host:"localhost:8080", accept-encoding:"gzip, deflate, br", connection:"keep-alive"]]
Logback 2025-04-17 04:24:52 INFO  o.g.c.f.AppMonitor:113 - trkid= traceID=367d0bf504abaf069059614fa1c8b938 span_id=cf0aea4c0daf5e08 - action=statisticsRequest uri=/posts-feing/90 responseStatus=200 serviceStatusCode=200 httpStatusCode=200 responseTime=114 description="Finish Trx org.apache.catalina.core.ApplicationContextFacade@1f00c594 | null"
Logback 2025-04-17 04:24:54 INFO  o.g.c.f.AppMonitor:113 - trkid= traceID=d76bb184b0f3e7fff9f8ab6263f44ea5 span_id=5b1a31c12edd8be6 - action=statisticsEvent event=/posts-feing/40 serviceStatusCode=200 responseTime=200 description="init Trx"
Logback 2025-04-17 04:24:54 DEBUG o.s.w.f.CommonsRequestLoggingFilter:47 - trkid= traceID=d76bb184b0f3e7fff9f8ab6263f44ea5 span_id=5b1a31c12edd8be6 - Before request [GET /posts-feing/40?x-request-id=post-arg, client=172.19.0.1, headers=[user-agent:"PostmanRuntime/7.43.3", accept:"*/*", cache-control:"no-cache", postman-token:"866fa8b2-a889-4f2d-9f66-ce4361ec7911", host:"localhost:8080", accept-encoding:"gzip, deflate, br", connection:"keep-alive"]]
Logback 2025-04-17 04:24:54 DEBUG o.s.w.f.CommonsRequestLoggingFilter:55 - trkid= traceID=d76bb184b0f3e7fff9f8ab6263f44ea5 span_id=5b1a31c12edd8be6 - After request [GET /posts-feing/40?x-request-id=post-arg, client=172.19.0.1, headers=[user-agent:"PostmanRuntime/7.43.3", accept:"*/*", cache-control:"no-cache", postman-token:"866fa8b2-a889-4f2d-9f66-ce4361ec7911", host:"localhost:8080", accept-encoding:"gzip, deflate, br", connection:"keep-alive"]]
Logback 2025-04-17 04:24:54 INFO  o.g.c.f.AppMonitor:113 - trkid= traceID=d76bb184b0f3e7fff9f8ab6263f44ea5 span_id=5b1a31c12edd8be6 - action=statisticsRequest uri=/posts-feing/40 responseStatus=200 serviceStatusCode=200 httpStatusCode=200 responseTime=26 description="Finish Trx org.apache.catalina.core.ApplicationContextFacade@1f00c594 | null"
Logback 2025-04-17 04:24:56 INFO  o.g.c.f.AppMonitor:113 - trkid= traceID=6f38f81900d15cbb1e9f9d9aa426da37 span_id=3f241ddab1e5c317 - action=statisticsEvent event=/start-customer serviceStatusCode=200 responseTime=200 description="init Trx"
Logback 2025-04-17 04:24:56 DEBUG o.s.w.f.CommonsRequestLoggingFilter:47 - trkid= traceID=6f38f81900d15cbb1e9f9d9aa426da37 span_id=3f241ddab1e5c317 - Before request [GET /start-customer?x-request-id=customer-brasil, client=172.19.0.1, headers=[user-agent:"PostmanRuntime/7.43.3", accept:"*/*", cache-control:"no-cache", postman-token:"328b6fec-6178-4433-87a5-07caab8d2b64", host:"localhost:8080", accept-encoding:"gzip, deflate, br", connection:"keep-alive"]]
Logback 2025-04-17 04:24:57 DEBUG o.s.w.f.CommonsRequestLoggingFilter:55 - trkid= traceID=6f38f81900d15cbb1e9f9d9aa426da37 span_id=3f241ddab1e5c317 - After request [GET /start-customer?x-request-id=customer-brasil, client=172.19.0.1, headers=[user-agent:"PostmanRuntime/7.43.3", accept:"*/*", cache-control:"no-cache", postman-token:"328b6fec-6178-4433-87a5-07caab8d2b64", host:"localhost:8080", accept-encoding:"gzip, deflate, br", connection:"keep-alive"]]
Logback 2025-04-17 04:24:57 INFO  o.g.c.f.AppMonitor:113 - trkid= traceID=6f38f81900d15cbb1e9f9d9aa426da37 span_id=3f241ddab1e5c317 - action=statisticsRequest uri=/start-customer responseStatus=200 serviceStatusCode=200 httpStatusCode=200 responseTime=865 description="Finish Trx org.apache.catalina.core.ApplicationContextFacade@1f00c594 | null"
Logback 2025-04-17 04:24:59 INFO  o.g.c.f.AppMonitor:113 - trkid= traceID=1875f893bea3038af3a85f3e31e3594c span_id=97a10bc1a9465ee3 - action=statisticsEvent event=/start-seller serviceStatusCode=200 responseTime=200 description="init Trx"
Logback 2025-04-17 04:24:59 DEBUG o.s.w.f.CommonsRequestLoggingFilter:47 - trkid= traceID=1875f893bea3038af3a85f3e31e3594c span_id=97a10bc1a9465ee3 - Before request [GET /start-seller?x-request-id=seller-mexico, client=172.19.0.1, headers=[user-agent:"PostmanRuntime/7.43.3", accept:"*/*", cache-control:"no-cache", postman-token:"d1f7eb0f-de8a-4830-abfc-a6b071256691", host:"localhost:8080", accept-encoding:"gzip, deflate, br", connection:"keep-alive"]]
Logback 2025-04-17 04:25:00 DEBUG o.s.w.f.CommonsRequestLoggingFilter:55 - trkid= traceID=1875f893bea3038af3a85f3e31e3594c span_id=97a10bc1a9465ee3 - After request [GET /start-seller?x-request-id=seller-mexico, client=172.19.0.1, headers=[user-agent:"PostmanRuntime/7.43.3", accept:"*/*", cache-control:"no-cache", postman-token:"d1f7eb0f-de8a-4830-abfc-a6b071256691", host:"localhost:8080", accept-encoding:"gzip, deflate, br", connection:"keep-alive"]]
Logback 2025-04-17 04:25:00 INFO  o.g.c.f.AppMonitor:113 - trkid= traceID=1875f893bea3038af3a85f3e31e3594c span_id=97a10bc1a9465ee3 - action=statisticsRequest uri=/start-seller responseStatus=200 serviceStatusCode=200 httpStatusCode=200 responseTime=918 description="Finish Trx org.apache.catalina.core.ApplicationContextFacade@1f00c594 | null"
Logback 2025-04-17 04:25:02 INFO  o.g.c.f.AppMonitor:113 - trkid= traceID=ec7dd5420374e5bcdc3fa066846b28b6 span_id=da9496808488f8fe - action=statisticsEvent event=/start-all serviceStatusCode=200 responseTime=200 description="init Trx"
Logback 2025-04-17 04:25:02 DEBUG o.s.w.f.CommonsRequestLoggingFilter:47 - trkid= traceID=ec7dd5420374e5bcdc3fa066846b28b6 span_id=da9496808488f8fe - Before request [GET /start-all, client=172.19.0.3, headers=[accept:"application/json, text/plain, */*", user-agent:"axios/1.7.9", accept-encoding:"gzip, compress, deflate, br", traceparent:"00-ec7dd5420374e5bcdc3fa066846b28b6-2b57d355397ff253-01", host:"ms-hello-observability-services.applications.svc.cluster.local:8080", connection:"close"]]
Logback 2025-04-17 04:25:04 DEBUG o.s.w.f.CommonsRequestLoggingFilter:55 - trkid= traceID=ec7dd5420374e5bcdc3fa066846b28b6 span_id=da9496808488f8fe - After request [GET /start-all, client=172.19.0.3, headers=[accept:"application/json, text/plain, */*", user-agent:"axios/1.7.9", accept-encoding:"gzip, compress, deflate, br", traceparent:"00-ec7dd5420374e5bcdc3fa066846b28b6-2b57d355397ff253-01", host:"ms-hello-observability-services.applications.svc.cluster.local:8080", connection:"close"]]
Logback 2025-04-17 04:25:04 INFO  o.g.c.f.AppMonitor:113 - trkid= traceID=ec7dd5420374e5bcdc3fa066846b28b6 span_id=da9496808488f8fe - action=statisticsRequest uri=/start-all responseStatus=200 serviceStatusCode=200 httpStatusCode=200 responseTime=1709 description="Finish Trx org.apache.catalina.core.ApplicationContextFacade@1f00c594 | null"
Logback 2025-04-17 04:25:05 INFO  o.g.c.f.AppMonitor:113 - trkid= traceID=dd753b987f1436618bdfcf272c52146e span_id=c47d3a5b9f6ba33e - action=statisticsEvent event=/start-all serviceStatusCode=200 responseTime=200 description="init Trx"
Logback 2025-04-17 04:25:05 DEBUG o.s.w.f.CommonsRequestLoggingFilter:47 - trkid= traceID=dd753b987f1436618bdfcf272c52146e span_id=c47d3a5b9f6ba33e - Before request [GET /start-all, client=172.19.0.1, headers=[x-request-id:"start-chile", user-agent:"PostmanRuntime/7.43.3", accept:"*/*", cache-control:"no-cache", postman-token:"a8abeee1-e600-4e1c-a212-9612c7e2dbea", host:"localhost:8080", accept-encoding:"gzip, deflate, br", connection:"keep-alive"]]
Logback 2025-04-17 04:25:08 DEBUG o.s.w.f.CommonsRequestLoggingFilter:55 - trkid= traceID=dd753b987f1436618bdfcf272c52146e span_id=c47d3a5b9f6ba33e - After request [GET /start-all, client=172.19.0.1, headers=[x-request-id:"start-chile", user-agent:"PostmanRuntime/7.43.3", accept:"*/*", cache-control:"no-cache", postman-token:"a8abeee1-e600-4e1c-a212-9612c7e2dbea", host:"localhost:8080", accept-encoding:"gzip, deflate, br", connection:"keep-alive"]]
Logback 2025-04-17 04:25:08 INFO  o.g.c.f.AppMonitor:113 - trkid= traceID=dd753b987f1436618bdfcf272c52146e span_id=c47d3a5b9f6ba33e - action=statisticsRequest uri=/start-all responseStatus=200 serviceStatusCode=200 httpStatusCode=200 responseTime=3340 description="Finish Trx org.apache.catalina.core.ApplicationContextFacade@1f00c594 | null"
Logback 2025-04-17 04:25:10 INFO  o.g.c.f.AppMonitor:113 - trkid= traceID=a5c641ce9e66ba49abc2f4b0bfb44b55 span_id=69b0c5a1f5cb24f3 - action=statisticsEvent event=/posts-feing/90 serviceStatusCode=200 responseTime=200 description="init Trx"
Logback 2025-04-17 04:25:10 DEBUG o.s.w.f.CommonsRequestLoggingFilter:47 - trkid= traceID=a5c641ce9e66ba49abc2f4b0bfb44b55 span_id=69b0c5a1f5cb24f3 - Before request [GET /posts-feing/90?x-request-id=post-peru, client=172.19.0.1, headers=[user-agent:"PostmanRuntime/7.43.3", accept:"*/*", cache-control:"no-cache", postman-token:"784f589b-29b3-4cbb-a665-672a3f694212", host:"localhost:8080", accept-encoding:"gzip, deflate, br", connection:"keep-alive"]]
Logback 2025-04-17 04:25:10 DEBUG o.s.w.f.CommonsRequestLoggingFilter:55 - trkid= traceID=a5c641ce9e66ba49abc2f4b0bfb44b55 span_id=69b0c5a1f5cb24f3 - After request [GET /posts-feing/90?x-request-id=post-peru, client=172.19.0.1, headers=[user-agent:"PostmanRuntime/7.43.3", accept:"*/*", cache-control:"no-cache", postman-token:"784f589b-29b3-4cbb-a665-672a3f694212", host:"localhost:8080", accept-encoding:"gzip, deflate, br", connection:"keep-alive"]]
Logback 2025-04-17 04:25:10 INFO  o.g.c.f.AppMonitor:113 - trkid= traceID=a5c641ce9e66ba49abc2f4b0bfb44b55 span_id=69b0c5a1f5cb24f3 - action=statisticsRequest uri=/posts-feing/90 responseStatus=200 serviceStatusCode=200 httpStatusCode=200 responseTime=81 description="Finish Trx org.apache.catalina.core.ApplicationContextFacade@1f00c594 | null"
Logback 2025-04-17 04:25:12 INFO  o.g.c.f.AppMonitor:113 - trkid= traceID=6250ea5c3eea8516deb567376b0886fa span_id=c2f34e34256b295d - action=statisticsEvent event=/posts-feing/40 serviceStatusCode=200 responseTime=200 description="init Trx"
Logback 2025-04-17 04:25:12 DEBUG o.s.w.f.CommonsRequestLoggingFilter:47 - trkid= traceID=6250ea5c3eea8516deb567376b0886fa span_id=c2f34e34256b295d - Before request [GET /posts-feing/40?x-request-id=post-arg, client=172.19.0.1, headers=[user-agent:"PostmanRuntime/7.43.3", accept:"*/*", cache-control:"no-cache", postman-token:"e038733f-caa2-457a-a618-9bd73832fce8", host:"localhost:8080", accept-encoding:"gzip, deflate, br", connection:"keep-alive"]]
Logback 2025-04-17 04:25:12 DEBUG o.s.w.f.CommonsRequestLoggingFilter:55 - trkid= traceID=6250ea5c3eea8516deb567376b0886fa span_id=c2f34e34256b295d - After request [GET /posts-feing/40?x-request-id=post-arg, client=172.19.0.1, headers=[user-agent:"PostmanRuntime/7.43.3", accept:"*/*", cache-control:"no-cache", postman-token:"e038733f-caa2-457a-a618-9bd73832fce8", host:"localhost:8080", accept-encoding:"gzip, deflate, br", connection:"keep-alive"]]
Logback 2025-04-17 04:25:12 INFO  o.g.c.f.AppMonitor:113 - trkid= traceID=6250ea5c3eea8516deb567376b0886fa span_id=c2f34e34256b295d - action=statisticsRequest uri=/posts-feing/40 responseStatus=200 serviceStatusCode=200 httpStatusCode=200 responseTime=27 description="Finish Trx org.apache.catalina.core.ApplicationContextFacade@1f00c594 | null"
Logback 2025-04-17 04:25:14 INFO  o.g.c.f.AppMonitor:113 - trkid= traceID=9511c97073ec9312d43f9a3e3879eaa7 span_id=ed11463413cddb04 - action=statisticsEvent event=/start-customer serviceStatusCode=200 responseTime=200 description="init Trx"
Logback 2025-04-17 04:25:14 DEBUG o.s.w.f.CommonsRequestLoggingFilter:47 - trkid= traceID=9511c97073ec9312d43f9a3e3879eaa7 span_id=ed11463413cddb04 - Before request [GET /start-customer?x-request-id=customer-brasil, client=172.19.0.1, headers=[user-agent:"PostmanRuntime/7.43.3", accept:"*/*", cache-control:"no-cache", postman-token:"d94d0c45-caa2-4c04-8e36-52676a8651fb", host:"localhost:8080", accept-encoding:"gzip, deflate, br", connection:"keep-alive"]]
Logback 2025-04-17 04:25:15 DEBUG o.s.w.f.CommonsRequestLoggingFilter:55 - trkid= traceID=9511c97073ec9312d43f9a3e3879eaa7 span_id=ed11463413cddb04 - After request [GET /start-customer?x-request-id=customer-brasil, client=172.19.0.1, headers=[user-agent:"PostmanRuntime/7.43.3", accept:"*/*", cache-control:"no-cache", postman-token:"d94d0c45-caa2-4c04-8e36-52676a8651fb", host:"localhost:8080", accept-encoding:"gzip, deflate, br", connection:"keep-alive"]]
Logback 2025-04-17 04:25:15 INFO  o.g.c.f.AppMonitor:113 - trkid= traceID=9511c97073ec9312d43f9a3e3879eaa7 span_id=ed11463413cddb04 - action=statisticsRequest uri=/start-customer responseStatus=200 serviceStatusCode=200 httpStatusCode=200 responseTime=847 description="Finish Trx org.apache.catalina.core.ApplicationContextFacade@1f00c594 | null"
Logback 2025-04-17 04:25:16 INFO  o.g.c.f.AppMonitor:113 - trkid= traceID=cea9b63e2b34b6576026240fbf07e09d span_id=4b221dedc2bbe84d - action=statisticsEvent event=/start-seller serviceStatusCode=200 responseTime=200 description="init Trx"
Logback 2025-04-17 04:25:16 DEBUG o.s.w.f.CommonsRequestLoggingFilter:47 - trkid= traceID=cea9b63e2b34b6576026240fbf07e09d span_id=4b221dedc2bbe84d - Before request [GET /start-seller?x-request-id=seller-mexico, client=172.19.0.1, headers=[user-agent:"PostmanRuntime/7.43.3", accept:"*/*", cache-control:"no-cache", postman-token:"13fd8662-135d-4c70-b5b2-af0aa3eeb17a", host:"localhost:8080", accept-encoding:"gzip, deflate, br", connection:"keep-alive"]]
Logback 2025-04-17 04:25:16 DEBUG o.s.w.f.CommonsRequestLoggingFilter:55 - trkid= traceID=cea9b63e2b34b6576026240fbf07e09d span_id=4b221dedc2bbe84d - After request [GET /start-seller?x-request-id=seller-mexico, client=172.19.0.1, headers=[user-agent:"PostmanRuntime/7.43.3", accept:"*/*", cache-control:"no-cache", postman-token:"13fd8662-135d-4c70-b5b2-af0aa3eeb17a", host:"localhost:8080", accept-encoding:"gzip, deflate, br", connection:"keep-alive"]]
Logback 2025-04-17 04:25:16 INFO  o.g.c.f.AppMonitor:113 - trkid= traceID=cea9b63e2b34b6576026240fbf07e09d span_id=4b221dedc2bbe84d - action=statisticsRequest uri=/start-seller responseStatus=200 serviceStatusCode=200 httpStatusCode=200 responseTime=271 description="Finish Trx org.apache.catalina.core.ApplicationContextFacade@1f00c594 | null"
Logback 2025-04-17 04:25:19 INFO  o.g.c.f.AppMonitor:113 - trkid= traceID=b3a21eb3f9c7185e112d5eb6c0826450 span_id=59fefb98b70ea0bc - action=statisticsEvent event=/start-all serviceStatusCode=200 responseTime=200 description="init Trx"
Logback 2025-04-17 04:25:19 DEBUG o.s.w.f.CommonsRequestLoggingFilter:47 - trkid= traceID=b3a21eb3f9c7185e112d5eb6c0826450 span_id=59fefb98b70ea0bc - Before request [GET /start-all, client=172.19.0.3, headers=[accept:"application/json, text/plain, */*", user-agent:"axios/1.7.9", accept-encoding:"gzip, compress, deflate, br", traceparent:"00-b3a21eb3f9c7185e112d5eb6c0826450-a49a6ea67524c522-01", host:"ms-hello-observability-services.applications.svc.cluster.local:8080", connection:"close"]]
Logback 2025-04-17 04:25:21 INFO  o.g.c.f.AppMonitor:113 - trkid= traceID=5db224ecf1dc4a1fb6976a2c7d270bb5 span_id=3ea5f88b8b0a3658 - action=statisticsEvent event=/start-all serviceStatusCode=200 responseTime=200 description="init Trx"
Logback 2025-04-17 04:25:21 DEBUG o.s.w.f.CommonsRequestLoggingFilter:47 - trkid= traceID=5db224ecf1dc4a1fb6976a2c7d270bb5 span_id=3ea5f88b8b0a3658 - Before request [GET /start-all, client=172.19.0.1, headers=[x-request-id:"start-chile", user-agent:"PostmanRuntime/7.43.3", accept:"*/*", cache-control:"no-cache", postman-token:"555cdbb5-e77b-4f9a-971b-28841c91d49e", host:"localhost:8080", accept-encoding:"gzip, deflate, br", connection:"keep-alive"]]
Logback 2025-04-17 04:25:21 DEBUG o.s.w.f.CommonsRequestLoggingFilter:55 - trkid= traceID=5db224ecf1dc4a1fb6976a2c7d270bb5 span_id=3ea5f88b8b0a3658 - After request [GET /start-all, client=172.19.0.1, headers=[x-request-id:"start-chile", user-agent:"PostmanRuntime/7.43.3", accept:"*/*", cache-control:"no-cache", postman-token:"555cdbb5-e77b-4f9a-971b-28841c91d49e", host:"localhost:8080", accept-encoding:"gzip, deflate, br", connection:"keep-alive"]]
Logback 2025-04-17 04:25:21 ERROR o.a.c.c.C.[.[.[.[dispatcherServlet]:175 - trkid= traceID=5db224ecf1dc4a1fb6976a2c7d270bb5 span_id=3ea5f88b8b0a3658 - Servlet.service() for servlet [dispatcherServlet] in context with path [] threw exception
java.io.IOException: Random error with /start-customer!
	at org.grafana.controller.PrincipalController.randomError(PrincipalController.java:162)
	at org.grafana.controller.PrincipalController.startCustomer(PrincipalController.java:82)
	at org.grafana.controller.PrincipalController.startProcess(PrincipalController.java:52)
	at jdk.internal.reflect.GeneratedMethodAccessor35.invoke(Unknown Source)
	at java.base/jdk.internal.reflect.DelegatingMethodAccessorImpl.invoke(DelegatingMethodAccessorImpl.java:43)
	at java.base/java.lang.reflect.Method.invoke(Method.java:568)
	at org.springframework.web.method.support.InvocableHandlerMethod.doInvoke(InvocableHandlerMethod.java:205)
	at org.springframework.web.method.support.InvocableHandlerMethod.invokeForRequest(InvocableHandlerMethod.java:150)
	at org.springframework.web.servlet.mvc.method.annotation.ServletInvocableHandlerMethod.invokeAndHandle(ServletInvocableHandlerMethod.java:117)
	at org.springframework.web.servlet.mvc.method.annotation.RequestMappingHandlerAdapter.invokeHandlerMethod(RequestMappingHandlerAdapter.java:895)
	at org.springframework.web.servlet.mvc.method.annotation.RequestMappingHandlerAdapter.handleInternal(RequestMappingHandlerAdapter.java:808)
	at org.springframework.web.servlet.mvc.method.AbstractHandlerMethodAdapter.handle(AbstractHandlerMethodAdapter.java:87)
	at org.springframework.web.servlet.DispatcherServlet.doDispatch(DispatcherServlet.java:1072)
	at org.springframework.web.servlet.DispatcherServlet.doService(DispatcherServlet.java:965)
	at org.springframework.web.servlet.FrameworkServlet.processRequest(FrameworkServlet.java:1006)
	at org.springframework.web.servlet.FrameworkServlet.doGet(FrameworkServlet.java:898)
	at javax.servlet.http.HttpServlet.service(HttpServlet.java:529)
	at org.springframework.web.servlet.FrameworkServlet.service(FrameworkServlet.java:883)
	at javax.servlet.http.HttpServlet.service(HttpServlet.java:623)
	at org.apache.catalina.core.ApplicationFilterChain.internalDoFilter(ApplicationFilterChain.java:209)
	at org.apache.catalina.core.ApplicationFilterChain.doFilter(ApplicationFilterChain.java:153)
	at org.apache.tomcat.websocket.server.WsFilter.doFilter(WsFilter.java:51)
	at org.apache.catalina.core.ApplicationFilterChain.internalDoFilter(ApplicationFilterChain.java:178)
	at org.apache.catalina.core.ApplicationFilterChain.doFilter(ApplicationFilterChain.java:153)
	at org.springframework.web.filter.AbstractRequestLoggingFilter.doFilterInternal(AbstractRequestLoggingFilter.java:289)
	at org.springframework.web.filter.OncePerRequestFilter.doFilter(OncePerRequestFilter.java:117)
	at org.apache.catalina.core.ApplicationFilterChain.internalDoFilter(ApplicationFilterChain.java:178)
	at org.apache.catalina.core.ApplicationFilterChain.doFilter(ApplicationFilterChain.java:153)
	at org.grafana.config.filter.FilterAsInterceptorAdapter.doFilter(FilterAsInterceptorAdapter.java:25)
	at org.apache.catalina.core.ApplicationFilterChain.internalDoFilter(ApplicationFilterChain.java:178)
	at org.apache.catalina.core.ApplicationFilterChain.doFilter(ApplicationFilterChain.java:153)
	at org.springframework.web.filter.RequestContextFilter.doFilterInternal(RequestContextFilter.java:100)
	at org.springframework.web.filter.OncePerRequestFilter.doFilter(OncePerRequestFilter.java:117)
	at org.apache.catalina.core.ApplicationFilterChain.internalDoFilter(ApplicationFilterChain.java:178)
	at org.apache.catalina.core.ApplicationFilterChain.doFilter(ApplicationFilterChain.java:153)
	at org.springframework.web.filter.FormContentFilter.doFilterInternal(FormContentFilter.java:93)
	at org.springframework.web.filter.OncePerRequestFilter.doFilter(OncePerRequestFilter.java:117)
	at org.apache.catalina.core.ApplicationFilterChain.internalDoFilter(ApplicationFilterChain.java:178)
	at org.apache.catalina.core.ApplicationFilterChain.doFilter(ApplicationFilterChain.java:153)
	at org.springframework.web.servlet.v3_1.OpenTelemetryHandlerMappingFilter.doFilter(OpenTelemetryHandlerMappingFilter.java:83)
	at org.apache.catalina.core.ApplicationFilterChain.internalDoFilter(ApplicationFilterChain.java:178)
	at org.apache.catalina.core.ApplicationFilterChain.doFilter(ApplicationFilterChain.java:153)
	at org.springframework.boot.actuate.metrics.web.servlet.WebMvcMetricsFilter.doFilterInternal(WebMvcMetricsFilter.java:96)
	at org.springframework.web.filter.OncePerRequestFilter.doFilter(OncePerRequestFilter.java:117)
	at org.apache.catalina.core.ApplicationFilterChain.internalDoFilter(ApplicationFilterChain.java:178)
	at org.apache.catalina.core.ApplicationFilterChain.doFilter(ApplicationFilterChain.java:153)
	at org.springframework.web.filter.CharacterEncodingFilter.doFilterInternal(CharacterEncodingFilter.java:201)
	at org.springframework.web.filter.OncePerRequestFilter.doFilter(OncePerRequestFilter.java:117)
	at org.apache.catalina.core.ApplicationFilterChain.internalDoFilter(ApplicationFilterChain.java:178)
	at org.apache.catalina.core.ApplicationFilterChain.doFilter(ApplicationFilterChain.java:153)
	at org.apache.catalina.core.StandardWrapperValve.invoke(StandardWrapperValve.java:168)
	at org.apache.catalina.core.StandardContextValve.invoke(StandardContextValve.java:90)
	at org.apache.catalina.authenticator.AuthenticatorBase.invoke(AuthenticatorBase.java:481)
	at org.apache.catalina.core.StandardHostValve.invoke(StandardHostValve.java:130)
	at org.apache.catalina.valves.ErrorReportValve.invoke(ErrorReportValve.java:93)
	at org.apache.catalina.core.StandardEngineValve.invoke(StandardEngineValve.java:74)
	at org.apache.catalina.valves.AbstractAccessLogValve.invoke(AbstractAccessLogValve.java:670)
	at org.apache.catalina.connector.CoyoteAdapter.service(CoyoteAdapter.java:342)
	at org.apache.coyote.http11.Http11Processor.service(Http11Processor.java:390)
	at org.apache.coyote.AbstractProcessorLight.process(AbstractProcessorLight.java:63)
	at org.apache.coyote.AbstractProtocol$ConnectionHandler.process(AbstractProtocol.java:928)
	at org.apache.tomcat.util.net.NioEndpoint$SocketProcessor.doRun(NioEndpoint.java:1794)
	at org.apache.tomcat.util.net.SocketProcessorBase.run(SocketProcessorBase.java:52)
	at org.apache.tomcat.util.threads.ThreadPoolExecutor.runWorker(ThreadPoolExecutor.java:1191)
	at org.apache.tomcat.util.threads.ThreadPoolExecutor$Worker.run(ThreadPoolExecutor.java:659)
	at org.apache.tomcat.util.threads.TaskThread$WrappingRunnable.run(TaskThread.java:61)
	at java.base/java.lang.Thread.run(Thread.java:833)
Logback 2025-04-17 04:25:22 DEBUG o.s.w.f.CommonsRequestLoggingFilter:55 - trkid= traceID=b3a21eb3f9c7185e112d5eb6c0826450 span_id=59fefb98b70ea0bc - After request [GET /start-all, client=172.19.0.3, headers=[accept:"application/json, text/plain, */*", user-agent:"axios/1.7.9", accept-encoding:"gzip, compress, deflate, br", traceparent:"00-b3a21eb3f9c7185e112d5eb6c0826450-a49a6ea67524c522-01", host:"ms-hello-observability-services.applications.svc.cluster.local:8080", connection:"close"]]
Logback 2025-04-17 04:25:22 INFO  o.g.c.f.AppMonitor:113 - trkid= traceID=b3a21eb3f9c7185e112d5eb6c0826450 span_id=59fefb98b70ea0bc - action=statisticsRequest uri=/start-all responseStatus=200 serviceStatusCode=200 httpStatusCode=200 responseTime=3292 description="Finish Trx org.apache.catalina.core.ApplicationContextFacade@1f00c594 | null"
Logback 2025-04-17 04:25:23 INFO  o.g.c.f.AppMonitor:113 - trkid= traceID=40eae8a1152e488070fd158376f51514 span_id=4fb8c919fbf9c80b - action=statisticsEvent event=/posts-feing/90 serviceStatusCode=200 responseTime=200 description="init Trx"
Logback 2025-04-17 04:25:23 DEBUG o.s.w.f.CommonsRequestLoggingFilter:47 - trkid= traceID=40eae8a1152e488070fd158376f51514 span_id=4fb8c919fbf9c80b - Before request [GET /posts-feing/90?x-request-id=post-peru, client=172.19.0.1, headers=[user-agent:"PostmanRuntime/7.43.3", accept:"*/*", cache-control:"no-cache", postman-token:"816892c5-20ef-431b-a75e-c3520f95106c", host:"localhost:8080", accept-encoding:"gzip, deflate, br", connection:"keep-alive"]]
Logback 2025-04-17 04:25:23 DEBUG o.s.w.f.CommonsRequestLoggingFilter:55 - trkid= traceID=40eae8a1152e488070fd158376f51514 span_id=4fb8c919fbf9c80b - After request [GET /posts-feing/90?x-request-id=post-peru, client=172.19.0.1, headers=[user-agent:"PostmanRuntime/7.43.3", accept:"*/*", cache-control:"no-cache", postman-token:"816892c5-20ef-431b-a75e-c3520f95106c", host:"localhost:8080", accept-encoding:"gzip, deflate, br", connection:"keep-alive"]]
Logback 2025-04-17 04:25:23 INFO  o.g.c.f.AppMonitor:113 - trkid= traceID=40eae8a1152e488070fd158376f51514 span_id=4fb8c919fbf9c80b - action=statisticsRequest uri=/posts-feing/90 responseStatus=200 serviceStatusCode=200 httpStatusCode=200 responseTime=57 description="Finish Trx org.apache.catalina.core.ApplicationContextFacade@1f00c594 | null"
Logback 2025-04-17 04:25:25 INFO  o.g.c.f.AppMonitor:113 - trkid= traceID=f0349c3a172132a8a36ff008c0755096 span_id=b2940ab8145681fa - action=statisticsEvent event=/posts-feing/40 serviceStatusCode=200 responseTime=200 description="init Trx"
Logback 2025-04-17 04:25:25 DEBUG o.s.w.f.CommonsRequestLoggingFilter:47 - trkid= traceID=f0349c3a172132a8a36ff008c0755096 span_id=b2940ab8145681fa - Before request [GET /posts-feing/40?x-request-id=post-arg, client=172.19.0.1, headers=[user-agent:"PostmanRuntime/7.43.3", accept:"*/*", cache-control:"no-cache", postman-token:"67f9ab46-0626-47a8-89fa-1ba564d86b15", host:"localhost:8080", accept-encoding:"gzip, deflate, br", connection:"keep-alive"]]
Logback 2025-04-17 04:25:25 DEBUG o.s.w.f.CommonsRequestLoggingFilter:55 - trkid= traceID=f0349c3a172132a8a36ff008c0755096 span_id=b2940ab8145681fa - After request [GET /posts-feing/40?x-request-id=post-arg, client=172.19.0.1, headers=[user-agent:"PostmanRuntime/7.43.3", accept:"*/*", cache-control:"no-cache", postman-token:"67f9ab46-0626-47a8-89fa-1ba564d86b15", host:"localhost:8080", accept-encoding:"gzip, deflate, br", connection:"keep-alive"]]
Logback 2025-04-17 04:25:25 INFO  o.g.c.f.AppMonitor:113 - trkid= traceID=f0349c3a172132a8a36ff008c0755096 span_id=b2940ab8145681fa - action=statisticsRequest uri=/posts-feing/40 responseStatus=200 serviceStatusCode=200 httpStatusCode=200 responseTime=35 description="Finish Trx org.apache.catalina.core.ApplicationContextFacade@1f00c594 | null"
Logback 2025-04-17 04:25:27 INFO  o.g.c.f.AppMonitor:113 - trkid= traceID=afae0a675de54d96dbed28af6e382fc5 span_id=df907da34c054d9c - action=statisticsEvent event=/start-customer serviceStatusCode=200 responseTime=200 description="init Trx"
Logback 2025-04-17 04:25:27 DEBUG o.s.w.f.CommonsRequestLoggingFilter:47 - trkid= traceID=afae0a675de54d96dbed28af6e382fc5 span_id=df907da34c054d9c - Before request [GET /start-customer?x-request-id=customer-brasil, client=172.19.0.1, headers=[user-agent:"PostmanRuntime/7.43.3", accept:"*/*", cache-control:"no-cache", postman-token:"69369877-e99c-4c05-bc0a-c16cbe9a2523", host:"localhost:8080", accept-encoding:"gzip, deflate, br", connection:"keep-alive"]]
Logback 2025-04-17 04:25:28 DEBUG o.s.w.f.CommonsRequestLoggingFilter:55 - trkid= traceID=afae0a675de54d96dbed28af6e382fc5 span_id=df907da34c054d9c - After request [GET /start-customer?x-request-id=customer-brasil, client=172.19.0.1, headers=[user-agent:"PostmanRuntime/7.43.3", accept:"*/*", cache-control:"no-cache", postman-token:"69369877-e99c-4c05-bc0a-c16cbe9a2523", host:"localhost:8080", accept-encoding:"gzip, deflate, br", connection:"keep-alive"]]
Logback 2025-04-17 04:25:28 INFO  o.g.c.f.AppMonitor:113 - trkid= traceID=afae0a675de54d96dbed28af6e382fc5 span_id=df907da34c054d9c - action=statisticsRequest uri=/start-customer responseStatus=200 serviceStatusCode=200 httpStatusCode=200 responseTime=772 description="Finish Trx org.apache.catalina.core.ApplicationContextFacade@1f00c594 | null"
Logback 2025-04-17 04:25:30 INFO  o.g.c.f.AppMonitor:113 - trkid= traceID=1777b5ab4698889d06d7df8168d4710c span_id=cee83cf61bb43ab5 - action=statisticsEvent event=/start-seller serviceStatusCode=200 responseTime=200 description="init Trx"
Logback 2025-04-17 04:25:30 DEBUG o.s.w.f.CommonsRequestLoggingFilter:47 - trkid= traceID=1777b5ab4698889d06d7df8168d4710c span_id=cee83cf61bb43ab5 - Before request [GET /start-seller?x-request-id=seller-mexico, client=172.19.0.1, headers=[user-agent:"PostmanRuntime/7.43.3", accept:"*/*", cache-control:"no-cache", postman-token:"96db0e56-5319-4f0a-b993-c9a744acec88", host:"localhost:8080", accept-encoding:"gzip, deflate, br", connection:"keep-alive"]]
Logback 2025-04-17 04:25:32 DEBUG o.s.w.f.CommonsRequestLoggingFilter:55 - trkid= traceID=1777b5ab4698889d06d7df8168d4710c span_id=cee83cf61bb43ab5 - After request [GET /start-seller?x-request-id=seller-mexico, client=172.19.0.1, headers=[user-agent:"PostmanRuntime/7.43.3", accept:"*/*", cache-control:"no-cache", postman-token:"96db0e56-5319-4f0a-b993-c9a744acec88", host:"localhost:8080", accept-encoding:"gzip, deflate, br", connection:"keep-alive"]]
Logback 2025-04-17 04:25:32 INFO  o.g.c.f.AppMonitor:113 - trkid= traceID=1777b5ab4698889d06d7df8168d4710c span_id=cee83cf61bb43ab5 - action=statisticsRequest uri=/start-seller responseStatus=200 serviceStatusCode=200 httpStatusCode=200 responseTime=1862 description="Finish Trx org.apache.catalina.core.ApplicationContextFacade@1f00c594 | null"
Logback 2025-04-17 04:25:34 INFO  o.g.c.f.AppMonitor:113 - trkid= traceID=bf5f7c972c95239f9d90761cae168c3e span_id=04a593560fe0626f - action=statisticsEvent event=/start-all serviceStatusCode=200 responseTime=200 description="init Trx"
Logback 2025-04-17 04:25:34 DEBUG o.s.w.f.CommonsRequestLoggingFilter:47 - trkid= traceID=bf5f7c972c95239f9d90761cae168c3e span_id=04a593560fe0626f - Before request [GET /start-all, client=172.19.0.3, headers=[accept:"application/json, text/plain, */*", user-agent:"axios/1.7.9", accept-encoding:"gzip, compress, deflate, br", traceparent:"00-bf5f7c972c95239f9d90761cae168c3e-615005b7fca78302-01", host:"ms-hello-observability-services.applications.svc.cluster.local:8080", connection:"close"]]
Logback 2025-04-17 04:25:36 INFO  o.g.c.f.AppMonitor:113 - trkid= traceID=dd5829d90f539dafa199590c68077a4e span_id=cae39d2cea6ecee1 - action=statisticsEvent event=/start-all serviceStatusCode=200 responseTime=200 description="init Trx"
Logback 2025-04-17 04:25:36 DEBUG o.s.w.f.CommonsRequestLoggingFilter:47 - trkid= traceID=dd5829d90f539dafa199590c68077a4e span_id=cae39d2cea6ecee1 - Before request [GET /start-all, client=172.19.0.1, headers=[x-request-id:"start-chile", user-agent:"PostmanRuntime/7.43.3", accept:"*/*", cache-control:"no-cache", postman-token:"b505f6e9-5534-4649-8b50-357dc1ddb31d", host:"localhost:8080", accept-encoding:"gzip, deflate, br", connection:"keep-alive"]]
Logback 2025-04-17 04:25:37 DEBUG o.s.w.f.CommonsRequestLoggingFilter:55 - trkid= traceID=bf5f7c972c95239f9d90761cae168c3e span_id=04a593560fe0626f - After request [GET /start-all, client=172.19.0.3, headers=[accept:"application/json, text/plain, */*", user-agent:"axios/1.7.9", accept-encoding:"gzip, compress, deflate, br", traceparent:"00-bf5f7c972c95239f9d90761cae168c3e-615005b7fca78302-01", host:"ms-hello-observability-services.applications.svc.cluster.local:8080", connection:"close"]]
Logback 2025-04-17 04:25:37 INFO  o.g.c.f.AppMonitor:113 - trkid= traceID=bf5f7c972c95239f9d90761cae168c3e span_id=04a593560fe0626f - action=statisticsRequest uri=/start-all responseStatus=200 serviceStatusCode=200 httpStatusCode=200 responseTime=2794 description="Finish Trx org.apache.catalina.core.ApplicationContextFacade@1f00c594 | null"
Logback 2025-04-17 04:25:37 DEBUG o.s.w.f.CommonsRequestLoggingFilter:55 - trkid= traceID=dd5829d90f539dafa199590c68077a4e span_id=cae39d2cea6ecee1 - After request [GET /start-all, client=172.19.0.1, headers=[x-request-id:"start-chile", user-agent:"PostmanRuntime/7.43.3", accept:"*/*", cache-control:"no-cache", postman-token:"b505f6e9-5534-4649-8b50-357dc1ddb31d", host:"localhost:8080", accept-encoding:"gzip, deflate, br", connection:"keep-alive"]]
Logback 2025-04-17 04:25:37 INFO  o.g.c.f.AppMonitor:113 - trkid= traceID=dd5829d90f539dafa199590c68077a4e span_id=cae39d2cea6ecee1 - action=statisticsRequest uri=/start-all responseStatus=200 serviceStatusCode=200 httpStatusCode=200 responseTime=1013 description="Finish Trx org.apache.catalina.core.ApplicationContextFacade@1f00c594 | null"
Logback 2025-04-17 04:25:40 INFO  o.g.c.f.AppMonitor:113 - trkid= traceID=898f9f692bb71f8e94190f5cd909af90 span_id=cdd60252ca39b3c6 - action=statisticsEvent event=/posts-feing/90 serviceStatusCode=200 responseTime=200 description="init Trx"
Logback 2025-04-17 04:25:40 DEBUG o.s.w.f.CommonsRequestLoggingFilter:47 - trkid= traceID=898f9f692bb71f8e94190f5cd909af90 span_id=cdd60252ca39b3c6 - Before request [GET /posts-feing/90?x-request-id=post-peru, client=172.19.0.1, headers=[user-agent:"PostmanRuntime/7.43.3", accept:"*/*", cache-control:"no-cache", postman-token:"546dd905-38aa-48b3-b3be-e07514391795", host:"localhost:8080", accept-encoding:"gzip, deflate, br", connection:"keep-alive"]]
Logback 2025-04-17 04:25:40 DEBUG o.s.w.f.CommonsRequestLoggingFilter:55 - trkid= traceID=898f9f692bb71f8e94190f5cd909af90 span_id=cdd60252ca39b3c6 - After request [GET /posts-feing/90?x-request-id=post-peru, client=172.19.0.1, headers=[user-agent:"PostmanRuntime/7.43.3", accept:"*/*", cache-control:"no-cache", postman-token:"546dd905-38aa-48b3-b3be-e07514391795", host:"localhost:8080", accept-encoding:"gzip, deflate, br", connection:"keep-alive"]]
Logback 2025-04-17 04:25:40 INFO  o.g.c.f.AppMonitor:113 - trkid= traceID=898f9f692bb71f8e94190f5cd909af90 span_id=cdd60252ca39b3c6 - action=statisticsRequest uri=/posts-feing/90 responseStatus=200 serviceStatusCode=200 httpStatusCode=200 responseTime=57 description="Finish Trx org.apache.catalina.core.ApplicationContextFacade@1f00c594 | null"
Logback 2025-04-17 04:25:42 INFO  o.g.c.f.AppMonitor:113 - trkid= traceID=4cfbb5f4df7362c17e5727402c56831c span_id=4d34b93be8c59502 - action=statisticsEvent event=/posts-feing/40 serviceStatusCode=200 responseTime=200 description="init Trx"
Logback 2025-04-17 04:25:42 DEBUG o.s.w.f.CommonsRequestLoggingFilter:47 - trkid= traceID=4cfbb5f4df7362c17e5727402c56831c span_id=4d34b93be8c59502 - Before request [GET /posts-feing/40?x-request-id=post-arg, client=172.19.0.1, headers=[user-agent:"PostmanRuntime/7.43.3", accept:"*/*", cache-control:"no-cache", postman-token:"86efd0da-d417-4c7e-8c0f-f0443af00348", host:"localhost:8080", accept-encoding:"gzip, deflate, br", connection:"keep-alive"]]
Logback 2025-04-17 04:25:42 DEBUG o.s.w.f.CommonsRequestLoggingFilter:55 - trkid= traceID=4cfbb5f4df7362c17e5727402c56831c span_id=4d34b93be8c59502 - After request [GET /posts-feing/40?x-request-id=post-arg, client=172.19.0.1, headers=[user-agent:"PostmanRuntime/7.43.3", accept:"*/*", cache-control:"no-cache", postman-token:"86efd0da-d417-4c7e-8c0f-f0443af00348", host:"localhost:8080", accept-encoding:"gzip, deflate, br", connection:"keep-alive"]]
Logback 2025-04-17 04:25:42 INFO  o.g.c.f.AppMonitor:113 - trkid= traceID=4cfbb5f4df7362c17e5727402c56831c span_id=4d34b93be8c59502 - action=statisticsRequest uri=/posts-feing/40 responseStatus=200 serviceStatusCode=200 httpStatusCode=200 responseTime=26 description="Finish Trx org.apache.catalina.core.ApplicationContextFacade@1f00c594 | null"
Logback 2025-04-17 04:25:44 INFO  o.g.c.f.AppMonitor:113 - trkid= traceID=8a60e1c47a6ca6497db9e110adcfc892 span_id=4972907eebe1892e - action=statisticsEvent event=/start-customer serviceStatusCode=200 responseTime=200 description="init Trx"
Logback 2025-04-17 04:25:44 DEBUG o.s.w.f.CommonsRequestLoggingFilter:47 - trkid= traceID=8a60e1c47a6ca6497db9e110adcfc892 span_id=4972907eebe1892e - Before request [GET /start-customer?x-request-id=customer-brasil, client=172.19.0.1, headers=[user-agent:"PostmanRuntime/7.43.3", accept:"*/*", cache-control:"no-cache", postman-token:"c73b6108-c186-4b51-8996-1a0e5da73d16", host:"localhost:8080", accept-encoding:"gzip, deflate, br", connection:"keep-alive"]]
Logback 2025-04-17 04:25:44 DEBUG o.s.w.f.CommonsRequestLoggingFilter:55 - trkid= traceID=8a60e1c47a6ca6497db9e110adcfc892 span_id=4972907eebe1892e - After request [GET /start-customer?x-request-id=customer-brasil, client=172.19.0.1, headers=[user-agent:"PostmanRuntime/7.43.3", accept:"*/*", cache-control:"no-cache", postman-token:"c73b6108-c186-4b51-8996-1a0e5da73d16", host:"localhost:8080", accept-encoding:"gzip, deflate, br", connection:"keep-alive"]]
Logback 2025-04-17 04:25:44 INFO  o.g.c.f.AppMonitor:113 - trkid= traceID=8a60e1c47a6ca6497db9e110adcfc892 span_id=4972907eebe1892e - action=statisticsRequest uri=/start-customer responseStatus=200 serviceStatusCode=200 httpStatusCode=200 responseTime=412 description="Finish Trx org.apache.catalina.core.ApplicationContextFacade@1f00c594 | null"
Logback 2025-04-17 04:25:45 INFO  o.g.c.f.AppMonitor:113 - trkid= traceID=ba289f9481d97d38569e5dc961f9e7d4 span_id=cc0752631c7c95a4 - action=statisticsEvent event=/start-seller serviceStatusCode=200 responseTime=200 description="init Trx"
Logback 2025-04-17 04:25:45 DEBUG o.s.w.f.CommonsRequestLoggingFilter:47 - trkid= traceID=ba289f9481d97d38569e5dc961f9e7d4 span_id=cc0752631c7c95a4 - Before request [GET /start-seller?x-request-id=seller-mexico, client=172.19.0.1, headers=[user-agent:"PostmanRuntime/7.43.3", accept:"*/*", cache-control:"no-cache", postman-token:"6ebf574b-2c04-48b1-bfdb-82fd3a05216d", host:"localhost:8080", accept-encoding:"gzip, deflate, br", connection:"keep-alive"]]
Logback 2025-04-17 04:25:47 DEBUG o.s.w.f.CommonsRequestLoggingFilter:55 - trkid= traceID=ba289f9481d97d38569e5dc961f9e7d4 span_id=cc0752631c7c95a4 - After request [GET /start-seller?x-request-id=seller-mexico, client=172.19.0.1, headers=[user-agent:"PostmanRuntime/7.43.3", accept:"*/*", cache-control:"no-cache", postman-token:"6ebf574b-2c04-48b1-bfdb-82fd3a05216d", host:"localhost:8080", accept-encoding:"gzip, deflate, br", connection:"keep-alive"]]
Logback 2025-04-17 04:25:47 INFO  o.g.c.f.AppMonitor:113 - trkid= traceID=ba289f9481d97d38569e5dc961f9e7d4 span_id=cc0752631c7c95a4 - action=statisticsRequest uri=/start-seller responseStatus=200 serviceStatusCode=200 httpStatusCode=200 responseTime=1536 description="Finish Trx org.apache.catalina.core.ApplicationContextFacade@1f00c594 | null"
Logback 2025-04-17 04:25:49 INFO  o.g.c.f.AppMonitor:113 - trkid= traceID=9c666a0512ba3107ba2dbe6974e24db8 span_id=80c2bf83f9c326ef - action=statisticsEvent event=/start-all serviceStatusCode=200 responseTime=200 description="init Trx"
Logback 2025-04-17 04:25:49 DEBUG o.s.w.f.CommonsRequestLoggingFilter:47 - trkid= traceID=9c666a0512ba3107ba2dbe6974e24db8 span_id=80c2bf83f9c326ef - Before request [GET /start-all, client=172.19.0.3, headers=[accept:"application/json, text/plain, */*", user-agent:"axios/1.7.9", accept-encoding:"gzip, compress, deflate, br", traceparent:"00-9c666a0512ba3107ba2dbe6974e24db8-3d6863a55c972e77-01", host:"ms-hello-observability-services.applications.svc.cluster.local:8080", connection:"close"]]
Logback 2025-04-17 04:25:49 DEBUG o.s.w.f.CommonsRequestLoggingFilter:55 - trkid= traceID=9c666a0512ba3107ba2dbe6974e24db8 span_id=80c2bf83f9c326ef - After request [GET /start-all, client=172.19.0.3, headers=[accept:"application/json, text/plain, */*", user-agent:"axios/1.7.9", accept-encoding:"gzip, compress, deflate, br", traceparent:"00-9c666a0512ba3107ba2dbe6974e24db8-3d6863a55c972e77-01", host:"ms-hello-observability-services.applications.svc.cluster.local:8080", connection:"close"]]
Logback 2025-04-17 04:25:49 ERROR o.a.c.c.C.[.[.[.[dispatcherServlet]:175 - trkid= traceID=9c666a0512ba3107ba2dbe6974e24db8 span_id=80c2bf83f9c326ef - Servlet.service() for servlet [dispatcherServlet] in context with path [] threw exception
java.io.IOException: Random error with /start-customer!
	at org.grafana.controller.PrincipalController.randomError(PrincipalController.java:162)
	at org.grafana.controller.PrincipalController.startCustomer(PrincipalController.java:82)
	at org.grafana.controller.PrincipalController.startProcess(PrincipalController.java:52)
	at jdk.internal.reflect.GeneratedMethodAccessor35.invoke(Unknown Source)
	at java.base/jdk.internal.reflect.DelegatingMethodAccessorImpl.invoke(DelegatingMethodAccessorImpl.java:43)
	at java.base/java.lang.reflect.Method.invoke(Method.java:568)
	at org.springframework.web.method.support.InvocableHandlerMethod.doInvoke(InvocableHandlerMethod.java:205)
	at org.springframework.web.method.support.InvocableHandlerMethod.invokeForRequest(InvocableHandlerMethod.java:150)
	at org.springframework.web.servlet.mvc.method.annotation.ServletInvocableHandlerMethod.invokeAndHandle(ServletInvocableHandlerMethod.java:117)
	at org.springframework.web.servlet.mvc.method.annotation.RequestMappingHandlerAdapter.invokeHandlerMethod(RequestMappingHandlerAdapter.java:895)
	at org.springframework.web.servlet.mvc.method.annotation.RequestMappingHandlerAdapter.handleInternal(RequestMappingHandlerAdapter.java:808)
	at org.springframework.web.servlet.mvc.method.AbstractHandlerMethodAdapter.handle(AbstractHandlerMethodAdapter.java:87)
	at org.springframework.web.servlet.DispatcherServlet.doDispatch(DispatcherServlet.java:1072)
	at org.springframework.web.servlet.DispatcherServlet.doService(DispatcherServlet.java:965)
	at org.springframework.web.servlet.FrameworkServlet.processRequest(FrameworkServlet.java:1006)
	at org.springframework.web.servlet.FrameworkServlet.doGet(FrameworkServlet.java:898)
	at javax.servlet.http.HttpServlet.service(HttpServlet.java:529)
	at org.springframework.web.servlet.FrameworkServlet.service(FrameworkServlet.java:883)
	at javax.servlet.http.HttpServlet.service(HttpServlet.java:623)
	at org.apache.catalina.core.ApplicationFilterChain.internalDoFilter(ApplicationFilterChain.java:209)
	at org.apache.catalina.core.ApplicationFilterChain.doFilter(ApplicationFilterChain.java:153)
	at org.apache.tomcat.websocket.server.WsFilter.doFilter(WsFilter.java:51)
	at org.apache.catalina.core.ApplicationFilterChain.internalDoFilter(ApplicationFilterChain.java:178)
	at org.apache.catalina.core.ApplicationFilterChain.doFilter(ApplicationFilterChain.java:153)
	at org.springframework.web.filter.AbstractRequestLoggingFilter.doFilterInternal(AbstractRequestLoggingFilter.java:289)
	at org.springframework.web.filter.OncePerRequestFilter.doFilter(OncePerRequestFilter.java:117)
	at org.apache.catalina.core.ApplicationFilterChain.internalDoFilter(ApplicationFilterChain.java:178)
	at org.apache.catalina.core.ApplicationFilterChain.doFilter(ApplicationFilterChain.java:153)
	at org.grafana.config.filter.FilterAsInterceptorAdapter.doFilter(FilterAsInterceptorAdapter.java:25)
	at org.apache.catalina.core.ApplicationFilterChain.internalDoFilter(ApplicationFilterChain.java:178)
	at org.apache.catalina.core.ApplicationFilterChain.doFilter(ApplicationFilterChain.java:153)
	at org.springframework.web.filter.RequestContextFilter.doFilterInternal(RequestContextFilter.java:100)
	at org.springframework.web.filter.OncePerRequestFilter.doFilter(OncePerRequestFilter.java:117)
	at org.apache.catalina.core.ApplicationFilterChain.internalDoFilter(ApplicationFilterChain.java:178)
	at org.apache.catalina.core.ApplicationFilterChain.doFilter(ApplicationFilterChain.java:153)
	at org.springframework.web.filter.FormContentFilter.doFilterInternal(FormContentFilter.java:93)
	at org.springframework.web.filter.OncePerRequestFilter.doFilter(OncePerRequestFilter.java:117)
	at org.apache.catalina.core.ApplicationFilterChain.internalDoFilter(ApplicationFilterChain.java:178)
	at org.apache.catalina.core.ApplicationFilterChain.doFilter(ApplicationFilterChain.java:153)
	at org.springframework.web.servlet.v3_1.OpenTelemetryHandlerMappingFilter.doFilter(OpenTelemetryHandlerMappingFilter.java:83)
	at org.apache.catalina.core.ApplicationFilterChain.internalDoFilter(ApplicationFilterChain.java:178)
	at org.apache.catalina.core.ApplicationFilterChain.doFilter(ApplicationFilterChain.java:153)
	at org.springframework.boot.actuate.metrics.web.servlet.WebMvcMetricsFilter.doFilterInternal(WebMvcMetricsFilter.java:96)
	at org.springframework.web.filter.OncePerRequestFilter.doFilter(OncePerRequestFilter.java:117)
	at org.apache.catalina.core.ApplicationFilterChain.internalDoFilter(ApplicationFilterChain.java:178)
	at org.apache.catalina.core.ApplicationFilterChain.doFilter(ApplicationFilterChain.java:153)
	at org.springframework.web.filter.CharacterEncodingFilter.doFilterInternal(CharacterEncodingFilter.java:201)
	at org.springframework.web.filter.OncePerRequestFilter.doFilter(OncePerRequestFilter.java:117)
	at org.apache.catalina.core.ApplicationFilterChain.internalDoFilter(ApplicationFilterChain.java:178)
	at org.apache.catalina.core.ApplicationFilterChain.doFilter(ApplicationFilterChain.java:153)
	at org.apache.catalina.core.StandardWrapperValve.invoke(StandardWrapperValve.java:168)
	at org.apache.catalina.core.StandardContextValve.invoke(StandardContextValve.java:90)
	at org.apache.catalina.authenticator.AuthenticatorBase.invoke(AuthenticatorBase.java:481)
	at org.apache.catalina.core.StandardHostValve.invoke(StandardHostValve.java:130)
	at org.apache.catalina.valves.ErrorReportValve.invoke(ErrorReportValve.java:93)
	at org.apache.catalina.core.StandardEngineValve.invoke(StandardEngineValve.java:74)
	at org.apache.catalina.valves.AbstractAccessLogValve.invoke(AbstractAccessLogValve.java:670)
	at org.apache.catalina.connector.CoyoteAdapter.service(CoyoteAdapter.java:342)
	at org.apache.coyote.http11.Http11Processor.service(Http11Processor.java:390)
	at org.apache.coyote.AbstractProcessorLight.process(AbstractProcessorLight.java:63)
	at org.apache.coyote.AbstractProtocol$ConnectionHandler.process(AbstractProtocol.java:928)
	at org.apache.tomcat.util.net.NioEndpoint$SocketProcessor.doRun(NioEndpoint.java:1794)
	at org.apache.tomcat.util.net.SocketProcessorBase.run(SocketProcessorBase.java:52)
	at org.apache.tomcat.util.threads.ThreadPoolExecutor.runWorker(ThreadPoolExecutor.java:1191)
	at org.apache.tomcat.util.threads.ThreadPoolExecutor$Worker.run(ThreadPoolExecutor.java:659)
	at org.apache.tomcat.util.threads.TaskThread$WrappingRunnable.run(TaskThread.java:61)
	at java.base/java.lang.Thread.run(Thread.java:833)
Logback 2025-04-17 04:25:51 INFO  o.g.c.f.AppMonitor:113 - trkid= traceID=2c7cabc65b728af817e4a19ed53950c6 span_id=d8f1c627df670f8c - action=statisticsEvent event=/start-all serviceStatusCode=200 responseTime=200 description="init Trx"
Logback 2025-04-17 04:25:51 DEBUG o.s.w.f.CommonsRequestLoggingFilter:47 - trkid= traceID=2c7cabc65b728af817e4a19ed53950c6 span_id=d8f1c627df670f8c - Before request [GET /start-all, client=172.19.0.1, headers=[x-request-id:"start-chile", user-agent:"PostmanRuntime/7.43.3", accept:"*/*", cache-control:"no-cache", postman-token:"92f479ee-c168-4751-a1da-b0be4bf9c5bf", host:"localhost:8080", accept-encoding:"gzip, deflate, br", connection:"keep-alive"]]
Logback 2025-04-17 04:25:55 DEBUG o.s.w.f.CommonsRequestLoggingFilter:55 - trkid= traceID=2c7cabc65b728af817e4a19ed53950c6 span_id=d8f1c627df670f8c - After request [GET /start-all, client=172.19.0.1, headers=[x-request-id:"start-chile", user-agent:"PostmanRuntime/7.43.3", accept:"*/*", cache-control:"no-cache", postman-token:"92f479ee-c168-4751-a1da-b0be4bf9c5bf", host:"localhost:8080", accept-encoding:"gzip, deflate, br", connection:"keep-alive"]]
Logback 2025-04-17 04:25:55 INFO  o.g.c.f.AppMonitor:113 - trkid= traceID=2c7cabc65b728af817e4a19ed53950c6 span_id=d8f1c627df670f8c - action=statisticsRequest uri=/start-all responseStatus=200 serviceStatusCode=200 httpStatusCode=200 responseTime=3520 description="Finish Trx org.apache.catalina.core.ApplicationContextFacade@1f00c594 | null"
Logback 2025-04-17 04:25:57 INFO  o.g.c.f.AppMonitor:113 - trkid= traceID=f190c6992c0cede9d733af05fa599dfd span_id=02f9db373bf9ae24 - action=statisticsEvent event=/posts-feing/90 serviceStatusCode=200 responseTime=200 description="init Trx"
Logback 2025-04-17 04:25:57 DEBUG o.s.w.f.CommonsRequestLoggingFilter:47 - trkid= traceID=f190c6992c0cede9d733af05fa599dfd span_id=02f9db373bf9ae24 - Before request [GET /posts-feing/90?x-request-id=post-peru, client=172.19.0.1, headers=[user-agent:"PostmanRuntime/7.43.3", accept:"*/*", cache-control:"no-cache", postman-token:"a7e660c4-4ba7-48a4-a717-bfbf1afac6ee", host:"localhost:8080", accept-encoding:"gzip, deflate, br", connection:"keep-alive"]]
Logback 2025-04-17 04:25:57 DEBUG o.s.w.f.CommonsRequestLoggingFilter:55 - trkid= traceID=f190c6992c0cede9d733af05fa599dfd span_id=02f9db373bf9ae24 - After request [GET /posts-feing/90?x-request-id=post-peru, client=172.19.0.1, headers=[user-agent:"PostmanRuntime/7.43.3", accept:"*/*", cache-control:"no-cache", postman-token:"a7e660c4-4ba7-48a4-a717-bfbf1afac6ee", host:"localhost:8080", accept-encoding:"gzip, deflate, br", connection:"keep-alive"]]
Logback 2025-04-17 04:25:57 INFO  o.g.c.f.AppMonitor:113 - trkid= traceID=f190c6992c0cede9d733af05fa599dfd span_id=02f9db373bf9ae24 - action=statisticsRequest uri=/posts-feing/90 responseStatus=200 serviceStatusCode=200 httpStatusCode=200 responseTime=53 description="Finish Trx org.apache.catalina.core.ApplicationContextFacade@1f00c594 | null"
Logback 2025-04-17 04:25:59 INFO  o.g.c.f.AppMonitor:113 - trkid= traceID=bb250fa7b42d39db40127b6d4c3245fd span_id=83c33eda9326531c - action=statisticsEvent event=/posts-feing/40 serviceStatusCode=200 responseTime=200 description="init Trx"
Logback 2025-04-17 04:25:59 DEBUG o.s.w.f.CommonsRequestLoggingFilter:47 - trkid= traceID=bb250fa7b42d39db40127b6d4c3245fd span_id=83c33eda9326531c - Before request [GET /posts-feing/40?x-request-id=post-arg, client=172.19.0.1, headers=[user-agent:"PostmanRuntime/7.43.3", accept:"*/*", cache-control:"no-cache", postman-token:"bc874c1a-3ced-49b2-a326-3a38a9143d38", host:"localhost:8080", accept-encoding:"gzip, deflate, br", connection:"keep-alive"]]
Logback 2025-04-17 04:25:59 DEBUG o.s.w.f.CommonsRequestLoggingFilter:55 - trkid= traceID=bb250fa7b42d39db40127b6d4c3245fd span_id=83c33eda9326531c - After request [GET /posts-feing/40?x-request-id=post-arg, client=172.19.0.1, headers=[user-agent:"PostmanRuntime/7.43.3", accept:"*/*", cache-control:"no-cache", postman-token:"bc874c1a-3ced-49b2-a326-3a38a9143d38", host:"localhost:8080", accept-encoding:"gzip, deflate, br", connection:"keep-alive"]]
Logback 2025-04-17 04:25:59 INFO  o.g.c.f.AppMonitor:113 - trkid= traceID=bb250fa7b42d39db40127b6d4c3245fd span_id=83c33eda9326531c - action=statisticsRequest uri=/posts-feing/40 responseStatus=200 serviceStatusCode=200 httpStatusCode=200 responseTime=25 description="Finish Trx org.apache.catalina.core.ApplicationContextFacade@1f00c594 | null"
Logback 2025-04-17 04:26:01 INFO  o.g.c.f.AppMonitor:113 - trkid= traceID=fa5770fed397e4b3f997b08ab62a7080 span_id=9cde13b8c319e4bd - action=statisticsEvent event=/start-customer serviceStatusCode=200 responseTime=200 description="init Trx"
Logback 2025-04-17 04:26:01 DEBUG o.s.w.f.CommonsRequestLoggingFilter:47 - trkid= traceID=fa5770fed397e4b3f997b08ab62a7080 span_id=9cde13b8c319e4bd - Before request [GET /start-customer?x-request-id=customer-brasil, client=172.19.0.1, headers=[user-agent:"PostmanRuntime/7.43.3", accept:"*/*", cache-control:"no-cache", postman-token:"8e977f73-f351-488b-8edb-eb61c5243b86", host:"localhost:8080", accept-encoding:"gzip, deflate, br", connection:"keep-alive"]]
Logback 2025-04-17 04:26:02 DEBUG o.s.w.f.CommonsRequestLoggingFilter:55 - trkid= traceID=fa5770fed397e4b3f997b08ab62a7080 span_id=9cde13b8c319e4bd - After request [GET /start-customer?x-request-id=customer-brasil, client=172.19.0.1, headers=[user-agent:"PostmanRuntime/7.43.3", accept:"*/*", cache-control:"no-cache", postman-token:"8e977f73-f351-488b-8edb-eb61c5243b86", host:"localhost:8080", accept-encoding:"gzip, deflate, br", connection:"keep-alive"]]
Logback 2025-04-17 04:26:02 INFO  o.g.c.f.AppMonitor:113 - trkid= traceID=fa5770fed397e4b3f997b08ab62a7080 span_id=9cde13b8c319e4bd - action=statisticsRequest uri=/start-customer responseStatus=200 serviceStatusCode=200 httpStatusCode=200 responseTime=767 description="Finish Trx org.apache.catalina.core.ApplicationContextFacade@1f00c594 | null"
Logback 2025-04-17 04:26:04 INFO  o.g.c.f.AppMonitor:113 - trkid= traceID=22505a134ba0d8d674b096529c94b301 span_id=a37589cc0236756b - action=statisticsEvent event=/start-seller serviceStatusCode=200 responseTime=200 description="init Trx"
Logback 2025-04-17 04:26:04 DEBUG o.s.w.f.CommonsRequestLoggingFilter:47 - trkid= traceID=22505a134ba0d8d674b096529c94b301 span_id=a37589cc0236756b - Before request [GET /start-seller?x-request-id=seller-mexico, client=172.19.0.1, headers=[user-agent:"PostmanRuntime/7.43.3", accept:"*/*", cache-control:"no-cache", postman-token:"480ce8db-801e-4b74-9eea-8f2c05c43de2", host:"localhost:8080", accept-encoding:"gzip, deflate, br", connection:"keep-alive"]]
Logback 2025-04-17 04:26:06 DEBUG o.s.w.f.CommonsRequestLoggingFilter:55 - trkid= traceID=22505a134ba0d8d674b096529c94b301 span_id=a37589cc0236756b - After request [GET /start-seller?x-request-id=seller-mexico, client=172.19.0.1, headers=[user-agent:"PostmanRuntime/7.43.3", accept:"*/*", cache-control:"no-cache", postman-token:"480ce8db-801e-4b74-9eea-8f2c05c43de2", host:"localhost:8080", accept-encoding:"gzip, deflate, br", connection:"keep-alive"]]
Logback 2025-04-17 04:26:06 INFO  o.g.c.f.AppMonitor:113 - trkid= traceID=22505a134ba0d8d674b096529c94b301 span_id=a37589cc0236756b - action=statisticsRequest uri=/start-seller responseStatus=200 serviceStatusCode=200 httpStatusCode=200 responseTime=2003 description="Finish Trx org.apache.catalina.core.ApplicationContextFacade@1f00c594 | null"
Logback 2025-04-17 04:26:08 INFO  o.g.c.f.AppMonitor:113 - trkid= traceID=933edf268800aa8bdfb2e989f1e8fd4c span_id=cace861424109eb0 - action=statisticsEvent event=/start-all serviceStatusCode=200 responseTime=200 description="init Trx"
Logback 2025-04-17 04:26:08 DEBUG o.s.w.f.CommonsRequestLoggingFilter:47 - trkid= traceID=933edf268800aa8bdfb2e989f1e8fd4c span_id=cace861424109eb0 - Before request [GET /start-all, client=172.19.0.3, headers=[accept:"application/json, text/plain, */*", user-agent:"axios/1.7.9", accept-encoding:"gzip, compress, deflate, br", traceparent:"00-933edf268800aa8bdfb2e989f1e8fd4c-834fbfd139b9893b-01", host:"ms-hello-observability-services.applications.svc.cluster.local:8080", connection:"close"]]
Logback 2025-04-17 04:26:10 INFO  o.g.c.f.AppMonitor:113 - trkid= traceID=89d049661eeaea5904b71f22e3f2c833 span_id=fe9e9405e57511e8 - action=statisticsEvent event=/start-all serviceStatusCode=200 responseTime=200 description="init Trx"
Logback 2025-04-17 04:26:10 DEBUG o.s.w.f.CommonsRequestLoggingFilter:47 - trkid= traceID=89d049661eeaea5904b71f22e3f2c833 span_id=fe9e9405e57511e8 - Before request [GET /start-all, client=172.19.0.1, headers=[x-request-id:"start-chile", user-agent:"PostmanRuntime/7.43.3", accept:"*/*", cache-control:"no-cache", postman-token:"ecd3c23d-54d3-44be-b7e6-de91e4a21d54", host:"localhost:8080", accept-encoding:"gzip, deflate, br", connection:"keep-alive"]]
Logback 2025-04-17 04:26:11 DEBUG o.s.w.f.CommonsRequestLoggingFilter:55 - trkid= traceID=933edf268800aa8bdfb2e989f1e8fd4c span_id=cace861424109eb0 - After request [GET /start-all, client=172.19.0.3, headers=[accept:"application/json, text/plain, */*", user-agent:"axios/1.7.9", accept-encoding:"gzip, compress, deflate, br", traceparent:"00-933edf268800aa8bdfb2e989f1e8fd4c-834fbfd139b9893b-01", host:"ms-hello-observability-services.applications.svc.cluster.local:8080", connection:"close"]]
Logback 2025-04-17 04:26:11 INFO  o.g.c.f.AppMonitor:113 - trkid= traceID=933edf268800aa8bdfb2e989f1e8fd4c span_id=cace861424109eb0 - action=statisticsRequest uri=/start-all responseStatus=200 serviceStatusCode=200 httpStatusCode=200 responseTime=2669 description="Finish Trx org.apache.catalina.core.ApplicationContextFacade@1f00c594 | null"
Logback 2025-04-17 04:26:11 DEBUG o.s.w.f.CommonsRequestLoggingFilter:55 - trkid= traceID=89d049661eeaea5904b71f22e3f2c833 span_id=fe9e9405e57511e8 - After request [GET /start-all, client=172.19.0.1, headers=[x-request-id:"start-chile", user-agent:"PostmanRuntime/7.43.3", accept:"*/*", cache-control:"no-cache", postman-token:"ecd3c23d-54d3-44be-b7e6-de91e4a21d54", host:"localhost:8080", accept-encoding:"gzip, deflate, br", connection:"keep-alive"]]
Logback 2025-04-17 04:26:11 INFO  o.g.c.f.AppMonitor:113 - trkid= traceID=89d049661eeaea5904b71f22e3f2c833 span_id=fe9e9405e57511e8 - action=statisticsRequest uri=/start-all responseStatus=200 serviceStatusCode=200 httpStatusCode=200 responseTime=688 description="Finish Trx org.apache.catalina.core.ApplicationContextFacade@1f00c594 | null"
Logback 2025-04-17 04:26:13 INFO  o.g.c.f.AppMonitor:113 - trkid= traceID=226193da3679291f16a2e88a7fee10d2 span_id=1a9d977276f85842 - action=statisticsEvent event=/posts-feing/90 serviceStatusCode=200 responseTime=200 description="init Trx"
Logback 2025-04-17 04:26:13 DEBUG o.s.w.f.CommonsRequestLoggingFilter:47 - trkid= traceID=226193da3679291f16a2e88a7fee10d2 span_id=1a9d977276f85842 - Before request [GET /posts-feing/90?x-request-id=post-peru, client=172.19.0.1, headers=[user-agent:"PostmanRuntime/7.43.3", accept:"*/*", cache-control:"no-cache", postman-token:"65e98bb6-4909-44f4-acbd-18695d2846e3", host:"localhost:8080", accept-encoding:"gzip, deflate, br", connection:"keep-alive"]]
Logback 2025-04-17 04:26:13 DEBUG o.s.w.f.CommonsRequestLoggingFilter:55 - trkid= traceID=226193da3679291f16a2e88a7fee10d2 span_id=1a9d977276f85842 - After request [GET /posts-feing/90?x-request-id=post-peru, client=172.19.0.1, headers=[user-agent:"PostmanRuntime/7.43.3", accept:"*/*", cache-control:"no-cache", postman-token:"65e98bb6-4909-44f4-acbd-18695d2846e3", host:"localhost:8080", accept-encoding:"gzip, deflate, br", connection:"keep-alive"]]
Logback 2025-04-17 04:26:13 INFO  o.g.c.f.AppMonitor:113 - trkid= traceID=226193da3679291f16a2e88a7fee10d2 span_id=1a9d977276f85842 - action=statisticsRequest uri=/posts-feing/90 responseStatus=200 serviceStatusCode=200 httpStatusCode=200 responseTime=77 description="Finish Trx org.apache.catalina.core.ApplicationContextFacade@1f00c594 | null"
Logback 2025-04-17 04:26:14 INFO  o.g.c.f.AppMonitor:113 - trkid= traceID=714dd6031b743aa6398ad8b19d569555 span_id=7e7d143baee4e742 - action=statisticsEvent event=/posts-feing/40 serviceStatusCode=200 responseTime=200 description="init Trx"
Logback 2025-04-17 04:26:14 DEBUG o.s.w.f.CommonsRequestLoggingFilter:47 - trkid= traceID=714dd6031b743aa6398ad8b19d569555 span_id=7e7d143baee4e742 - Before request [GET /posts-feing/40?x-request-id=post-arg, client=172.19.0.1, headers=[user-agent:"PostmanRuntime/7.43.3", accept:"*/*", cache-control:"no-cache", postman-token:"2f82dc93-8cf9-46b8-b148-a70428dafca1", host:"localhost:8080", accept-encoding:"gzip, deflate, br", connection:"keep-alive"]]
Logback 2025-04-17 04:26:14 DEBUG o.s.w.f.CommonsRequestLoggingFilter:55 - trkid= traceID=714dd6031b743aa6398ad8b19d569555 span_id=7e7d143baee4e742 - After request [GET /posts-feing/40?x-request-id=post-arg, client=172.19.0.1, headers=[user-agent:"PostmanRuntime/7.43.3", accept:"*/*", cache-control:"no-cache", postman-token:"2f82dc93-8cf9-46b8-b148-a70428dafca1", host:"localhost:8080", accept-encoding:"gzip, deflate, br", connection:"keep-alive"]]
Logback 2025-04-17 04:26:14 INFO  o.g.c.f.AppMonitor:113 - trkid= traceID=714dd6031b743aa6398ad8b19d569555 span_id=7e7d143baee4e742 - action=statisticsRequest uri=/posts-feing/40 responseStatus=200 serviceStatusCode=200 httpStatusCode=200 responseTime=26 description="Finish Trx org.apache.catalina.core.ApplicationContextFacade@1f00c594 | null"
Logback 2025-04-17 04:26:16 INFO  o.g.c.f.AppMonitor:113 - trkid= traceID=00a788715279be95346d8c3ece979a12 span_id=3a365789db8328f4 - action=statisticsEvent event=/start-customer serviceStatusCode=200 responseTime=200 description="init Trx"
Logback 2025-04-17 04:26:16 DEBUG o.s.w.f.CommonsRequestLoggingFilter:47 - trkid= traceID=00a788715279be95346d8c3ece979a12 span_id=3a365789db8328f4 - Before request [GET /start-customer?x-request-id=customer-brasil, client=172.19.0.1, headers=[user-agent:"PostmanRuntime/7.43.3", accept:"*/*", cache-control:"no-cache", postman-token:"013e3a06-8ebb-4c5c-87a3-37495c9de8fb", host:"localhost:8080", accept-encoding:"gzip, deflate, br", connection:"keep-alive"]]
Logback 2025-04-17 04:26:17 DEBUG o.s.w.f.CommonsRequestLoggingFilter:55 - trkid= traceID=00a788715279be95346d8c3ece979a12 span_id=3a365789db8328f4 - After request [GET /start-customer?x-request-id=customer-brasil, client=172.19.0.1, headers=[user-agent:"PostmanRuntime/7.43.3", accept:"*/*", cache-control:"no-cache", postman-token:"013e3a06-8ebb-4c5c-87a3-37495c9de8fb", host:"localhost:8080", accept-encoding:"gzip, deflate, br", connection:"keep-alive"]]
Logback 2025-04-17 04:26:17 INFO  o.g.c.f.AppMonitor:113 - trkid= traceID=00a788715279be95346d8c3ece979a12 span_id=3a365789db8328f4 - action=statisticsRequest uri=/start-customer responseStatus=200 serviceStatusCode=200 httpStatusCode=200 responseTime=275 description="Finish Trx org.apache.catalina.core.ApplicationContextFacade@1f00c594 | null"
Logback 2025-04-17 04:26:19 INFO  o.g.c.f.AppMonitor:113 - trkid= traceID=e825eb814e94743d5eede1a947c37010 span_id=7ebffb54aa454e59 - action=statisticsEvent event=/start-seller serviceStatusCode=200 responseTime=200 description="init Trx"
Logback 2025-04-17 04:26:19 DEBUG o.s.w.f.CommonsRequestLoggingFilter:47 - trkid= traceID=e825eb814e94743d5eede1a947c37010 span_id=7ebffb54aa454e59 - Before request [GET /start-seller?x-request-id=seller-mexico, client=172.19.0.1, headers=[user-agent:"PostmanRuntime/7.43.3", accept:"*/*", cache-control:"no-cache", postman-token:"f7dcce15-2f8b-45e3-a2b8-e8c838478c36", host:"localhost:8080", accept-encoding:"gzip, deflate, br", connection:"keep-alive"]]
Logback 2025-04-17 04:26:19 DEBUG o.s.w.f.CommonsRequestLoggingFilter:55 - trkid= traceID=e825eb814e94743d5eede1a947c37010 span_id=7ebffb54aa454e59 - After request [GET /start-seller?x-request-id=seller-mexico, client=172.19.0.1, headers=[user-agent:"PostmanRuntime/7.43.3", accept:"*/*", cache-control:"no-cache", postman-token:"f7dcce15-2f8b-45e3-a2b8-e8c838478c36", host:"localhost:8080", accept-encoding:"gzip, deflate, br", connection:"keep-alive"]]
Logback 2025-04-17 04:26:19 INFO  o.g.c.f.AppMonitor:113 - trkid= traceID=e825eb814e94743d5eede1a947c37010 span_id=7ebffb54aa454e59 - action=statisticsRequest uri=/start-seller responseStatus=200 serviceStatusCode=200 httpStatusCode=200 responseTime=499 description="Finish Trx org.apache.catalina.core.ApplicationContextFacade@1f00c594 | null"
Logback 2025-04-17 04:26:22 INFO  o.g.c.f.AppMonitor:113 - trkid= traceID=1e9b5bc3722449b626b0ea945dbb4c12 span_id=8ecd7b95b481902a - action=statisticsEvent event=/start-all serviceStatusCode=200 responseTime=200 description="init Trx"
Logback 2025-04-17 04:26:22 DEBUG o.s.w.f.CommonsRequestLoggingFilter:47 - trkid= traceID=1e9b5bc3722449b626b0ea945dbb4c12 span_id=8ecd7b95b481902a - Before request [GET /start-all, client=172.19.0.3, headers=[accept:"application/json, text/plain, */*", user-agent:"axios/1.7.9", accept-encoding:"gzip, compress, deflate, br", traceparent:"00-1e9b5bc3722449b626b0ea945dbb4c12-46882f977ec57504-01", host:"ms-hello-observability-services.applications.svc.cluster.local:8080", connection:"close"]]
Logback 2025-04-17 04:26:24 INFO  o.g.c.f.AppMonitor:113 - trkid= traceID=e55ecfeef906bde3f7511c17649180ff span_id=8a302ee4cf6cf401 - action=statisticsEvent event=/start-all serviceStatusCode=200 responseTime=200 description="init Trx"
Logback 2025-04-17 04:26:24 DEBUG o.s.w.f.CommonsRequestLoggingFilter:47 - trkid= traceID=e55ecfeef906bde3f7511c17649180ff span_id=8a302ee4cf6cf401 - Before request [GET /start-all, client=172.19.0.1, headers=[x-request-id:"start-chile", user-agent:"PostmanRuntime/7.43.3", accept:"*/*", cache-control:"no-cache", postman-token:"5be1e905-b466-4ba0-8adb-b4c868f44936", host:"localhost:8080", accept-encoding:"gzip, deflate, br", connection:"keep-alive"]]
Logback 2025-04-17 04:26:26 DEBUG o.s.w.f.CommonsRequestLoggingFilter:55 - trkid= traceID=1e9b5bc3722449b626b0ea945dbb4c12 span_id=8ecd7b95b481902a - After request [GET /start-all, client=172.19.0.3, headers=[accept:"application/json, text/plain, */*", user-agent:"axios/1.7.9", accept-encoding:"gzip, compress, deflate, br", traceparent:"00-1e9b5bc3722449b626b0ea945dbb4c12-46882f977ec57504-01", host:"ms-hello-observability-services.applications.svc.cluster.local:8080", connection:"close"]]
Logback 2025-04-17 04:26:26 INFO  o.g.c.f.AppMonitor:113 - trkid= traceID=1e9b5bc3722449b626b0ea945dbb4c12 span_id=8ecd7b95b481902a - action=statisticsRequest uri=/start-all responseStatus=200 serviceStatusCode=200 httpStatusCode=200 responseTime=4211 description="Finish Trx org.apache.catalina.core.ApplicationContextFacade@1f00c594 | null"
Logback 2025-04-17 04:26:27 DEBUG o.s.w.f.CommonsRequestLoggingFilter:55 - trkid= traceID=e55ecfeef906bde3f7511c17649180ff span_id=8a302ee4cf6cf401 - After request [GET /start-all, client=172.19.0.1, headers=[x-request-id:"start-chile", user-agent:"PostmanRuntime/7.43.3", accept:"*/*", cache-control:"no-cache", postman-token:"5be1e905-b466-4ba0-8adb-b4c868f44936", host:"localhost:8080", accept-encoding:"gzip, deflate, br", connection:"keep-alive"]]
Logback 2025-04-17 04:26:27 INFO  o.g.c.f.AppMonitor:113 - trkid= traceID=e55ecfeef906bde3f7511c17649180ff span_id=8a302ee4cf6cf401 - action=statisticsRequest uri=/start-all responseStatus=200 serviceStatusCode=200 httpStatusCode=200 responseTime=2961 description="Finish Trx org.apache.catalina.core.ApplicationContextFacade@1f00c594 | null"
Logback 2025-04-17 04:26:29 INFO  o.g.c.f.AppMonitor:113 - trkid= traceID=6e8b0d964624304f9d258e24331a5c3b span_id=c0dfe7c2a19cc668 - action=statisticsEvent event=/posts-feing/90 serviceStatusCode=200 responseTime=200 description="init Trx"
Logback 2025-04-17 04:26:29 DEBUG o.s.w.f.CommonsRequestLoggingFilter:47 - trkid= traceID=6e8b0d964624304f9d258e24331a5c3b span_id=c0dfe7c2a19cc668 - Before request [GET /posts-feing/90?x-request-id=post-peru, client=172.19.0.1, headers=[user-agent:"PostmanRuntime/7.43.3", accept:"*/*", cache-control:"no-cache", postman-token:"1fa44094-22c6-4658-9206-6f26e125f4b0", host:"localhost:8080", accept-encoding:"gzip, deflate, br", connection:"keep-alive"]]
Logback 2025-04-17 04:26:29 DEBUG o.s.w.f.CommonsRequestLoggingFilter:55 - trkid= traceID=6e8b0d964624304f9d258e24331a5c3b span_id=c0dfe7c2a19cc668 - After request [GET /posts-feing/90?x-request-id=post-peru, client=172.19.0.1, headers=[user-agent:"PostmanRuntime/7.43.3", accept:"*/*", cache-control:"no-cache", postman-token:"1fa44094-22c6-4658-9206-6f26e125f4b0", host:"localhost:8080", accept-encoding:"gzip, deflate, br", connection:"keep-alive"]]
Logback 2025-04-17 04:26:29 INFO  o.g.c.f.AppMonitor:113 - trkid= traceID=6e8b0d964624304f9d258e24331a5c3b span_id=c0dfe7c2a19cc668 - action=statisticsRequest uri=/posts-feing/90 responseStatus=200 serviceStatusCode=200 httpStatusCode=200 responseTime=59 description="Finish Trx org.apache.catalina.core.ApplicationContextFacade@1f00c594 | null"
Logback 2025-04-17 04:26:31 INFO  o.g.c.f.AppMonitor:113 - trkid= traceID=aac703702ae3ef5064382a85d2699788 span_id=d3251591da2ed271 - action=statisticsEvent event=/posts-feing/40 serviceStatusCode=200 responseTime=200 description="init Trx"
Logback 2025-04-17 04:26:31 DEBUG o.s.w.f.CommonsRequestLoggingFilter:47 - trkid= traceID=aac703702ae3ef5064382a85d2699788 span_id=d3251591da2ed271 - Before request [GET /posts-feing/40?x-request-id=post-arg, client=172.19.0.1, headers=[user-agent:"PostmanRuntime/7.43.3", accept:"*/*", cache-control:"no-cache", postman-token:"2870cfff-c43f-464a-bf68-47c1283eb6d5", host:"localhost:8080", accept-encoding:"gzip, deflate, br", connection:"keep-alive"]]
Logback 2025-04-17 04:26:31 DEBUG o.s.w.f.CommonsRequestLoggingFilter:55 - trkid= traceID=aac703702ae3ef5064382a85d2699788 span_id=d3251591da2ed271 - After request [GET /posts-feing/40?x-request-id=post-arg, client=172.19.0.1, headers=[user-agent:"PostmanRuntime/7.43.3", accept:"*/*", cache-control:"no-cache", postman-token:"2870cfff-c43f-464a-bf68-47c1283eb6d5", host:"localhost:8080", accept-encoding:"gzip, deflate, br", connection:"keep-alive"]]
Logback 2025-04-17 04:26:31 INFO  o.g.c.f.AppMonitor:113 - trkid= traceID=aac703702ae3ef5064382a85d2699788 span_id=d3251591da2ed271 - action=statisticsRequest uri=/posts-feing/40 responseStatus=200 serviceStatusCode=200 httpStatusCode=200 responseTime=23 description="Finish Trx org.apache.catalina.core.ApplicationContextFacade@1f00c594 | null"
Logback 2025-04-17 04:26:33 INFO  o.g.c.f.AppMonitor:113 - trkid= traceID=55e28fe843c2f0f1e7a60f3c9ad238b4 span_id=c13e7f7e4b7815c3 - action=statisticsEvent event=/start-customer serviceStatusCode=200 responseTime=200 description="init Trx"
Logback 2025-04-17 04:26:33 DEBUG o.s.w.f.CommonsRequestLoggingFilter:47 - trkid= traceID=55e28fe843c2f0f1e7a60f3c9ad238b4 span_id=c13e7f7e4b7815c3 - Before request [GET /start-customer?x-request-id=customer-brasil, client=172.19.0.1, headers=[user-agent:"PostmanRuntime/7.43.3", accept:"*/*", cache-control:"no-cache", postman-token:"1a15968f-3782-4ba6-b327-9512b23f7fe7", host:"localhost:8080", accept-encoding:"gzip, deflate, br", connection:"keep-alive"]]
Logback 2025-04-17 04:26:33 DEBUG o.s.w.f.CommonsRequestLoggingFilter:55 - trkid= traceID=55e28fe843c2f0f1e7a60f3c9ad238b4 span_id=c13e7f7e4b7815c3 - After request [GET /start-customer?x-request-id=customer-brasil, client=172.19.0.1, headers=[user-agent:"PostmanRuntime/7.43.3", accept:"*/*", cache-control:"no-cache", postman-token:"1a15968f-3782-4ba6-b327-9512b23f7fe7", host:"localhost:8080", accept-encoding:"gzip, deflate, br", connection:"keep-alive"]]
Logback 2025-04-17 04:26:33 ERROR o.a.c.c.C.[.[.[.[dispatcherServlet]:175 - trkid= traceID=55e28fe843c2f0f1e7a60f3c9ad238b4 span_id=c13e7f7e4b7815c3 - Servlet.service() for servlet [dispatcherServlet] in context with path [] threw exception
java.io.IOException: Random error with /start-customer!
	at org.grafana.controller.PrincipalController.randomError(PrincipalController.java:162)
	at org.grafana.controller.PrincipalController.startCustomer(PrincipalController.java:82)
	at jdk.internal.reflect.GeneratedMethodAccessor36.invoke(Unknown Source)
	at java.base/jdk.internal.reflect.DelegatingMethodAccessorImpl.invoke(DelegatingMethodAccessorImpl.java:43)
	at java.base/java.lang.reflect.Method.invoke(Method.java:568)
	at org.springframework.web.method.support.InvocableHandlerMethod.doInvoke(InvocableHandlerMethod.java:205)
	at org.springframework.web.method.support.InvocableHandlerMethod.invokeForRequest(InvocableHandlerMethod.java:150)
	at org.springframework.web.servlet.mvc.method.annotation.ServletInvocableHandlerMethod.invokeAndHandle(ServletInvocableHandlerMethod.java:117)
	at org.springframework.web.servlet.mvc.method.annotation.RequestMappingHandlerAdapter.invokeHandlerMethod(RequestMappingHandlerAdapter.java:895)
	at org.springframework.web.servlet.mvc.method.annotation.RequestMappingHandlerAdapter.handleInternal(RequestMappingHandlerAdapter.java:808)
	at org.springframework.web.servlet.mvc.method.AbstractHandlerMethodAdapter.handle(AbstractHandlerMethodAdapter.java:87)
	at org.springframework.web.servlet.DispatcherServlet.doDispatch(DispatcherServlet.java:1072)
	at org.springframework.web.servlet.DispatcherServlet.doService(DispatcherServlet.java:965)
	at org.springframework.web.servlet.FrameworkServlet.processRequest(FrameworkServlet.java:1006)
	at org.springframework.web.servlet.FrameworkServlet.doGet(FrameworkServlet.java:898)
	at javax.servlet.http.HttpServlet.service(HttpServlet.java:529)
	at org.springframework.web.servlet.FrameworkServlet.service(FrameworkServlet.java:883)
	at javax.servlet.http.HttpServlet.service(HttpServlet.java:623)
	at org.apache.catalina.core.ApplicationFilterChain.internalDoFilter(ApplicationFilterChain.java:209)
	at org.apache.catalina.core.ApplicationFilterChain.doFilter(ApplicationFilterChain.java:153)
	at org.apache.tomcat.websocket.server.WsFilter.doFilter(WsFilter.java:51)
	at org.apache.catalina.core.ApplicationFilterChain.internalDoFilter(ApplicationFilterChain.java:178)
	at org.apache.catalina.core.ApplicationFilterChain.doFilter(ApplicationFilterChain.java:153)
	at org.springframework.web.filter.AbstractRequestLoggingFilter.doFilterInternal(AbstractRequestLoggingFilter.java:289)
	at org.springframework.web.filter.OncePerRequestFilter.doFilter(OncePerRequestFilter.java:117)
	at org.apache.catalina.core.ApplicationFilterChain.internalDoFilter(ApplicationFilterChain.java:178)
	at org.apache.catalina.core.ApplicationFilterChain.doFilter(ApplicationFilterChain.java:153)
	at org.grafana.config.filter.FilterAsInterceptorAdapter.doFilter(FilterAsInterceptorAdapter.java:25)
	at org.apache.catalina.core.ApplicationFilterChain.internalDoFilter(ApplicationFilterChain.java:178)
	at org.apache.catalina.core.ApplicationFilterChain.doFilter(ApplicationFilterChain.java:153)
	at org.springframework.web.filter.RequestContextFilter.doFilterInternal(RequestContextFilter.java:100)
	at org.springframework.web.filter.OncePerRequestFilter.doFilter(OncePerRequestFilter.java:117)
	at org.apache.catalina.core.ApplicationFilterChain.internalDoFilter(ApplicationFilterChain.java:178)
	at org.apache.catalina.core.ApplicationFilterChain.doFilter(ApplicationFilterChain.java:153)
	at org.springframework.web.filter.FormContentFilter.doFilterInternal(FormContentFilter.java:93)
	at org.springframework.web.filter.OncePerRequestFilter.doFilter(OncePerRequestFilter.java:117)
	at org.apache.catalina.core.ApplicationFilterChain.internalDoFilter(ApplicationFilterChain.java:178)
	at org.apache.catalina.core.ApplicationFilterChain.doFilter(ApplicationFilterChain.java:153)
	at org.springframework.web.servlet.v3_1.OpenTelemetryHandlerMappingFilter.doFilter(OpenTelemetryHandlerMappingFilter.java:83)
	at org.apache.catalina.core.ApplicationFilterChain.internalDoFilter(ApplicationFilterChain.java:178)
	at org.apache.catalina.core.ApplicationFilterChain.doFilter(ApplicationFilterChain.java:153)
	at org.springframework.boot.actuate.metrics.web.servlet.WebMvcMetricsFilter.doFilterInternal(WebMvcMetricsFilter.java:96)
	at org.springframework.web.filter.OncePerRequestFilter.doFilter(OncePerRequestFilter.java:117)
	at org.apache.catalina.core.ApplicationFilterChain.internalDoFilter(ApplicationFilterChain.java:178)
	at org.apache.catalina.core.ApplicationFilterChain.doFilter(ApplicationFilterChain.java:153)
	at org.springframework.web.filter.CharacterEncodingFilter.doFilterInternal(CharacterEncodingFilter.java:201)
	at org.springframework.web.filter.OncePerRequestFilter.doFilter(OncePerRequestFilter.java:117)
	at org.apache.catalina.core.ApplicationFilterChain.internalDoFilter(ApplicationFilterChain.java:178)
	at org.apache.catalina.core.ApplicationFilterChain.doFilter(ApplicationFilterChain.java:153)
	at org.apache.catalina.core.StandardWrapperValve.invoke(StandardWrapperValve.java:168)
	at org.apache.catalina.core.StandardContextValve.invoke(StandardContextValve.java:90)
	at org.apache.catalina.authenticator.AuthenticatorBase.invoke(AuthenticatorBase.java:481)
	at org.apache.catalina.core.StandardHostValve.invoke(StandardHostValve.java:130)
	at org.apache.catalina.valves.ErrorReportValve.invoke(ErrorReportValve.java:93)
	at org.apache.catalina.core.StandardEngineValve.invoke(StandardEngineValve.java:74)
	at org.apache.catalina.valves.AbstractAccessLogValve.invoke(AbstractAccessLogValve.java:670)
	at org.apache.catalina.connector.CoyoteAdapter.service(CoyoteAdapter.java:342)
	at org.apache.coyote.http11.Http11Processor.service(Http11Processor.java:390)
	at org.apache.coyote.AbstractProcessorLight.process(AbstractProcessorLight.java:63)
	at org.apache.coyote.AbstractProtocol$ConnectionHandler.process(AbstractProtocol.java:928)
	at org.apache.tomcat.util.net.NioEndpoint$SocketProcessor.doRun(NioEndpoint.java:1794)
	at org.apache.tomcat.util.net.SocketProcessorBase.run(SocketProcessorBase.java:52)
	at org.apache.tomcat.util.threads.ThreadPoolExecutor.runWorker(ThreadPoolExecutor.java:1191)
	at org.apache.tomcat.util.threads.ThreadPoolExecutor$Worker.run(ThreadPoolExecutor.java:659)
	at org.apache.tomcat.util.threads.TaskThread$WrappingRunnable.run(TaskThread.java:61)
	at java.base/java.lang.Thread.run(Thread.java:833)
Logback 2025-04-17 04:26:35 INFO  o.g.c.f.AppMonitor:113 - trkid= traceID=828ade0c35c70d9d5b943754e72c63d5 span_id=3762ad2f4cf2458b - action=statisticsEvent event=/start-seller serviceStatusCode=200 responseTime=200 description="init Trx"
Logback 2025-04-17 04:26:35 DEBUG o.s.w.f.CommonsRequestLoggingFilter:47 - trkid= traceID=828ade0c35c70d9d5b943754e72c63d5 span_id=3762ad2f4cf2458b - Before request [GET /start-seller?x-request-id=seller-mexico, client=172.19.0.1, headers=[user-agent:"PostmanRuntime/7.43.3", accept:"*/*", cache-control:"no-cache", postman-token:"1472727f-748b-41f3-87da-c7dd0040d06b", host:"localhost:8080", accept-encoding:"gzip, deflate, br", connection:"keep-alive"]]
Logback 2025-04-17 04:26:35 DEBUG o.s.w.f.CommonsRequestLoggingFilter:55 - trkid= traceID=828ade0c35c70d9d5b943754e72c63d5 span_id=3762ad2f4cf2458b - After request [GET /start-seller?x-request-id=seller-mexico, client=172.19.0.1, headers=[user-agent:"PostmanRuntime/7.43.3", accept:"*/*", cache-control:"no-cache", postman-token:"1472727f-748b-41f3-87da-c7dd0040d06b", host:"localhost:8080", accept-encoding:"gzip, deflate, br", connection:"keep-alive"]]
Logback 2025-04-17 04:26:35 INFO  o.g.c.f.AppMonitor:113 - trkid= traceID=828ade0c35c70d9d5b943754e72c63d5 span_id=3762ad2f4cf2458b - action=statisticsRequest uri=/start-seller responseStatus=200 serviceStatusCode=200 httpStatusCode=200 responseTime=55 description="Finish Trx org.apache.catalina.core.ApplicationContextFacade@1f00c594 | null"
Logback 2025-04-17 04:26:38 INFO  o.g.c.f.AppMonitor:113 - trkid= traceID=bf5de4db949f4bb88d132d4d651b00f9 span_id=804e6018a5f83f82 - action=statisticsEvent event=/start-all serviceStatusCode=200 responseTime=200 description="init Trx"
Logback 2025-04-17 04:26:38 DEBUG o.s.w.f.CommonsRequestLoggingFilter:47 - trkid= traceID=bf5de4db949f4bb88d132d4d651b00f9 span_id=804e6018a5f83f82 - Before request [GET /start-all, client=172.19.0.3, headers=[accept:"application/json, text/plain, */*", user-agent:"axios/1.7.9", accept-encoding:"gzip, compress, deflate, br", traceparent:"00-bf5de4db949f4bb88d132d4d651b00f9-18836309f5f1632c-01", host:"ms-hello-observability-services.applications.svc.cluster.local:8080", connection:"close"]]
Logback 2025-04-17 04:26:40 INFO  o.g.c.f.AppMonitor:113 - trkid= traceID=be72fe05c07147d5d11f0aa947be0f7c span_id=26252ad3c41ee14b - action=statisticsEvent event=/start-all serviceStatusCode=200 responseTime=200 description="init Trx"
Logback 2025-04-17 04:26:40 DEBUG o.s.w.f.CommonsRequestLoggingFilter:47 - trkid= traceID=be72fe05c07147d5d11f0aa947be0f7c span_id=26252ad3c41ee14b - Before request [GET /start-all, client=172.19.0.1, headers=[x-request-id:"start-chile", user-agent:"PostmanRuntime/7.43.3", accept:"*/*", cache-control:"no-cache", postman-token:"046b5746-7bfe-40b4-bc96-a3a4c7cde1cd", host:"localhost:8080", accept-encoding:"gzip, deflate, br", connection:"keep-alive"]]
Logback 2025-04-17 04:26:40 DEBUG o.s.w.f.CommonsRequestLoggingFilter:55 - trkid= traceID=be72fe05c07147d5d11f0aa947be0f7c span_id=26252ad3c41ee14b - After request [GET /start-all, client=172.19.0.1, headers=[x-request-id:"start-chile", user-agent:"PostmanRuntime/7.43.3", accept:"*/*", cache-control:"no-cache", postman-token:"046b5746-7bfe-40b4-bc96-a3a4c7cde1cd", host:"localhost:8080", accept-encoding:"gzip, deflate, br", connection:"keep-alive"]]
Logback 2025-04-17 04:26:40 ERROR o.a.c.c.C.[.[.[.[dispatcherServlet]:175 - trkid= traceID=be72fe05c07147d5d11f0aa947be0f7c span_id=26252ad3c41ee14b - Servlet.service() for servlet [dispatcherServlet] in context with path [] threw exception
java.io.IOException: Random error with /start-customer!
	at org.grafana.controller.PrincipalController.randomError(PrincipalController.java:162)
	at org.grafana.controller.PrincipalController.startCustomer(PrincipalController.java:82)
	at org.grafana.controller.PrincipalController.startProcess(PrincipalController.java:52)
	at jdk.internal.reflect.GeneratedMethodAccessor35.invoke(Unknown Source)
	at java.base/jdk.internal.reflect.DelegatingMethodAccessorImpl.invoke(DelegatingMethodAccessorImpl.java:43)
	at java.base/java.lang.reflect.Method.invoke(Method.java:568)
	at org.springframework.web.method.support.InvocableHandlerMethod.doInvoke(InvocableHandlerMethod.java:205)
	at org.springframework.web.method.support.InvocableHandlerMethod.invokeForRequest(InvocableHandlerMethod.java:150)
	at org.springframework.web.servlet.mvc.method.annotation.ServletInvocableHandlerMethod.invokeAndHandle(ServletInvocableHandlerMethod.java:117)
	at org.springframework.web.servlet.mvc.method.annotation.RequestMappingHandlerAdapter.invokeHandlerMethod(RequestMappingHandlerAdapter.java:895)
	at org.springframework.web.servlet.mvc.method.annotation.RequestMappingHandlerAdapter.handleInternal(RequestMappingHandlerAdapter.java:808)
	at org.springframework.web.servlet.mvc.method.AbstractHandlerMethodAdapter.handle(AbstractHandlerMethodAdapter.java:87)
	at org.springframework.web.servlet.DispatcherServlet.doDispatch(DispatcherServlet.java:1072)
	at org.springframework.web.servlet.DispatcherServlet.doService(DispatcherServlet.java:965)
	at org.springframework.web.servlet.FrameworkServlet.processRequest(FrameworkServlet.java:1006)
	at org.springframework.web.servlet.FrameworkServlet.doGet(FrameworkServlet.java:898)
	at javax.servlet.http.HttpServlet.service(HttpServlet.java:529)
	at org.springframework.web.servlet.FrameworkServlet.service(FrameworkServlet.java:883)
	at javax.servlet.http.HttpServlet.service(HttpServlet.java:623)
	at org.apache.catalina.core.ApplicationFilterChain.internalDoFilter(ApplicationFilterChain.java:209)
	at org.apache.catalina.core.ApplicationFilterChain.doFilter(ApplicationFilterChain.java:153)
	at org.apache.tomcat.websocket.server.WsFilter.doFilter(WsFilter.java:51)
	at org.apache.catalina.core.ApplicationFilterChain.internalDoFilter(ApplicationFilterChain.java:178)
	at org.apache.catalina.core.ApplicationFilterChain.doFilter(ApplicationFilterChain.java:153)
	at org.springframework.web.filter.AbstractRequestLoggingFilter.doFilterInternal(AbstractRequestLoggingFilter.java:289)
	at org.springframework.web.filter.OncePerRequestFilter.doFilter(OncePerRequestFilter.java:117)
	at org.apache.catalina.core.ApplicationFilterChain.internalDoFilter(ApplicationFilterChain.java:178)
	at org.apache.catalina.core.ApplicationFilterChain.doFilter(ApplicationFilterChain.java:153)
	at org.grafana.config.filter.FilterAsInterceptorAdapter.doFilter(FilterAsInterceptorAdapter.java:25)
	at org.apache.catalina.core.ApplicationFilterChain.internalDoFilter(ApplicationFilterChain.java:178)
	at org.apache.catalina.core.ApplicationFilterChain.doFilter(ApplicationFilterChain.java:153)
	at org.springframework.web.filter.RequestContextFilter.doFilterInternal(RequestContextFilter.java:100)
	at org.springframework.web.filter.OncePerRequestFilter.doFilter(OncePerRequestFilter.java:117)
	at org.apache.catalina.core.ApplicationFilterChain.internalDoFilter(ApplicationFilterChain.java:178)
	at org.apache.catalina.core.ApplicationFilterChain.doFilter(ApplicationFilterChain.java:153)
	at org.springframework.web.filter.FormContentFilter.doFilterInternal(FormContentFilter.java:93)
	at org.springframework.web.filter.OncePerRequestFilter.doFilter(OncePerRequestFilter.java:117)
	at org.apache.catalina.core.ApplicationFilterChain.internalDoFilter(ApplicationFilterChain.java:178)
	at org.apache.catalina.core.ApplicationFilterChain.doFilter(ApplicationFilterChain.java:153)
	at org.springframework.web.servlet.v3_1.OpenTelemetryHandlerMappingFilter.doFilter(OpenTelemetryHandlerMappingFilter.java:83)
	at org.apache.catalina.core.ApplicationFilterChain.internalDoFilter(ApplicationFilterChain.java:178)
	at org.apache.catalina.core.ApplicationFilterChain.doFilter(ApplicationFilterChain.java:153)
	at org.springframework.boot.actuate.metrics.web.servlet.WebMvcMetricsFilter.doFilterInternal(WebMvcMetricsFilter.java:96)
	at org.springframework.web.filter.OncePerRequestFilter.doFilter(OncePerRequestFilter.java:117)
	at org.apache.catalina.core.ApplicationFilterChain.internalDoFilter(ApplicationFilterChain.java:178)
	at org.apache.catalina.core.ApplicationFilterChain.doFilter(ApplicationFilterChain.java:153)
	at org.springframework.web.filter.CharacterEncodingFilter.doFilterInternal(CharacterEncodingFilter.java:201)
	at org.springframework.web.filter.OncePerRequestFilter.doFilter(OncePerRequestFilter.java:117)
	at org.apache.catalina.core.ApplicationFilterChain.internalDoFilter(ApplicationFilterChain.java:178)
	at org.apache.catalina.core.ApplicationFilterChain.doFilter(ApplicationFilterChain.java:153)
	at org.apache.catalina.core.StandardWrapperValve.invoke(StandardWrapperValve.java:168)
	at org.apache.catalina.core.StandardContextValve.invoke(StandardContextValve.java:90)
	at org.apache.catalina.authenticator.AuthenticatorBase.invoke(AuthenticatorBase.java:481)
	at org.apache.catalina.core.StandardHostValve.invoke(StandardHostValve.java:130)
	at org.apache.catalina.valves.ErrorReportValve.invoke(ErrorReportValve.java:93)
	at org.apache.catalina.core.StandardEngineValve.invoke(StandardEngineValve.java:74)
	at org.apache.catalina.valves.AbstractAccessLogValve.invoke(AbstractAccessLogValve.java:670)
	at org.apache.catalina.connector.CoyoteAdapter.service(CoyoteAdapter.java:342)
	at org.apache.coyote.http11.Http11Processor.service(Http11Processor.java:390)
	at org.apache.coyote.AbstractProcessorLight.process(AbstractProcessorLight.java:63)
	at org.apache.coyote.AbstractProtocol$ConnectionHandler.process(AbstractProtocol.java:928)
	at org.apache.tomcat.util.net.NioEndpoint$SocketProcessor.doRun(NioEndpoint.java:1794)
	at org.apache.tomcat.util.net.SocketProcessorBase.run(SocketProcessorBase.java:52)
	at org.apache.tomcat.util.threads.ThreadPoolExecutor.runWorker(ThreadPoolExecutor.java:1191)
	at org.apache.tomcat.util.threads.ThreadPoolExecutor$Worker.run(ThreadPoolExecutor.java:659)
	at org.apache.tomcat.util.threads.TaskThread$WrappingRunnable.run(TaskThread.java:61)
	at java.base/java.lang.Thread.run(Thread.java:833)
Logback 2025-04-17 04:26:40 DEBUG o.s.w.f.CommonsRequestLoggingFilter:55 - trkid= traceID=bf5de4db949f4bb88d132d4d651b00f9 span_id=804e6018a5f83f82 - After request [GET /start-all, client=172.19.0.3, headers=[accept:"application/json, text/plain, */*", user-agent:"axios/1.7.9", accept-encoding:"gzip, compress, deflate, br", traceparent:"00-bf5de4db949f4bb88d132d4d651b00f9-18836309f5f1632c-01", host:"ms-hello-observability-services.applications.svc.cluster.local:8080", connection:"close"]]
Logback 2025-04-17 04:26:40 INFO  o.g.c.f.AppMonitor:113 - trkid= traceID=bf5de4db949f4bb88d132d4d651b00f9 span_id=804e6018a5f83f82 - action=statisticsRequest uri=/start-all responseStatus=200 serviceStatusCode=200 httpStatusCode=200 responseTime=2705 description="Finish Trx org.apache.catalina.core.ApplicationContextFacade@1f00c594 | null"
Logback 2025-04-17 04:26:42 INFO  o.g.c.f.AppMonitor:113 - trkid= traceID=716d4e1747dc1579121f501a79eeaaa0 span_id=c7855af990d937f1 - action=statisticsEvent event=/posts-feing/90 serviceStatusCode=200 responseTime=200 description="init Trx"
Logback 2025-04-17 04:26:42 DEBUG o.s.w.f.CommonsRequestLoggingFilter:47 - trkid= traceID=716d4e1747dc1579121f501a79eeaaa0 span_id=c7855af990d937f1 - Before request [GET /posts-feing/90?x-request-id=post-peru, client=172.19.0.1, headers=[user-agent:"PostmanRuntime/7.43.3", accept:"*/*", cache-control:"no-cache", postman-token:"9667b88a-ddfb-43d5-afa8-b09f31ccccac", host:"localhost:8080", accept-encoding:"gzip, deflate, br", connection:"keep-alive"]]
Logback 2025-04-17 04:26:42 DEBUG o.s.w.f.CommonsRequestLoggingFilter:55 - trkid= traceID=716d4e1747dc1579121f501a79eeaaa0 span_id=c7855af990d937f1 - After request [GET /posts-feing/90?x-request-id=post-peru, client=172.19.0.1, headers=[user-agent:"PostmanRuntime/7.43.3", accept:"*/*", cache-control:"no-cache", postman-token:"9667b88a-ddfb-43d5-afa8-b09f31ccccac", host:"localhost:8080", accept-encoding:"gzip, deflate, br", connection:"keep-alive"]]
Logback 2025-04-17 04:26:42 INFO  o.g.c.f.AppMonitor:113 - trkid= traceID=716d4e1747dc1579121f501a79eeaaa0 span_id=c7855af990d937f1 - action=statisticsRequest uri=/posts-feing/90 responseStatus=200 serviceStatusCode=200 httpStatusCode=200 responseTime=49 description="Finish Trx org.apache.catalina.core.ApplicationContextFacade@1f00c594 | null"
Logback 2025-04-17 04:26:43 INFO  o.g.c.f.AppMonitor:113 - trkid= traceID=e63193fcfd7fc661aa6db4306cd3628f span_id=68188600dc4e4ac1 - action=statisticsEvent event=/posts-feing/40 serviceStatusCode=200 responseTime=200 description="init Trx"
Logback 2025-04-17 04:26:43 DEBUG o.s.w.f.CommonsRequestLoggingFilter:47 - trkid= traceID=e63193fcfd7fc661aa6db4306cd3628f span_id=68188600dc4e4ac1 - Before request [GET /posts-feing/40?x-request-id=post-arg, client=172.19.0.1, headers=[user-agent:"PostmanRuntime/7.43.3", accept:"*/*", cache-control:"no-cache", postman-token:"6e616d0f-e285-4737-946e-e201b0353243", host:"localhost:8080", accept-encoding:"gzip, deflate, br", connection:"keep-alive"]]
Logback 2025-04-17 04:26:43 DEBUG o.s.w.f.CommonsRequestLoggingFilter:55 - trkid= traceID=e63193fcfd7fc661aa6db4306cd3628f span_id=68188600dc4e4ac1 - After request [GET /posts-feing/40?x-request-id=post-arg, client=172.19.0.1, headers=[user-agent:"PostmanRuntime/7.43.3", accept:"*/*", cache-control:"no-cache", postman-token:"6e616d0f-e285-4737-946e-e201b0353243", host:"localhost:8080", accept-encoding:"gzip, deflate, br", connection:"keep-alive"]]
Logback 2025-04-17 04:26:43 INFO  o.g.c.f.AppMonitor:113 - trkid= traceID=e63193fcfd7fc661aa6db4306cd3628f span_id=68188600dc4e4ac1 - action=statisticsRequest uri=/posts-feing/40 responseStatus=200 serviceStatusCode=200 httpStatusCode=200 responseTime=32 description="Finish Trx org.apache.catalina.core.ApplicationContextFacade@1f00c594 | null"
Logback 2025-04-17 04:26:45 INFO  o.g.c.f.AppMonitor:113 - trkid= traceID=70f9af8a8c4f724d371e4b85b2361b1d span_id=bbb47ef32899ceb5 - action=statisticsEvent event=/start-customer serviceStatusCode=200 responseTime=200 description="init Trx"
Logback 2025-04-17 04:26:45 DEBUG o.s.w.f.CommonsRequestLoggingFilter:47 - trkid= traceID=70f9af8a8c4f724d371e4b85b2361b1d span_id=bbb47ef32899ceb5 - Before request [GET /start-customer?x-request-id=customer-brasil, client=172.19.0.1, headers=[user-agent:"PostmanRuntime/7.43.3", accept:"*/*", cache-control:"no-cache", postman-token:"1f954786-1db5-49ae-aaf0-4496bc96417b", host:"localhost:8080", accept-encoding:"gzip, deflate, br", connection:"keep-alive"]]
Logback 2025-04-17 04:26:45 DEBUG o.s.w.f.CommonsRequestLoggingFilter:55 - trkid= traceID=70f9af8a8c4f724d371e4b85b2361b1d span_id=bbb47ef32899ceb5 - After request [GET /start-customer?x-request-id=customer-brasil, client=172.19.0.1, headers=[user-agent:"PostmanRuntime/7.43.3", accept:"*/*", cache-control:"no-cache", postman-token:"1f954786-1db5-49ae-aaf0-4496bc96417b", host:"localhost:8080", accept-encoding:"gzip, deflate, br", connection:"keep-alive"]]
Logback 2025-04-17 04:26:46 INFO  o.g.c.f.AppMonitor:113 - trkid= traceID=70f9af8a8c4f724d371e4b85b2361b1d span_id=bbb47ef32899ceb5 - action=statisticsRequest uri=/start-customer responseStatus=200 serviceStatusCode=200 httpStatusCode=200 responseTime=429 description="Finish Trx org.apache.catalina.core.ApplicationContextFacade@1f00c594 | null"
Logback 2025-04-17 04:26:48 INFO  o.g.c.f.AppMonitor:113 - trkid= traceID=1f61a657f0f4301b3f41e0d10c6155ca span_id=734711aea0a67348 - action=statisticsEvent event=/start-seller serviceStatusCode=200 responseTime=200 description="init Trx"
Logback 2025-04-17 04:26:48 DEBUG o.s.w.f.CommonsRequestLoggingFilter:47 - trkid= traceID=1f61a657f0f4301b3f41e0d10c6155ca span_id=734711aea0a67348 - Before request [GET /start-seller?x-request-id=seller-mexico, client=172.19.0.1, headers=[user-agent:"PostmanRuntime/7.43.3", accept:"*/*", cache-control:"no-cache", postman-token:"e81f8bdd-8557-45dc-b987-fdcb3f518ab7", host:"localhost:8080", accept-encoding:"gzip, deflate, br", connection:"keep-alive"]]
Logback 2025-04-17 04:26:48 DEBUG o.s.w.f.CommonsRequestLoggingFilter:55 - trkid= traceID=1f61a657f0f4301b3f41e0d10c6155ca span_id=734711aea0a67348 - After request [GET /start-seller?x-request-id=seller-mexico, client=172.19.0.1, headers=[user-agent:"PostmanRuntime/7.43.3", accept:"*/*", cache-control:"no-cache", postman-token:"e81f8bdd-8557-45dc-b987-fdcb3f518ab7", host:"localhost:8080", accept-encoding:"gzip, deflate, br", connection:"keep-alive"]]
Logback 2025-04-17 04:26:48 INFO  o.g.c.f.AppMonitor:113 - trkid= traceID=1f61a657f0f4301b3f41e0d10c6155ca span_id=734711aea0a67348 - action=statisticsRequest uri=/start-seller responseStatus=200 serviceStatusCode=200 httpStatusCode=200 responseTime=204 description="Finish Trx org.apache.catalina.core.ApplicationContextFacade@1f00c594 | null"
Logback 2025-04-17 04:26:50 INFO  o.g.c.f.AppMonitor:113 - trkid= traceID=1e40ce8af6d83cdad33cc077267b4807 span_id=971f841491614555 - action=statisticsEvent event=/start-all serviceStatusCode=200 responseTime=200 description="init Trx"
Logback 2025-04-17 04:26:50 DEBUG o.s.w.f.CommonsRequestLoggingFilter:47 - trkid= traceID=1e40ce8af6d83cdad33cc077267b4807 span_id=971f841491614555 - Before request [GET /start-all, client=172.19.0.3, headers=[accept:"application/json, text/plain, */*", user-agent:"axios/1.7.9", accept-encoding:"gzip, compress, deflate, br", traceparent:"00-1e40ce8af6d83cdad33cc077267b4807-0f9fcf00d49d3ab3-01", host:"ms-hello-observability-services.applications.svc.cluster.local:8080", connection:"close"]]
Logback 2025-04-17 04:26:52 INFO  o.g.c.f.AppMonitor:113 - trkid= traceID=42933b627a5ef07e6fe7437bafb17e52 span_id=d67321885eae25fc - action=statisticsEvent event=/start-all serviceStatusCode=200 responseTime=200 description="init Trx"
Logback 2025-04-17 04:26:52 DEBUG o.s.w.f.CommonsRequestLoggingFilter:47 - trkid= traceID=42933b627a5ef07e6fe7437bafb17e52 span_id=d67321885eae25fc - Before request [GET /start-all, client=172.19.0.1, headers=[x-request-id:"start-chile", user-agent:"PostmanRuntime/7.43.3", accept:"*/*", cache-control:"no-cache", postman-token:"1954735c-1769-47ea-8d12-c0c4464c1409", host:"localhost:8080", accept-encoding:"gzip, deflate, br", connection:"keep-alive"]]
Logback 2025-04-17 04:26:54 DEBUG o.s.w.f.CommonsRequestLoggingFilter:55 - trkid= traceID=1e40ce8af6d83cdad33cc077267b4807 span_id=971f841491614555 - After request [GET /start-all, client=172.19.0.3, headers=[accept:"application/json, text/plain, */*", user-agent:"axios/1.7.9", accept-encoding:"gzip, compress, deflate, br", traceparent:"00-1e40ce8af6d83cdad33cc077267b4807-0f9fcf00d49d3ab3-01", host:"ms-hello-observability-services.applications.svc.cluster.local:8080", connection:"close"]]
Logback 2025-04-17 04:26:54 INFO  o.g.c.f.AppMonitor:113 - trkid= traceID=1e40ce8af6d83cdad33cc077267b4807 span_id=971f841491614555 - action=statisticsRequest uri=/start-all responseStatus=200 serviceStatusCode=200 httpStatusCode=200 responseTime=3797 description="Finish Trx org.apache.catalina.core.ApplicationContextFacade@1f00c594 | null"
Logback 2025-04-17 04:26:55 DEBUG o.s.w.f.CommonsRequestLoggingFilter:55 - trkid= traceID=42933b627a5ef07e6fe7437bafb17e52 span_id=d67321885eae25fc - After request [GET /start-all, client=172.19.0.1, headers=[x-request-id:"start-chile", user-agent:"PostmanRuntime/7.43.3", accept:"*/*", cache-control:"no-cache", postman-token:"1954735c-1769-47ea-8d12-c0c4464c1409", host:"localhost:8080", accept-encoding:"gzip, deflate, br", connection:"keep-alive"]]
Logback 2025-04-17 04:26:55 INFO  o.g.c.f.AppMonitor:113 - trkid= traceID=42933b627a5ef07e6fe7437bafb17e52 span_id=d67321885eae25fc - action=statisticsRequest uri=/start-all responseStatus=200 serviceStatusCode=200 httpStatusCode=200 responseTime=2471 description="Finish Trx org.apache.catalina.core.ApplicationContextFacade@1f00c594 | null"
Logback 2025-04-17 04:26:57 INFO  o.g.c.f.AppMonitor:113 - trkid= traceID=9ae96ce0b40e22dbe78a585582c1694f span_id=36d4c7e359831bd1 - action=statisticsEvent event=/posts-feing/90 serviceStatusCode=200 responseTime=200 description="init Trx"
Logback 2025-04-17 04:26:57 DEBUG o.s.w.f.CommonsRequestLoggingFilter:47 - trkid= traceID=9ae96ce0b40e22dbe78a585582c1694f span_id=36d4c7e359831bd1 - Before request [GET /posts-feing/90?x-request-id=post-peru, client=172.19.0.1, headers=[user-agent:"PostmanRuntime/7.43.3", accept:"*/*", cache-control:"no-cache", postman-token:"41baa2f3-bf4a-41c1-854d-5f33614c533b", host:"localhost:8080", accept-encoding:"gzip, deflate, br", connection:"keep-alive"]]
Logback 2025-04-17 04:26:57 DEBUG o.s.w.f.CommonsRequestLoggingFilter:55 - trkid= traceID=9ae96ce0b40e22dbe78a585582c1694f span_id=36d4c7e359831bd1 - After request [GET /posts-feing/90?x-request-id=post-peru, client=172.19.0.1, headers=[user-agent:"PostmanRuntime/7.43.3", accept:"*/*", cache-control:"no-cache", postman-token:"41baa2f3-bf4a-41c1-854d-5f33614c533b", host:"localhost:8080", accept-encoding:"gzip, deflate, br", connection:"keep-alive"]]
Logback 2025-04-17 04:26:57 INFO  o.g.c.f.AppMonitor:113 - trkid= traceID=9ae96ce0b40e22dbe78a585582c1694f span_id=36d4c7e359831bd1 - action=statisticsRequest uri=/posts-feing/90 responseStatus=200 serviceStatusCode=200 httpStatusCode=200 responseTime=59 description="Finish Trx org.apache.catalina.core.ApplicationContextFacade@1f00c594 | null"
Logback 2025-04-17 04:26:59 INFO  o.g.c.f.AppMonitor:113 - trkid= traceID=a6f08e53ba8e93fc2891727cad01ffe7 span_id=4c0a480845f54f6d - action=statisticsEvent event=/posts-feing/40 serviceStatusCode=200 responseTime=200 description="init Trx"
Logback 2025-04-17 04:26:59 DEBUG o.s.w.f.CommonsRequestLoggingFilter:47 - trkid= traceID=a6f08e53ba8e93fc2891727cad01ffe7 span_id=4c0a480845f54f6d - Before request [GET /posts-feing/40?x-request-id=post-arg, client=172.19.0.1, headers=[user-agent:"PostmanRuntime/7.43.3", accept:"*/*", cache-control:"no-cache", postman-token:"e98afa60-9e28-4538-b2b3-0638b617e094", host:"localhost:8080", accept-encoding:"gzip, deflate, br", connection:"keep-alive"]]
Logback 2025-04-17 04:26:59 DEBUG o.s.w.f.CommonsRequestLoggingFilter:55 - trkid= traceID=a6f08e53ba8e93fc2891727cad01ffe7 span_id=4c0a480845f54f6d - After request [GET /posts-feing/40?x-request-id=post-arg, client=172.19.0.1, headers=[user-agent:"PostmanRuntime/7.43.3", accept:"*/*", cache-control:"no-cache", postman-token:"e98afa60-9e28-4538-b2b3-0638b617e094", host:"localhost:8080", accept-encoding:"gzip, deflate, br", connection:"keep-alive"]]
Logback 2025-04-17 04:26:59 INFO  o.g.c.f.AppMonitor:113 - trkid= traceID=a6f08e53ba8e93fc2891727cad01ffe7 span_id=4c0a480845f54f6d - action=statisticsRequest uri=/posts-feing/40 responseStatus=200 serviceStatusCode=200 httpStatusCode=200 responseTime=26 description="Finish Trx org.apache.catalina.core.ApplicationContextFacade@1f00c594 | null"
Logback 2025-04-17 04:27:01 INFO  o.g.c.f.AppMonitor:113 - trkid= traceID=9fad53af1abdc07da1388b5f9228923c span_id=b353029270d07578 - action=statisticsEvent event=/start-customer serviceStatusCode=200 responseTime=200 description="init Trx"
Logback 2025-04-17 04:27:01 DEBUG o.s.w.f.CommonsRequestLoggingFilter:47 - trkid= traceID=9fad53af1abdc07da1388b5f9228923c span_id=b353029270d07578 - Before request [GET /start-customer?x-request-id=customer-brasil, client=172.19.0.1, headers=[user-agent:"PostmanRuntime/7.43.3", accept:"*/*", cache-control:"no-cache", postman-token:"e4eb9e59-6e45-43f8-9d43-15422f0ee4ec", host:"localhost:8080", accept-encoding:"gzip, deflate, br", connection:"keep-alive"]]
Logback 2025-04-17 04:27:01 DEBUG o.s.w.f.CommonsRequestLoggingFilter:55 - trkid= traceID=9fad53af1abdc07da1388b5f9228923c span_id=b353029270d07578 - After request [GET /start-customer?x-request-id=customer-brasil, client=172.19.0.1, headers=[user-agent:"PostmanRuntime/7.43.3", accept:"*/*", cache-control:"no-cache", postman-token:"e4eb9e59-6e45-43f8-9d43-15422f0ee4ec", host:"localhost:8080", accept-encoding:"gzip, deflate, br", connection:"keep-alive"]]
Logback 2025-04-17 04:27:01 INFO  o.g.c.f.AppMonitor:113 - trkid= traceID=9fad53af1abdc07da1388b5f9228923c span_id=b353029270d07578 - action=statisticsRequest uri=/start-customer responseStatus=200 serviceStatusCode=200 httpStatusCode=200 responseTime=15 description="Finish Trx org.apache.catalina.core.ApplicationContextFacade@1f00c594 | null"
Logback 2025-04-17 04:27:03 INFO  o.g.c.f.AppMonitor:113 - trkid= traceID=533b9e9df9edc22b81a227b7187266b6 span_id=50ec994c43201238 - action=statisticsEvent event=/start-seller serviceStatusCode=200 responseTime=200 description="init Trx"
Logback 2025-04-17 04:27:03 DEBUG o.s.w.f.CommonsRequestLoggingFilter:47 - trkid= traceID=533b9e9df9edc22b81a227b7187266b6 span_id=50ec994c43201238 - Before request [GET /start-seller?x-request-id=seller-mexico, client=172.19.0.1, headers=[user-agent:"PostmanRuntime/7.43.3", accept:"*/*", cache-control:"no-cache", postman-token:"d2dac355-f36b-48fd-8aa4-bc82edc9e4c9", host:"localhost:8080", accept-encoding:"gzip, deflate, br", connection:"keep-alive"]]
Logback 2025-04-17 04:27:03 DEBUG o.s.w.f.CommonsRequestLoggingFilter:55 - trkid= traceID=533b9e9df9edc22b81a227b7187266b6 span_id=50ec994c43201238 - After request [GET /start-seller?x-request-id=seller-mexico, client=172.19.0.1, headers=[user-agent:"PostmanRuntime/7.43.3", accept:"*/*", cache-control:"no-cache", postman-token:"d2dac355-f36b-48fd-8aa4-bc82edc9e4c9", host:"localhost:8080", accept-encoding:"gzip, deflate, br", connection:"keep-alive"]]
Logback 2025-04-17 04:27:03 INFO  o.g.c.f.AppMonitor:113 - trkid= traceID=533b9e9df9edc22b81a227b7187266b6 span_id=50ec994c43201238 - action=statisticsRequest uri=/start-seller responseStatus=200 serviceStatusCode=200 httpStatusCode=200 responseTime=193 description="Finish Trx org.apache.catalina.core.ApplicationContextFacade@1f00c594 | null"
Logback 2025-04-17 04:27:06 INFO  o.g.c.f.AppMonitor:113 - trkid= traceID=d162b4d4c52c1ccbbe8cb5551ee278ca span_id=4057fc1b74a6e172 - action=statisticsEvent event=/start-all serviceStatusCode=200 responseTime=200 description="init Trx"
Logback 2025-04-17 04:27:06 DEBUG o.s.w.f.CommonsRequestLoggingFilter:47 - trkid= traceID=d162b4d4c52c1ccbbe8cb5551ee278ca span_id=4057fc1b74a6e172 - Before request [GET /start-all, client=172.19.0.3, headers=[accept:"application/json, text/plain, */*", user-agent:"axios/1.7.9", accept-encoding:"gzip, compress, deflate, br", traceparent:"00-d162b4d4c52c1ccbbe8cb5551ee278ca-47671d327214ff84-01", host:"ms-hello-observability-services.applications.svc.cluster.local:8080", connection:"close"]]
Logback 2025-04-17 04:27:07 DEBUG o.s.w.f.CommonsRequestLoggingFilter:55 - trkid= traceID=d162b4d4c52c1ccbbe8cb5551ee278ca span_id=4057fc1b74a6e172 - After request [GET /start-all, client=172.19.0.3, headers=[accept:"application/json, text/plain, */*", user-agent:"axios/1.7.9", accept-encoding:"gzip, compress, deflate, br", traceparent:"00-d162b4d4c52c1ccbbe8cb5551ee278ca-47671d327214ff84-01", host:"ms-hello-observability-services.applications.svc.cluster.local:8080", connection:"close"]]
Logback 2025-04-17 04:27:07 ERROR o.a.c.c.C.[.[.[.[dispatcherServlet]:175 - trkid= traceID=d162b4d4c52c1ccbbe8cb5551ee278ca span_id=4057fc1b74a6e172 - Servlet.service() for servlet [dispatcherServlet] in context with path [] threw exception
java.io.IOException: Random error with /start-seller!
	at org.grafana.controller.PrincipalController.randomError(PrincipalController.java:162)
	at org.grafana.controller.PrincipalController.startSeller(PrincipalController.java:111)
	at org.grafana.controller.PrincipalController.startProcess(PrincipalController.java:59)
	at jdk.internal.reflect.GeneratedMethodAccessor35.invoke(Unknown Source)
	at java.base/jdk.internal.reflect.DelegatingMethodAccessorImpl.invoke(DelegatingMethodAccessorImpl.java:43)
	at java.base/java.lang.reflect.Method.invoke(Method.java:568)
	at org.springframework.web.method.support.InvocableHandlerMethod.doInvoke(InvocableHandlerMethod.java:205)
	at org.springframework.web.method.support.InvocableHandlerMethod.invokeForRequest(InvocableHandlerMethod.java:150)
	at org.springframework.web.servlet.mvc.method.annotation.ServletInvocableHandlerMethod.invokeAndHandle(ServletInvocableHandlerMethod.java:117)
	at org.springframework.web.servlet.mvc.method.annotation.RequestMappingHandlerAdapter.invokeHandlerMethod(RequestMappingHandlerAdapter.java:895)
	at org.springframework.web.servlet.mvc.method.annotation.RequestMappingHandlerAdapter.handleInternal(RequestMappingHandlerAdapter.java:808)
	at org.springframework.web.servlet.mvc.method.AbstractHandlerMethodAdapter.handle(AbstractHandlerMethodAdapter.java:87)
	at org.springframework.web.servlet.DispatcherServlet.doDispatch(DispatcherServlet.java:1072)
	at org.springframework.web.servlet.DispatcherServlet.doService(DispatcherServlet.java:965)
	at org.springframework.web.servlet.FrameworkServlet.processRequest(FrameworkServlet.java:1006)
	at org.springframework.web.servlet.FrameworkServlet.doGet(FrameworkServlet.java:898)
	at javax.servlet.http.HttpServlet.service(HttpServlet.java:529)
	at org.springframework.web.servlet.FrameworkServlet.service(FrameworkServlet.java:883)
	at javax.servlet.http.HttpServlet.service(HttpServlet.java:623)
	at org.apache.catalina.core.ApplicationFilterChain.internalDoFilter(ApplicationFilterChain.java:209)
	at org.apache.catalina.core.ApplicationFilterChain.doFilter(ApplicationFilterChain.java:153)
	at org.apache.tomcat.websocket.server.WsFilter.doFilter(WsFilter.java:51)
	at org.apache.catalina.core.ApplicationFilterChain.internalDoFilter(ApplicationFilterChain.java:178)
	at org.apache.catalina.core.ApplicationFilterChain.doFilter(ApplicationFilterChain.java:153)
	at org.springframework.web.filter.AbstractRequestLoggingFilter.doFilterInternal(AbstractRequestLoggingFilter.java:289)
	at org.springframework.web.filter.OncePerRequestFilter.doFilter(OncePerRequestFilter.java:117)
	at org.apache.catalina.core.ApplicationFilterChain.internalDoFilter(ApplicationFilterChain.java:178)
	at org.apache.catalina.core.ApplicationFilterChain.doFilter(ApplicationFilterChain.java:153)
	at org.grafana.config.filter.FilterAsInterceptorAdapter.doFilter(FilterAsInterceptorAdapter.java:25)
	at org.apache.catalina.core.ApplicationFilterChain.internalDoFilter(ApplicationFilterChain.java:178)
	at org.apache.catalina.core.ApplicationFilterChain.doFilter(ApplicationFilterChain.java:153)
	at org.springframework.web.filter.RequestContextFilter.doFilterInternal(RequestContextFilter.java:100)
	at org.springframework.web.filter.OncePerRequestFilter.doFilter(OncePerRequestFilter.java:117)
	at org.apache.catalina.core.ApplicationFilterChain.internalDoFilter(ApplicationFilterChain.java:178)
	at org.apache.catalina.core.ApplicationFilterChain.doFilter(ApplicationFilterChain.java:153)
	at org.springframework.web.filter.FormContentFilter.doFilterInternal(FormContentFilter.java:93)
	at org.springframework.web.filter.OncePerRequestFilter.doFilter(OncePerRequestFilter.java:117)
	at org.apache.catalina.core.ApplicationFilterChain.internalDoFilter(ApplicationFilterChain.java:178)
	at org.apache.catalina.core.ApplicationFilterChain.doFilter(ApplicationFilterChain.java:153)
	at org.springframework.web.servlet.v3_1.OpenTelemetryHandlerMappingFilter.doFilter(OpenTelemetryHandlerMappingFilter.java:83)
	at org.apache.catalina.core.ApplicationFilterChain.internalDoFilter(ApplicationFilterChain.java:178)
	at org.apache.catalina.core.ApplicationFilterChain.doFilter(ApplicationFilterChain.java:153)
	at org.springframework.boot.actuate.metrics.web.servlet.WebMvcMetricsFilter.doFilterInternal(WebMvcMetricsFilter.java:96)
	at org.springframework.web.filter.OncePerRequestFilter.doFilter(OncePerRequestFilter.java:117)
	at org.apache.catalina.core.ApplicationFilterChain.internalDoFilter(ApplicationFilterChain.java:178)
	at org.apache.catalina.core.ApplicationFilterChain.doFilter(ApplicationFilterChain.java:153)
	at org.springframework.web.filter.CharacterEncodingFilter.doFilterInternal(CharacterEncodingFilter.java:201)
	at org.springframework.web.filter.OncePerRequestFilter.doFilter(OncePerRequestFilter.java:117)
	at org.apache.catalina.core.ApplicationFilterChain.internalDoFilter(ApplicationFilterChain.java:178)
	at org.apache.catalina.core.ApplicationFilterChain.doFilter(ApplicationFilterChain.java:153)
	at org.apache.catalina.core.StandardWrapperValve.invoke(StandardWrapperValve.java:168)
	at org.apache.catalina.core.StandardContextValve.invoke(StandardContextValve.java:90)
	at org.apache.catalina.authenticator.AuthenticatorBase.invoke(AuthenticatorBase.java:481)
	at org.apache.catalina.core.StandardHostValve.invoke(StandardHostValve.java:130)
	at org.apache.catalina.valves.ErrorReportValve.invoke(ErrorReportValve.java:93)
	at org.apache.catalina.core.StandardEngineValve.invoke(StandardEngineValve.java:74)
	at org.apache.catalina.valves.AbstractAccessLogValve.invoke(AbstractAccessLogValve.java:670)
	at org.apache.catalina.connector.CoyoteAdapter.service(CoyoteAdapter.java:342)
	at org.apache.coyote.http11.Http11Processor.service(Http11Processor.java:390)
	at org.apache.coyote.AbstractProcessorLight.process(AbstractProcessorLight.java:63)
	at org.apache.coyote.AbstractProtocol$ConnectionHandler.process(AbstractProtocol.java:928)
	at org.apache.tomcat.util.net.NioEndpoint$SocketProcessor.doRun(NioEndpoint.java:1794)
	at org.apache.tomcat.util.net.SocketProcessorBase.run(SocketProcessorBase.java:52)
	at org.apache.tomcat.util.threads.ThreadPoolExecutor.runWorker(ThreadPoolExecutor.java:1191)
	at org.apache.tomcat.util.threads.ThreadPoolExecutor$Worker.run(ThreadPoolExecutor.java:659)
	at org.apache.tomcat.util.threads.TaskThread$WrappingRunnable.run(TaskThread.java:61)
	at java.base/java.lang.Thread.run(Thread.java:833)
Logback 2025-04-17 04:27:08 INFO  o.g.c.f.AppMonitor:113 - trkid= traceID=2a99d2ee9869b27685b2f372fec3cd04 span_id=9c421cd1be6c172c - action=statisticsEvent event=/start-all serviceStatusCode=200 responseTime=200 description="init Trx"
Logback 2025-04-17 04:27:08 DEBUG o.s.w.f.CommonsRequestLoggingFilter:47 - trkid= traceID=2a99d2ee9869b27685b2f372fec3cd04 span_id=9c421cd1be6c172c - Before request [GET /start-all, client=172.19.0.1, headers=[x-request-id:"start-chile", user-agent:"PostmanRuntime/7.43.3", accept:"*/*", cache-control:"no-cache", postman-token:"22658228-e449-4519-ac52-8aeb4b6146a3", host:"localhost:8080", accept-encoding:"gzip, deflate, br", connection:"keep-alive"]]
Logback 2025-04-17 04:27:11 DEBUG o.s.w.f.CommonsRequestLoggingFilter:55 - trkid= traceID=2a99d2ee9869b27685b2f372fec3cd04 span_id=9c421cd1be6c172c - After request [GET /start-all, client=172.19.0.1, headers=[x-request-id:"start-chile", user-agent:"PostmanRuntime/7.43.3", accept:"*/*", cache-control:"no-cache", postman-token:"22658228-e449-4519-ac52-8aeb4b6146a3", host:"localhost:8080", accept-encoding:"gzip, deflate, br", connection:"keep-alive"]]
Logback 2025-04-17 04:27:11 INFO  o.g.c.f.AppMonitor:113 - trkid= traceID=2a99d2ee9869b27685b2f372fec3cd04 span_id=9c421cd1be6c172c - action=statisticsRequest uri=/start-all responseStatus=200 serviceStatusCode=200 httpStatusCode=200 responseTime=2782 description="Finish Trx org.apache.catalina.core.ApplicationContextFacade@1f00c594 | null"
Logback 2025-04-17 04:27:13 INFO  o.g.c.f.AppMonitor:113 - trkid= traceID=07d784272c4a758c8bcedaa1b13d000a span_id=dfcf397105552bfe - action=statisticsEvent event=/posts-feing/90 serviceStatusCode=200 responseTime=200 description="init Trx"
Logback 2025-04-17 04:27:13 DEBUG o.s.w.f.CommonsRequestLoggingFilter:47 - trkid= traceID=07d784272c4a758c8bcedaa1b13d000a span_id=dfcf397105552bfe - Before request [GET /posts-feing/90?x-request-id=post-peru, client=172.19.0.1, headers=[user-agent:"PostmanRuntime/7.43.3", accept:"*/*", cache-control:"no-cache", postman-token:"00535f99-01fa-4a91-ab0d-7b09439dd51f", host:"localhost:8080", accept-encoding:"gzip, deflate, br", connection:"keep-alive"]]
Logback 2025-04-17 04:27:13 DEBUG o.s.w.f.CommonsRequestLoggingFilter:55 - trkid= traceID=07d784272c4a758c8bcedaa1b13d000a span_id=dfcf397105552bfe - After request [GET /posts-feing/90?x-request-id=post-peru, client=172.19.0.1, headers=[user-agent:"PostmanRuntime/7.43.3", accept:"*/*", cache-control:"no-cache", postman-token:"00535f99-01fa-4a91-ab0d-7b09439dd51f", host:"localhost:8080", accept-encoding:"gzip, deflate, br", connection:"keep-alive"]]
Logback 2025-04-17 04:27:13 INFO  o.g.c.f.AppMonitor:113 - trkid= traceID=07d784272c4a758c8bcedaa1b13d000a span_id=dfcf397105552bfe - action=statisticsRequest uri=/posts-feing/90 responseStatus=200 serviceStatusCode=200 httpStatusCode=200 responseTime=90 description="Finish Trx org.apache.catalina.core.ApplicationContextFacade@1f00c594 | null"
Logback 2025-04-17 04:27:15 INFO  o.g.c.f.AppMonitor:113 - trkid= traceID=b9bf0ee13fcfda64aa5634ac2807cf42 span_id=237335eaecdf40b7 - action=statisticsEvent event=/posts-feing/40 serviceStatusCode=200 responseTime=200 description="init Trx"
Logback 2025-04-17 04:27:15 DEBUG o.s.w.f.CommonsRequestLoggingFilter:47 - trkid= traceID=b9bf0ee13fcfda64aa5634ac2807cf42 span_id=237335eaecdf40b7 - Before request [GET /posts-feing/40?x-request-id=post-arg, client=172.19.0.1, headers=[user-agent:"PostmanRuntime/7.43.3", accept:"*/*", cache-control:"no-cache", postman-token:"882bec4d-e67e-4c02-83c2-d5e375ea8382", host:"localhost:8080", accept-encoding:"gzip, deflate, br", connection:"keep-alive"]]
Logback 2025-04-17 04:27:15 DEBUG o.s.w.f.CommonsRequestLoggingFilter:55 - trkid= traceID=b9bf0ee13fcfda64aa5634ac2807cf42 span_id=237335eaecdf40b7 - After request [GET /posts-feing/40?x-request-id=post-arg, client=172.19.0.1, headers=[user-agent:"PostmanRuntime/7.43.3", accept:"*/*", cache-control:"no-cache", postman-token:"882bec4d-e67e-4c02-83c2-d5e375ea8382", host:"localhost:8080", accept-encoding:"gzip, deflate, br", connection:"keep-alive"]]
Logback 2025-04-17 04:27:15 INFO  o.g.c.f.AppMonitor:113 - trkid= traceID=b9bf0ee13fcfda64aa5634ac2807cf42 span_id=237335eaecdf40b7 - action=statisticsRequest uri=/posts-feing/40 responseStatus=200 serviceStatusCode=200 httpStatusCode=200 responseTime=58 description="Finish Trx org.apache.catalina.core.ApplicationContextFacade@1f00c594 | null"
Logback 2025-04-17 04:27:17 INFO  o.g.c.f.AppMonitor:113 - trkid= traceID=08af2bfe32f23f54aceb8ffdfbfebc87 span_id=83e458af38caaa90 - action=statisticsEvent event=/start-customer serviceStatusCode=200 responseTime=200 description="init Trx"
Logback 2025-04-17 04:27:17 DEBUG o.s.w.f.CommonsRequestLoggingFilter:47 - trkid= traceID=08af2bfe32f23f54aceb8ffdfbfebc87 span_id=83e458af38caaa90 - Before request [GET /start-customer?x-request-id=customer-brasil, client=172.19.0.1, headers=[user-agent:"PostmanRuntime/7.43.3", accept:"*/*", cache-control:"no-cache", postman-token:"63577853-a127-4386-b058-b265b31b0681", host:"localhost:8080", accept-encoding:"gzip, deflate, br", connection:"keep-alive"]]
Logback 2025-04-17 04:27:17 DEBUG o.s.w.f.CommonsRequestLoggingFilter:55 - trkid= traceID=08af2bfe32f23f54aceb8ffdfbfebc87 span_id=83e458af38caaa90 - After request [GET /start-customer?x-request-id=customer-brasil, client=172.19.0.1, headers=[user-agent:"PostmanRuntime/7.43.3", accept:"*/*", cache-control:"no-cache", postman-token:"63577853-a127-4386-b058-b265b31b0681", host:"localhost:8080", accept-encoding:"gzip, deflate, br", connection:"keep-alive"]]
Logback 2025-04-17 04:27:17 INFO  o.g.c.f.AppMonitor:113 - trkid= traceID=08af2bfe32f23f54aceb8ffdfbfebc87 span_id=83e458af38caaa90 - action=statisticsRequest uri=/start-customer responseStatus=200 serviceStatusCode=200 httpStatusCode=200 responseTime=356 description="Finish Trx org.apache.catalina.core.ApplicationContextFacade@1f00c594 | null"
Logback 2025-04-17 04:27:20 INFO  o.g.c.f.AppMonitor:113 - trkid= traceID=be8aec87943b16c089d774601637811e span_id=b38a615468813cc9 - action=statisticsEvent event=/start-seller serviceStatusCode=200 responseTime=200 description="init Trx"
Logback 2025-04-17 04:27:20 DEBUG o.s.w.f.CommonsRequestLoggingFilter:47 - trkid= traceID=be8aec87943b16c089d774601637811e span_id=b38a615468813cc9 - Before request [GET /start-seller?x-request-id=seller-mexico, client=172.19.0.1, headers=[user-agent:"PostmanRuntime/7.43.3", accept:"*/*", cache-control:"no-cache", postman-token:"c944a0ce-0d55-4f41-abc3-85bd1957a10b", host:"localhost:8080", accept-encoding:"gzip, deflate, br", connection:"keep-alive"]]
Logback 2025-04-17 04:27:20 DEBUG o.s.w.f.CommonsRequestLoggingFilter:55 - trkid= traceID=be8aec87943b16c089d774601637811e span_id=b38a615468813cc9 - After request [GET /start-seller?x-request-id=seller-mexico, client=172.19.0.1, headers=[user-agent:"PostmanRuntime/7.43.3", accept:"*/*", cache-control:"no-cache", postman-token:"c944a0ce-0d55-4f41-abc3-85bd1957a10b", host:"localhost:8080", accept-encoding:"gzip, deflate, br", connection:"keep-alive"]]
Logback 2025-04-17 04:27:20 INFO  o.g.c.f.AppMonitor:113 - trkid= traceID=be8aec87943b16c089d774601637811e span_id=b38a615468813cc9 - action=statisticsRequest uri=/start-seller responseStatus=200 serviceStatusCode=200 httpStatusCode=200 responseTime=440 description="Finish Trx org.apache.catalina.core.ApplicationContextFacade@1f00c594 | null"
Logback 2025-04-17 04:27:22 INFO  o.g.c.f.AppMonitor:113 - trkid= traceID=c6ae3ae24e780eed3a8d8f64029a4aec span_id=e4ffe5308c5f9612 - action=statisticsEvent event=/start-all serviceStatusCode=200 responseTime=200 description="init Trx"
Logback 2025-04-17 04:27:22 DEBUG o.s.w.f.CommonsRequestLoggingFilter:47 - trkid= traceID=c6ae3ae24e780eed3a8d8f64029a4aec span_id=e4ffe5308c5f9612 - Before request [GET /start-all, client=172.19.0.3, headers=[accept:"application/json, text/plain, */*", user-agent:"axios/1.7.9", accept-encoding:"gzip, compress, deflate, br", traceparent:"00-c6ae3ae24e780eed3a8d8f64029a4aec-0783cf3745452cba-01", host:"ms-hello-observability-services.applications.svc.cluster.local:8080", connection:"close"]]
Logback 2025-04-17 04:27:24 INFO  o.g.c.f.AppMonitor:113 - trkid= traceID=61f7f07c50126ded2bbe94f0383cfe79 span_id=347993630ea7774c - action=statisticsEvent event=/start-all serviceStatusCode=200 responseTime=200 description="init Trx"
Logback 2025-04-17 04:27:24 DEBUG o.s.w.f.CommonsRequestLoggingFilter:47 - trkid= traceID=61f7f07c50126ded2bbe94f0383cfe79 span_id=347993630ea7774c - Before request [GET /start-all, client=172.19.0.1, headers=[x-request-id:"start-chile", user-agent:"PostmanRuntime/7.43.3", accept:"*/*", cache-control:"no-cache", postman-token:"8d84a7c4-1048-4364-9020-3ce89cd88fee", host:"localhost:8080", accept-encoding:"gzip, deflate, br", connection:"keep-alive"]]
Logback 2025-04-17 04:27:25 DEBUG o.s.w.f.CommonsRequestLoggingFilter:55 - trkid= traceID=c6ae3ae24e780eed3a8d8f64029a4aec span_id=e4ffe5308c5f9612 - After request [GET /start-all, client=172.19.0.3, headers=[accept:"application/json, text/plain, */*", user-agent:"axios/1.7.9", accept-encoding:"gzip, compress, deflate, br", traceparent:"00-c6ae3ae24e780eed3a8d8f64029a4aec-0783cf3745452cba-01", host:"ms-hello-observability-services.applications.svc.cluster.local:8080", connection:"close"]]
Logback 2025-04-17 04:27:25 INFO  o.g.c.f.AppMonitor:113 - trkid= traceID=c6ae3ae24e780eed3a8d8f64029a4aec span_id=e4ffe5308c5f9612 - action=statisticsRequest uri=/start-all responseStatus=200 serviceStatusCode=200 httpStatusCode=200 responseTime=2520 description="Finish Trx org.apache.catalina.core.ApplicationContextFacade@1f00c594 | null"
Logback 2025-04-17 04:27:26 DEBUG o.s.w.f.CommonsRequestLoggingFilter:55 - trkid= traceID=61f7f07c50126ded2bbe94f0383cfe79 span_id=347993630ea7774c - After request [GET /start-all, client=172.19.0.1, headers=[x-request-id:"start-chile", user-agent:"PostmanRuntime/7.43.3", accept:"*/*", cache-control:"no-cache", postman-token:"8d84a7c4-1048-4364-9020-3ce89cd88fee", host:"localhost:8080", accept-encoding:"gzip, deflate, br", connection:"keep-alive"]]
Logback 2025-04-17 04:27:26 ERROR o.a.c.c.C.[.[.[.[dispatcherServlet]:175 - trkid= traceID=61f7f07c50126ded2bbe94f0383cfe79 span_id=347993630ea7774c - Servlet.service() for servlet [dispatcherServlet] in context with path [] threw exception
java.io.IOException: Random error with /start-seller!
	at org.grafana.controller.PrincipalController.randomError(PrincipalController.java:162)
	at org.grafana.controller.PrincipalController.startSeller(PrincipalController.java:111)
	at org.grafana.controller.PrincipalController.startProcess(PrincipalController.java:59)
	at jdk.internal.reflect.GeneratedMethodAccessor35.invoke(Unknown Source)
	at java.base/jdk.internal.reflect.DelegatingMethodAccessorImpl.invoke(DelegatingMethodAccessorImpl.java:43)
	at java.base/java.lang.reflect.Method.invoke(Method.java:568)
	at org.springframework.web.method.support.InvocableHandlerMethod.doInvoke(InvocableHandlerMethod.java:205)
	at org.springframework.web.method.support.InvocableHandlerMethod.invokeForRequest(InvocableHandlerMethod.java:150)
	at org.springframework.web.servlet.mvc.method.annotation.ServletInvocableHandlerMethod.invokeAndHandle(ServletInvocableHandlerMethod.java:117)
	at org.springframework.web.servlet.mvc.method.annotation.RequestMappingHandlerAdapter.invokeHandlerMethod(RequestMappingHandlerAdapter.java:895)
	at org.springframework.web.servlet.mvc.method.annotation.RequestMappingHandlerAdapter.handleInternal(RequestMappingHandlerAdapter.java:808)
	at org.springframework.web.servlet.mvc.method.AbstractHandlerMethodAdapter.handle(AbstractHandlerMethodAdapter.java:87)
	at org.springframework.web.servlet.DispatcherServlet.doDispatch(DispatcherServlet.java:1072)
	at org.springframework.web.servlet.DispatcherServlet.doService(DispatcherServlet.java:965)
	at org.springframework.web.servlet.FrameworkServlet.processRequest(FrameworkServlet.java:1006)
	at org.springframework.web.servlet.FrameworkServlet.doGet(FrameworkServlet.java:898)
	at javax.servlet.http.HttpServlet.service(HttpServlet.java:529)
	at org.springframework.web.servlet.FrameworkServlet.service(FrameworkServlet.java:883)
	at javax.servlet.http.HttpServlet.service(HttpServlet.java:623)
	at org.apache.catalina.core.ApplicationFilterChain.internalDoFilter(ApplicationFilterChain.java:209)
	at org.apache.catalina.core.ApplicationFilterChain.doFilter(ApplicationFilterChain.java:153)
	at org.apache.tomcat.websocket.server.WsFilter.doFilter(WsFilter.java:51)
	at org.apache.catalina.core.ApplicationFilterChain.internalDoFilter(ApplicationFilterChain.java:178)
	at org.apache.catalina.core.ApplicationFilterChain.doFilter(ApplicationFilterChain.java:153)
	at org.springframework.web.filter.AbstractRequestLoggingFilter.doFilterInternal(AbstractRequestLoggingFilter.java:289)
	at org.springframework.web.filter.OncePerRequestFilter.doFilter(OncePerRequestFilter.java:117)
	at org.apache.catalina.core.ApplicationFilterChain.internalDoFilter(ApplicationFilterChain.java:178)
	at org.apache.catalina.core.ApplicationFilterChain.doFilter(ApplicationFilterChain.java:153)
	at org.grafana.config.filter.FilterAsInterceptorAdapter.doFilter(FilterAsInterceptorAdapter.java:25)
	at org.apache.catalina.core.ApplicationFilterChain.internalDoFilter(ApplicationFilterChain.java:178)
	at org.apache.catalina.core.ApplicationFilterChain.doFilter(ApplicationFilterChain.java:153)
	at org.springframework.web.filter.RequestContextFilter.doFilterInternal(RequestContextFilter.java:100)
	at org.springframework.web.filter.OncePerRequestFilter.doFilter(OncePerRequestFilter.java:117)
	at org.apache.catalina.core.ApplicationFilterChain.internalDoFilter(ApplicationFilterChain.java:178)
	at org.apache.catalina.core.ApplicationFilterChain.doFilter(ApplicationFilterChain.java:153)
	at org.springframework.web.filter.FormContentFilter.doFilterInternal(FormContentFilter.java:93)
	at org.springframework.web.filter.OncePerRequestFilter.doFilter(OncePerRequestFilter.java:117)
	at org.apache.catalina.core.ApplicationFilterChain.internalDoFilter(ApplicationFilterChain.java:178)
	at org.apache.catalina.core.ApplicationFilterChain.doFilter(ApplicationFilterChain.java:153)
	at org.springframework.web.servlet.v3_1.OpenTelemetryHandlerMappingFilter.doFilter(OpenTelemetryHandlerMappingFilter.java:83)
	at org.apache.catalina.core.ApplicationFilterChain.internalDoFilter(ApplicationFilterChain.java:178)
	at org.apache.catalina.core.ApplicationFilterChain.doFilter(ApplicationFilterChain.java:153)
	at org.springframework.boot.actuate.metrics.web.servlet.WebMvcMetricsFilter.doFilterInternal(WebMvcMetricsFilter.java:96)
	at org.springframework.web.filter.OncePerRequestFilter.doFilter(OncePerRequestFilter.java:117)
	at org.apache.catalina.core.ApplicationFilterChain.internalDoFilter(ApplicationFilterChain.java:178)
	at org.apache.catalina.core.ApplicationFilterChain.doFilter(ApplicationFilterChain.java:153)
	at org.springframework.web.filter.CharacterEncodingFilter.doFilterInternal(CharacterEncodingFilter.java:201)
	at org.springframework.web.filter.OncePerRequestFilter.doFilter(OncePerRequestFilter.java:117)
	at org.apache.catalina.core.ApplicationFilterChain.internalDoFilter(ApplicationFilterChain.java:178)
	at org.apache.catalina.core.ApplicationFilterChain.doFilter(ApplicationFilterChain.java:153)
	at org.apache.catalina.core.StandardWrapperValve.invoke(StandardWrapperValve.java:168)
	at org.apache.catalina.core.StandardContextValve.invoke(StandardContextValve.java:90)
	at org.apache.catalina.authenticator.AuthenticatorBase.invoke(AuthenticatorBase.java:481)
	at org.apache.catalina.core.StandardHostValve.invoke(StandardHostValve.java:130)
	at org.apache.catalina.valves.ErrorReportValve.invoke(ErrorReportValve.java:93)
	at org.apache.catalina.core.StandardEngineValve.invoke(StandardEngineValve.java:74)
	at org.apache.catalina.valves.AbstractAccessLogValve.invoke(AbstractAccessLogValve.java:670)
	at org.apache.catalina.connector.CoyoteAdapter.service(CoyoteAdapter.java:342)
	at org.apache.coyote.http11.Http11Processor.service(Http11Processor.java:390)
	at org.apache.coyote.AbstractProcessorLight.process(AbstractProcessorLight.java:63)
	at org.apache.coyote.AbstractProtocol$ConnectionHandler.process(AbstractProtocol.java:928)
	at org.apache.tomcat.util.net.NioEndpoint$SocketProcessor.doRun(NioEndpoint.java:1794)
	at org.apache.tomcat.util.net.SocketProcessorBase.run(SocketProcessorBase.java:52)
	at org.apache.tomcat.util.threads.ThreadPoolExecutor.runWorker(ThreadPoolExecutor.java:1191)
	at org.apache.tomcat.util.threads.ThreadPoolExecutor$Worker.run(ThreadPoolExecutor.java:659)
	at org.apache.tomcat.util.threads.TaskThread$WrappingRunnable.run(TaskThread.java:61)
	at java.base/java.lang.Thread.run(Thread.java:833)
Logback 2025-04-17 04:27:29 INFO  o.g.c.f.AppMonitor:113 - trkid= traceID=811718db219d9dd6dea37a6445f5530e span_id=7f5b4b1dacecdd15 - action=statisticsEvent event=/posts-feing/90 serviceStatusCode=200 responseTime=200 description="init Trx"
Logback 2025-04-17 04:27:29 DEBUG o.s.w.f.CommonsRequestLoggingFilter:47 - trkid= traceID=811718db219d9dd6dea37a6445f5530e span_id=7f5b4b1dacecdd15 - Before request [GET /posts-feing/90?x-request-id=post-peru, client=172.19.0.1, headers=[user-agent:"PostmanRuntime/7.43.3", accept:"*/*", cache-control:"no-cache", postman-token:"bb499adc-47e4-4e22-98d9-94ee40132c40", host:"localhost:8080", accept-encoding:"gzip, deflate, br", connection:"keep-alive"]]
Logback 2025-04-17 04:27:29 DEBUG o.s.w.f.CommonsRequestLoggingFilter:55 - trkid= traceID=811718db219d9dd6dea37a6445f5530e span_id=7f5b4b1dacecdd15 - After request [GET /posts-feing/90?x-request-id=post-peru, client=172.19.0.1, headers=[user-agent:"PostmanRuntime/7.43.3", accept:"*/*", cache-control:"no-cache", postman-token:"bb499adc-47e4-4e22-98d9-94ee40132c40", host:"localhost:8080", accept-encoding:"gzip, deflate, br", connection:"keep-alive"]]
Logback 2025-04-17 04:27:29 INFO  o.g.c.f.AppMonitor:113 - trkid= traceID=811718db219d9dd6dea37a6445f5530e span_id=7f5b4b1dacecdd15 - action=statisticsRequest uri=/posts-feing/90 responseStatus=200 serviceStatusCode=200 httpStatusCode=200 responseTime=57 description="Finish Trx org.apache.catalina.core.ApplicationContextFacade@1f00c594 | null"
Logback 2025-04-17 04:27:31 INFO  o.g.c.f.AppMonitor:113 - trkid= traceID=516e37f3489c4d86d56f36dc01dd3474 span_id=3ed764c21b8ce59a - action=statisticsEvent event=/posts-feing/40 serviceStatusCode=200 responseTime=200 description="init Trx"
Logback 2025-04-17 04:27:31 DEBUG o.s.w.f.CommonsRequestLoggingFilter:47 - trkid= traceID=516e37f3489c4d86d56f36dc01dd3474 span_id=3ed764c21b8ce59a - Before request [GET /posts-feing/40?x-request-id=post-arg, client=172.19.0.1, headers=[user-agent:"PostmanRuntime/7.43.3", accept:"*/*", cache-control:"no-cache", postman-token:"e686f534-ab89-416d-b692-799ae1de2d13", host:"localhost:8080", accept-encoding:"gzip, deflate, br", connection:"keep-alive"]]
Logback 2025-04-17 04:27:31 DEBUG o.s.w.f.CommonsRequestLoggingFilter:55 - trkid= traceID=516e37f3489c4d86d56f36dc01dd3474 span_id=3ed764c21b8ce59a - After request [GET /posts-feing/40?x-request-id=post-arg, client=172.19.0.1, headers=[user-agent:"PostmanRuntime/7.43.3", accept:"*/*", cache-control:"no-cache", postman-token:"e686f534-ab89-416d-b692-799ae1de2d13", host:"localhost:8080", accept-encoding:"gzip, deflate, br", connection:"keep-alive"]]
Logback 2025-04-17 04:27:31 INFO  o.g.c.f.AppMonitor:113 - trkid= traceID=516e37f3489c4d86d56f36dc01dd3474 span_id=3ed764c21b8ce59a - action=statisticsRequest uri=/posts-feing/40 responseStatus=200 serviceStatusCode=200 httpStatusCode=200 responseTime=27 description="Finish Trx org.apache.catalina.core.ApplicationContextFacade@1f00c594 | null"
Logback 2025-04-17 04:27:33 INFO  o.g.c.f.AppMonitor:113 - trkid= traceID=5d4511ca972cb4d5a2a23862ebbb24d8 span_id=bc01d9379cd374a7 - action=statisticsEvent event=/start-customer serviceStatusCode=200 responseTime=200 description="init Trx"
Logback 2025-04-17 04:27:33 DEBUG o.s.w.f.CommonsRequestLoggingFilter:47 - trkid= traceID=5d4511ca972cb4d5a2a23862ebbb24d8 span_id=bc01d9379cd374a7 - Before request [GET /start-customer?x-request-id=customer-brasil, client=172.19.0.1, headers=[user-agent:"PostmanRuntime/7.43.3", accept:"*/*", cache-control:"no-cache", postman-token:"d090c8fe-840c-4883-bfac-dd8e994e0fd5", host:"localhost:8080", accept-encoding:"gzip, deflate, br", connection:"keep-alive"]]
Logback 2025-04-17 04:27:33 DEBUG o.s.w.f.CommonsRequestLoggingFilter:55 - trkid= traceID=5d4511ca972cb4d5a2a23862ebbb24d8 span_id=bc01d9379cd374a7 - After request [GET /start-customer?x-request-id=customer-brasil, client=172.19.0.1, headers=[user-agent:"PostmanRuntime/7.43.3", accept:"*/*", cache-control:"no-cache", postman-token:"d090c8fe-840c-4883-bfac-dd8e994e0fd5", host:"localhost:8080", accept-encoding:"gzip, deflate, br", connection:"keep-alive"]]
Logback 2025-04-17 04:27:33 INFO  o.g.c.f.AppMonitor:113 - trkid= traceID=5d4511ca972cb4d5a2a23862ebbb24d8 span_id=bc01d9379cd374a7 - action=statisticsRequest uri=/start-customer responseStatus=200 serviceStatusCode=200 httpStatusCode=200 responseTime=21 description="Finish Trx org.apache.catalina.core.ApplicationContextFacade@1f00c594 | null"
Logback 2025-04-17 04:27:35 INFO  o.g.c.f.AppMonitor:113 - trkid= traceID=0ed3328915065aec7b9361ac1a6aa94a span_id=654daf35e0246202 - action=statisticsEvent event=/start-seller serviceStatusCode=200 responseTime=200 description="init Trx"
Logback 2025-04-17 04:27:35 DEBUG o.s.w.f.CommonsRequestLoggingFilter:47 - trkid= traceID=0ed3328915065aec7b9361ac1a6aa94a span_id=654daf35e0246202 - Before request [GET /start-seller?x-request-id=seller-mexico, client=172.19.0.1, headers=[user-agent:"PostmanRuntime/7.43.3", accept:"*/*", cache-control:"no-cache", postman-token:"6904a3af-b12b-494a-87ab-f483663edb16", host:"localhost:8080", accept-encoding:"gzip, deflate, br", connection:"keep-alive"]]
Logback 2025-04-17 04:27:36 DEBUG o.s.w.f.CommonsRequestLoggingFilter:55 - trkid= traceID=0ed3328915065aec7b9361ac1a6aa94a span_id=654daf35e0246202 - After request [GET /start-seller?x-request-id=seller-mexico, client=172.19.0.1, headers=[user-agent:"PostmanRuntime/7.43.3", accept:"*/*", cache-control:"no-cache", postman-token:"6904a3af-b12b-494a-87ab-f483663edb16", host:"localhost:8080", accept-encoding:"gzip, deflate, br", connection:"keep-alive"]]
Logback 2025-04-17 04:27:36 INFO  o.g.c.f.AppMonitor:113 - trkid= traceID=0ed3328915065aec7b9361ac1a6aa94a span_id=654daf35e0246202 - action=statisticsRequest uri=/start-seller responseStatus=200 serviceStatusCode=200 httpStatusCode=200 responseTime=1295 description="Finish Trx org.apache.catalina.core.ApplicationContextFacade@1f00c594 | null"
Logback 2025-04-17 04:27:39 INFO  o.g.c.f.AppMonitor:113 - trkid= traceID=8fe94c94410b094e710a777fa7c27b2f span_id=1f9b843cca4c66ca - action=statisticsEvent event=/start-all serviceStatusCode=200 responseTime=200 description="init Trx"
Logback 2025-04-17 04:27:39 DEBUG o.s.w.f.CommonsRequestLoggingFilter:47 - trkid= traceID=8fe94c94410b094e710a777fa7c27b2f span_id=1f9b843cca4c66ca - Before request [GET /start-all, client=172.19.0.3, headers=[accept:"application/json, text/plain, */*", user-agent:"axios/1.7.9", accept-encoding:"gzip, compress, deflate, br", traceparent:"00-8fe94c94410b094e710a777fa7c27b2f-e194a75c4272a278-01", host:"ms-hello-observability-services.applications.svc.cluster.local:8080", connection:"close"]]
Logback 2025-04-17 04:27:39 DEBUG o.s.w.f.CommonsRequestLoggingFilter:55 - trkid= traceID=8fe94c94410b094e710a777fa7c27b2f span_id=1f9b843cca4c66ca - After request [GET /start-all, client=172.19.0.3, headers=[accept:"application/json, text/plain, */*", user-agent:"axios/1.7.9", accept-encoding:"gzip, compress, deflate, br", traceparent:"00-8fe94c94410b094e710a777fa7c27b2f-e194a75c4272a278-01", host:"ms-hello-observability-services.applications.svc.cluster.local:8080", connection:"close"]]
Logback 2025-04-17 04:27:39 INFO  o.g.c.f.AppMonitor:113 - trkid= traceID=8fe94c94410b094e710a777fa7c27b2f span_id=1f9b843cca4c66ca - action=statisticsRequest uri=/start-all responseStatus=200 serviceStatusCode=200 httpStatusCode=200 responseTime=799 description="Finish Trx org.apache.catalina.core.ApplicationContextFacade@1f00c594 | null"
Logback 2025-04-17 04:27:40 INFO  o.g.c.f.AppMonitor:113 - trkid= traceID=b997981470441cd5873e83362e14c1fd span_id=c96ff2a9d9ba1289 - action=statisticsEvent event=/start-all serviceStatusCode=200 responseTime=200 description="init Trx"
Logback 2025-04-17 04:27:40 DEBUG o.s.w.f.CommonsRequestLoggingFilter:47 - trkid= traceID=b997981470441cd5873e83362e14c1fd span_id=c96ff2a9d9ba1289 - Before request [GET /start-all, client=172.19.0.1, headers=[x-request-id:"start-chile", user-agent:"PostmanRuntime/7.43.3", accept:"*/*", cache-control:"no-cache", postman-token:"6e8414a9-37a3-4620-8400-3f5a14bd83e6", host:"localhost:8080", accept-encoding:"gzip, deflate, br", connection:"keep-alive"]]
Logback 2025-04-17 04:27:42 DEBUG o.s.w.f.CommonsRequestLoggingFilter:55 - trkid= traceID=b997981470441cd5873e83362e14c1fd span_id=c96ff2a9d9ba1289 - After request [GET /start-all, client=172.19.0.1, headers=[x-request-id:"start-chile", user-agent:"PostmanRuntime/7.43.3", accept:"*/*", cache-control:"no-cache", postman-token:"6e8414a9-37a3-4620-8400-3f5a14bd83e6", host:"localhost:8080", accept-encoding:"gzip, deflate, br", connection:"keep-alive"]]
Logback 2025-04-17 04:27:42 INFO  o.g.c.f.AppMonitor:113 - trkid= traceID=b997981470441cd5873e83362e14c1fd span_id=c96ff2a9d9ba1289 - action=statisticsRequest uri=/start-all responseStatus=200 serviceStatusCode=200 httpStatusCode=200 responseTime=2611 description="Finish Trx org.apache.catalina.core.ApplicationContextFacade@1f00c594 | null"
Logback 2025-04-17 04:27:44 INFO  o.g.c.f.AppMonitor:113 - trkid= traceID=2543e452a6460af6dd6fe465d001a804 span_id=214f7b3940289d7b - action=statisticsEvent event=/posts-feing/90 serviceStatusCode=200 responseTime=200 description="init Trx"
Logback 2025-04-17 04:27:44 DEBUG o.s.w.f.CommonsRequestLoggingFilter:47 - trkid= traceID=2543e452a6460af6dd6fe465d001a804 span_id=214f7b3940289d7b - Before request [GET /posts-feing/90?x-request-id=post-peru, client=172.19.0.1, headers=[user-agent:"PostmanRuntime/7.43.3", accept:"*/*", cache-control:"no-cache", postman-token:"cdd3481e-069e-4e47-b143-f1a0ef765819", host:"localhost:8080", accept-encoding:"gzip, deflate, br", connection:"keep-alive"]]
Logback 2025-04-17 04:27:44 DEBUG o.s.w.f.CommonsRequestLoggingFilter:55 - trkid= traceID=2543e452a6460af6dd6fe465d001a804 span_id=214f7b3940289d7b - After request [GET /posts-feing/90?x-request-id=post-peru, client=172.19.0.1, headers=[user-agent:"PostmanRuntime/7.43.3", accept:"*/*", cache-control:"no-cache", postman-token:"cdd3481e-069e-4e47-b143-f1a0ef765819", host:"localhost:8080", accept-encoding:"gzip, deflate, br", connection:"keep-alive"]]
Logback 2025-04-17 04:27:44 INFO  o.g.c.f.AppMonitor:113 - trkid= traceID=2543e452a6460af6dd6fe465d001a804 span_id=214f7b3940289d7b - action=statisticsRequest uri=/posts-feing/90 responseStatus=200 serviceStatusCode=200 httpStatusCode=200 responseTime=81 description="Finish Trx org.apache.catalina.core.ApplicationContextFacade@1f00c594 | null"
Logback 2025-04-17 04:27:47 INFO  o.g.c.f.AppMonitor:113 - trkid= traceID=06ca5778bb6e3426d9f4c2901af06deb span_id=d8f308df46d91569 - action=statisticsEvent event=/posts-feing/40 serviceStatusCode=200 responseTime=200 description="init Trx"
Logback 2025-04-17 04:27:47 DEBUG o.s.w.f.CommonsRequestLoggingFilter:47 - trkid= traceID=06ca5778bb6e3426d9f4c2901af06deb span_id=d8f308df46d91569 - Before request [GET /posts-feing/40?x-request-id=post-arg, client=172.19.0.1, headers=[user-agent:"PostmanRuntime/7.43.3", accept:"*/*", cache-control:"no-cache", postman-token:"f2c24a00-be80-44a0-8c6b-5f9ec81e4353", host:"localhost:8080", accept-encoding:"gzip, deflate, br", connection:"keep-alive"]]
Logback 2025-04-17 04:27:47 DEBUG o.s.w.f.CommonsRequestLoggingFilter:55 - trkid= traceID=06ca5778bb6e3426d9f4c2901af06deb span_id=d8f308df46d91569 - After request [GET /posts-feing/40?x-request-id=post-arg, client=172.19.0.1, headers=[user-agent:"PostmanRuntime/7.43.3", accept:"*/*", cache-control:"no-cache", postman-token:"f2c24a00-be80-44a0-8c6b-5f9ec81e4353", host:"localhost:8080", accept-encoding:"gzip, deflate, br", connection:"keep-alive"]]
Logback 2025-04-17 04:27:47 INFO  o.g.c.f.AppMonitor:113 - trkid= traceID=06ca5778bb6e3426d9f4c2901af06deb span_id=d8f308df46d91569 - action=statisticsRequest uri=/posts-feing/40 responseStatus=200 serviceStatusCode=200 httpStatusCode=200 responseTime=23 description="Finish Trx org.apache.catalina.core.ApplicationContextFacade@1f00c594 | null"
Logback 2025-04-17 04:27:49 INFO  o.g.c.f.AppMonitor:113 - trkid= traceID=41be46dc5496b2f8a7ee1a3c915ce616 span_id=9c83b7d9eaebd392 - action=statisticsEvent event=/start-customer serviceStatusCode=200 responseTime=200 description="init Trx"
Logback 2025-04-17 04:27:49 DEBUG o.s.w.f.CommonsRequestLoggingFilter:47 - trkid= traceID=41be46dc5496b2f8a7ee1a3c915ce616 span_id=9c83b7d9eaebd392 - Before request [GET /start-customer?x-request-id=customer-brasil, client=172.19.0.1, headers=[user-agent:"PostmanRuntime/7.43.3", accept:"*/*", cache-control:"no-cache", postman-token:"56ff5776-62e6-40a3-b525-af9a67d5783f", host:"localhost:8080", accept-encoding:"gzip, deflate, br", connection:"keep-alive"]]
Logback 2025-04-17 04:27:49 DEBUG o.s.w.f.CommonsRequestLoggingFilter:55 - trkid= traceID=41be46dc5496b2f8a7ee1a3c915ce616 span_id=9c83b7d9eaebd392 - After request [GET /start-customer?x-request-id=customer-brasil, client=172.19.0.1, headers=[user-agent:"PostmanRuntime/7.43.3", accept:"*/*", cache-control:"no-cache", postman-token:"56ff5776-62e6-40a3-b525-af9a67d5783f", host:"localhost:8080", accept-encoding:"gzip, deflate, br", connection:"keep-alive"]]
Logback 2025-04-17 04:27:49 INFO  o.g.c.f.AppMonitor:113 - trkid= traceID=41be46dc5496b2f8a7ee1a3c915ce616 span_id=9c83b7d9eaebd392 - action=statisticsRequest uri=/start-customer responseStatus=200 serviceStatusCode=200 httpStatusCode=200 responseTime=660 description="Finish Trx org.apache.catalina.core.ApplicationContextFacade@1f00c594 | null"
Logback 2025-04-17 04:27:51 INFO  o.g.c.f.AppMonitor:113 - trkid= traceID=46d73ae92ec6cb501f8726ef870b6010 span_id=5d91a5e256d4c4f3 - action=statisticsEvent event=/start-seller serviceStatusCode=200 responseTime=200 description="init Trx"
Logback 2025-04-17 04:27:51 DEBUG o.s.w.f.CommonsRequestLoggingFilter:47 - trkid= traceID=46d73ae92ec6cb501f8726ef870b6010 span_id=5d91a5e256d4c4f3 - Before request [GET /start-seller?x-request-id=seller-mexico, client=172.19.0.1, headers=[user-agent:"PostmanRuntime/7.43.3", accept:"*/*", cache-control:"no-cache", postman-token:"4dba07c3-08c2-42ad-b7bf-a110fde6be1d", host:"localhost:8080", accept-encoding:"gzip, deflate, br", connection:"keep-alive"]]
Logback 2025-04-17 04:27:53 DEBUG o.s.w.f.CommonsRequestLoggingFilter:55 - trkid= traceID=46d73ae92ec6cb501f8726ef870b6010 span_id=5d91a5e256d4c4f3 - After request [GET /start-seller?x-request-id=seller-mexico, client=172.19.0.1, headers=[user-agent:"PostmanRuntime/7.43.3", accept:"*/*", cache-control:"no-cache", postman-token:"4dba07c3-08c2-42ad-b7bf-a110fde6be1d", host:"localhost:8080", accept-encoding:"gzip, deflate, br", connection:"keep-alive"]]
Logback 2025-04-17 04:27:53 INFO  o.g.c.f.AppMonitor:113 - trkid= traceID=46d73ae92ec6cb501f8726ef870b6010 span_id=5d91a5e256d4c4f3 - action=statisticsRequest uri=/start-seller responseStatus=200 serviceStatusCode=200 httpStatusCode=200 responseTime=1232 description="Finish Trx org.apache.catalina.core.ApplicationContextFacade@1f00c594 | null"
Logback 2025-04-17 04:27:55 INFO  o.g.c.f.AppMonitor:113 - trkid= traceID=162bd233b411ae76da49e6f08db641c7 span_id=5a70ba0b811898b1 - action=statisticsEvent event=/start-all serviceStatusCode=200 responseTime=200 description="init Trx"
Logback 2025-04-17 04:27:55 DEBUG o.s.w.f.CommonsRequestLoggingFilter:47 - trkid= traceID=162bd233b411ae76da49e6f08db641c7 span_id=5a70ba0b811898b1 - Before request [GET /start-all, client=172.19.0.3, headers=[accept:"application/json, text/plain, */*", user-agent:"axios/1.7.9", accept-encoding:"gzip, compress, deflate, br", traceparent:"00-162bd233b411ae76da49e6f08db641c7-4eee73d2b3071366-01", host:"ms-hello-observability-services.applications.svc.cluster.local:8080", connection:"close"]]
Logback 2025-04-17 04:27:57 DEBUG o.s.w.f.CommonsRequestLoggingFilter:55 - trkid= traceID=162bd233b411ae76da49e6f08db641c7 span_id=5a70ba0b811898b1 - After request [GET /start-all, client=172.19.0.3, headers=[accept:"application/json, text/plain, */*", user-agent:"axios/1.7.9", accept-encoding:"gzip, compress, deflate, br", traceparent:"00-162bd233b411ae76da49e6f08db641c7-4eee73d2b3071366-01", host:"ms-hello-observability-services.applications.svc.cluster.local:8080", connection:"close"]]
Logback 2025-04-17 04:27:57 INFO  o.g.c.f.AppMonitor:113 - trkid= traceID=162bd233b411ae76da49e6f08db641c7 span_id=5a70ba0b811898b1 - action=statisticsRequest uri=/start-all responseStatus=200 serviceStatusCode=200 httpStatusCode=200 responseTime=2106 description="Finish Trx org.apache.catalina.core.ApplicationContextFacade@1f00c594 | null"
Logback 2025-04-17 04:27:57 INFO  o.g.c.f.AppMonitor:113 - trkid= traceID=44405e616f6571451231560c1cf1268f span_id=902ad29f139109a0 - action=statisticsEvent event=/start-all serviceStatusCode=200 responseTime=200 description="init Trx"
Logback 2025-04-17 04:27:57 DEBUG o.s.w.f.CommonsRequestLoggingFilter:47 - trkid= traceID=44405e616f6571451231560c1cf1268f span_id=902ad29f139109a0 - Before request [GET /start-all, client=172.19.0.1, headers=[x-request-id:"start-chile", user-agent:"PostmanRuntime/7.43.3", accept:"*/*", cache-control:"no-cache", postman-token:"7f85c575-46fd-46b8-8a2b-fa810019d48a", host:"localhost:8080", accept-encoding:"gzip, deflate, br", connection:"keep-alive"]]
Logback 2025-04-17 04:27:57 DEBUG o.s.w.f.CommonsRequestLoggingFilter:55 - trkid= traceID=44405e616f6571451231560c1cf1268f span_id=902ad29f139109a0 - After request [GET /start-all, client=172.19.0.1, headers=[x-request-id:"start-chile", user-agent:"PostmanRuntime/7.43.3", accept:"*/*", cache-control:"no-cache", postman-token:"7f85c575-46fd-46b8-8a2b-fa810019d48a", host:"localhost:8080", accept-encoding:"gzip, deflate, br", connection:"keep-alive"]]
Logback 2025-04-17 04:27:57 ERROR o.a.c.c.C.[.[.[.[dispatcherServlet]:175 - trkid= traceID=44405e616f6571451231560c1cf1268f span_id=902ad29f139109a0 - Servlet.service() for servlet [dispatcherServlet] in context with path [] threw exception
java.io.IOException: Random error with /start-customer!
	at org.grafana.controller.PrincipalController.randomError(PrincipalController.java:162)
	at org.grafana.controller.PrincipalController.startCustomer(PrincipalController.java:82)
	at org.grafana.controller.PrincipalController.startProcess(PrincipalController.java:52)
	at jdk.internal.reflect.GeneratedMethodAccessor35.invoke(Unknown Source)
	at java.base/jdk.internal.reflect.DelegatingMethodAccessorImpl.invoke(DelegatingMethodAccessorImpl.java:43)
	at java.base/java.lang.reflect.Method.invoke(Method.java:568)
	at org.springframework.web.method.support.InvocableHandlerMethod.doInvoke(InvocableHandlerMethod.java:205)
	at org.springframework.web.method.support.InvocableHandlerMethod.invokeForRequest(InvocableHandlerMethod.java:150)
	at org.springframework.web.servlet.mvc.method.annotation.ServletInvocableHandlerMethod.invokeAndHandle(ServletInvocableHandlerMethod.java:117)
	at org.springframework.web.servlet.mvc.method.annotation.RequestMappingHandlerAdapter.invokeHandlerMethod(RequestMappingHandlerAdapter.java:895)
	at org.springframework.web.servlet.mvc.method.annotation.RequestMappingHandlerAdapter.handleInternal(RequestMappingHandlerAdapter.java:808)
	at org.springframework.web.servlet.mvc.method.AbstractHandlerMethodAdapter.handle(AbstractHandlerMethodAdapter.java:87)
	at org.springframework.web.servlet.DispatcherServlet.doDispatch(DispatcherServlet.java:1072)
	at org.springframework.web.servlet.DispatcherServlet.doService(DispatcherServlet.java:965)
	at org.springframework.web.servlet.FrameworkServlet.processRequest(FrameworkServlet.java:1006)
	at org.springframework.web.servlet.FrameworkServlet.doGet(FrameworkServlet.java:898)
	at javax.servlet.http.HttpServlet.service(HttpServlet.java:529)
	at org.springframework.web.servlet.FrameworkServlet.service(FrameworkServlet.java:883)
	at javax.servlet.http.HttpServlet.service(HttpServlet.java:623)
	at org.apache.catalina.core.ApplicationFilterChain.internalDoFilter(ApplicationFilterChain.java:209)
	at org.apache.catalina.core.ApplicationFilterChain.doFilter(ApplicationFilterChain.java:153)
	at org.apache.tomcat.websocket.server.WsFilter.doFilter(WsFilter.java:51)
	at org.apache.catalina.core.ApplicationFilterChain.internalDoFilter(ApplicationFilterChain.java:178)
	at org.apache.catalina.core.ApplicationFilterChain.doFilter(ApplicationFilterChain.java:153)
	at org.springframework.web.filter.AbstractRequestLoggingFilter.doFilterInternal(AbstractRequestLoggingFilter.java:289)
	at org.springframework.web.filter.OncePerRequestFilter.doFilter(OncePerRequestFilter.java:117)
	at org.apache.catalina.core.ApplicationFilterChain.internalDoFilter(ApplicationFilterChain.java:178)
	at org.apache.catalina.core.ApplicationFilterChain.doFilter(ApplicationFilterChain.java:153)
	at org.grafana.config.filter.FilterAsInterceptorAdapter.doFilter(FilterAsInterceptorAdapter.java:25)
	at org.apache.catalina.core.ApplicationFilterChain.internalDoFilter(ApplicationFilterChain.java:178)
	at org.apache.catalina.core.ApplicationFilterChain.doFilter(ApplicationFilterChain.java:153)
	at org.springframework.web.filter.RequestContextFilter.doFilterInternal(RequestContextFilter.java:100)
	at org.springframework.web.filter.OncePerRequestFilter.doFilter(OncePerRequestFilter.java:117)
	at org.apache.catalina.core.ApplicationFilterChain.internalDoFilter(ApplicationFilterChain.java:178)
	at org.apache.catalina.core.ApplicationFilterChain.doFilter(ApplicationFilterChain.java:153)
	at org.springframework.web.filter.FormContentFilter.doFilterInternal(FormContentFilter.java:93)
	at org.springframework.web.filter.OncePerRequestFilter.doFilter(OncePerRequestFilter.java:117)
	at org.apache.catalina.core.ApplicationFilterChain.internalDoFilter(ApplicationFilterChain.java:178)
	at org.apache.catalina.core.ApplicationFilterChain.doFilter(ApplicationFilterChain.java:153)
	at org.springframework.web.servlet.v3_1.OpenTelemetryHandlerMappingFilter.doFilter(OpenTelemetryHandlerMappingFilter.java:83)
	at org.apache.catalina.core.ApplicationFilterChain.internalDoFilter(ApplicationFilterChain.java:178)
	at org.apache.catalina.core.ApplicationFilterChain.doFilter(ApplicationFilterChain.java:153)
	at org.springframework.boot.actuate.metrics.web.servlet.WebMvcMetricsFilter.doFilterInternal(WebMvcMetricsFilter.java:96)
	at org.springframework.web.filter.OncePerRequestFilter.doFilter(OncePerRequestFilter.java:117)
	at org.apache.catalina.core.ApplicationFilterChain.internalDoFilter(ApplicationFilterChain.java:178)
	at org.apache.catalina.core.ApplicationFilterChain.doFilter(ApplicationFilterChain.java:153)
	at org.springframework.web.filter.CharacterEncodingFilter.doFilterInternal(CharacterEncodingFilter.java:201)
	at org.springframework.web.filter.OncePerRequestFilter.doFilter(OncePerRequestFilter.java:117)
	at org.apache.catalina.core.ApplicationFilterChain.internalDoFilter(ApplicationFilterChain.java:178)
	at org.apache.catalina.core.ApplicationFilterChain.doFilter(ApplicationFilterChain.java:153)
	at org.apache.catalina.core.StandardWrapperValve.invoke(StandardWrapperValve.java:168)
	at org.apache.catalina.core.StandardContextValve.invoke(StandardContextValve.java:90)
	at org.apache.catalina.authenticator.AuthenticatorBase.invoke(AuthenticatorBase.java:481)
	at org.apache.catalina.core.StandardHostValve.invoke(StandardHostValve.java:130)
	at org.apache.catalina.valves.ErrorReportValve.invoke(ErrorReportValve.java:93)
	at org.apache.catalina.core.StandardEngineValve.invoke(StandardEngineValve.java:74)
	at org.apache.catalina.valves.AbstractAccessLogValve.invoke(AbstractAccessLogValve.java:670)
	at org.apache.catalina.connector.CoyoteAdapter.service(CoyoteAdapter.java:342)
	at org.apache.coyote.http11.Http11Processor.service(Http11Processor.java:390)
	at org.apache.coyote.AbstractProcessorLight.process(AbstractProcessorLight.java:63)
	at org.apache.coyote.AbstractProtocol$ConnectionHandler.process(AbstractProtocol.java:928)
	at org.apache.tomcat.util.net.NioEndpoint$SocketProcessor.doRun(NioEndpoint.java:1794)
	at org.apache.tomcat.util.net.SocketProcessorBase.run(SocketProcessorBase.java:52)
	at org.apache.tomcat.util.threads.ThreadPoolExecutor.runWorker(ThreadPoolExecutor.java:1191)
	at org.apache.tomcat.util.threads.ThreadPoolExecutor$Worker.run(ThreadPoolExecutor.java:659)
	at org.apache.tomcat.util.threads.TaskThread$WrappingRunnable.run(TaskThread.java:61)
	at java.base/java.lang.Thread.run(Thread.java:833)
Logback 2025-04-17 04:27:59 INFO  o.g.c.f.AppMonitor:113 - trkid= traceID=74833783e9ced48be19becc5a45c68a4 span_id=026b1ca4c955bcdc - action=statisticsEvent event=/posts-feing/90 serviceStatusCode=200 responseTime=200 description="init Trx"
Logback 2025-04-17 04:27:59 DEBUG o.s.w.f.CommonsRequestLoggingFilter:47 - trkid= traceID=74833783e9ced48be19becc5a45c68a4 span_id=026b1ca4c955bcdc - Before request [GET /posts-feing/90?x-request-id=post-peru, client=172.19.0.1, headers=[user-agent:"PostmanRuntime/7.43.3", accept:"*/*", cache-control:"no-cache", postman-token:"69b13f7d-dad6-4c7f-906d-c2572c0ccb7d", host:"localhost:8080", accept-encoding:"gzip, deflate, br", connection:"keep-alive"]]
Logback 2025-04-17 04:27:59 DEBUG o.s.w.f.CommonsRequestLoggingFilter:55 - trkid= traceID=74833783e9ced48be19becc5a45c68a4 span_id=026b1ca4c955bcdc - After request [GET /posts-feing/90?x-request-id=post-peru, client=172.19.0.1, headers=[user-agent:"PostmanRuntime/7.43.3", accept:"*/*", cache-control:"no-cache", postman-token:"69b13f7d-dad6-4c7f-906d-c2572c0ccb7d", host:"localhost:8080", accept-encoding:"gzip, deflate, br", connection:"keep-alive"]]
Logback 2025-04-17 04:27:59 INFO  o.g.c.f.AppMonitor:113 - trkid= traceID=74833783e9ced48be19becc5a45c68a4 span_id=026b1ca4c955bcdc - action=statisticsRequest uri=/posts-feing/90 responseStatus=200 serviceStatusCode=200 httpStatusCode=200 responseTime=152 description="Finish Trx org.apache.catalina.core.ApplicationContextFacade@1f00c594 | null"
Logback 2025-04-17 04:28:01 INFO  o.g.c.f.AppMonitor:113 - trkid= traceID=fa83d740111cc2915b2907afc0cf4ea3 span_id=45e7d811745854d0 - action=statisticsEvent event=/posts-feing/40 serviceStatusCode=200 responseTime=200 description="init Trx"
Logback 2025-04-17 04:28:01 DEBUG o.s.w.f.CommonsRequestLoggingFilter:47 - trkid= traceID=fa83d740111cc2915b2907afc0cf4ea3 span_id=45e7d811745854d0 - Before request [GET /posts-feing/40?x-request-id=post-arg, client=172.19.0.1, headers=[user-agent:"PostmanRuntime/7.43.3", accept:"*/*", cache-control:"no-cache", postman-token:"7de9b26a-eeb1-44d1-b7dc-4ddddddcc109", host:"localhost:8080", accept-encoding:"gzip, deflate, br", connection:"keep-alive"]]
Logback 2025-04-17 04:28:02 DEBUG o.s.w.f.CommonsRequestLoggingFilter:55 - trkid= traceID=fa83d740111cc2915b2907afc0cf4ea3 span_id=45e7d811745854d0 - After request [GET /posts-feing/40?x-request-id=post-arg, client=172.19.0.1, headers=[user-agent:"PostmanRuntime/7.43.3", accept:"*/*", cache-control:"no-cache", postman-token:"7de9b26a-eeb1-44d1-b7dc-4ddddddcc109", host:"localhost:8080", accept-encoding:"gzip, deflate, br", connection:"keep-alive"]]
Logback 2025-04-17 04:28:02 INFO  o.g.c.f.AppMonitor:113 - trkid= traceID=fa83d740111cc2915b2907afc0cf4ea3 span_id=45e7d811745854d0 - action=statisticsRequest uri=/posts-feing/40 responseStatus=200 serviceStatusCode=200 httpStatusCode=200 responseTime=31 description="Finish Trx org.apache.catalina.core.ApplicationContextFacade@1f00c594 | null"
Logback 2025-04-17 04:28:04 INFO  o.g.c.f.AppMonitor:113 - trkid= traceID=ee0c18ef7e439ca143840b269b00c61a span_id=8d45b9fd2f45e2c6 - action=statisticsEvent event=/start-customer serviceStatusCode=200 responseTime=200 description="init Trx"
Logback 2025-04-17 04:28:04 DEBUG o.s.w.f.CommonsRequestLoggingFilter:47 - trkid= traceID=ee0c18ef7e439ca143840b269b00c61a span_id=8d45b9fd2f45e2c6 - Before request [GET /start-customer?x-request-id=customer-brasil, client=172.19.0.1, headers=[user-agent:"PostmanRuntime/7.43.3", accept:"*/*", cache-control:"no-cache", postman-token:"28a5e0f6-353e-4838-ab58-67e0b954f1ed", host:"localhost:8080", accept-encoding:"gzip, deflate, br", connection:"keep-alive"]]
Logback 2025-04-17 04:28:04 DEBUG o.s.w.f.CommonsRequestLoggingFilter:55 - trkid= traceID=ee0c18ef7e439ca143840b269b00c61a span_id=8d45b9fd2f45e2c6 - After request [GET /start-customer?x-request-id=customer-brasil, client=172.19.0.1, headers=[user-agent:"PostmanRuntime/7.43.3", accept:"*/*", cache-control:"no-cache", postman-token:"28a5e0f6-353e-4838-ab58-67e0b954f1ed", host:"localhost:8080", accept-encoding:"gzip, deflate, br", connection:"keep-alive"]]
Logback 2025-04-17 04:28:04 INFO  o.g.c.f.AppMonitor:113 - trkid= traceID=ee0c18ef7e439ca143840b269b00c61a span_id=8d45b9fd2f45e2c6 - action=statisticsRequest uri=/start-customer responseStatus=200 serviceStatusCode=200 httpStatusCode=200 responseTime=40 description="Finish Trx org.apache.catalina.core.ApplicationContextFacade@1f00c594 | null"
Logback 2025-04-17 04:28:06 INFO  o.g.c.f.AppMonitor:113 - trkid= traceID=153e8fa24470a12be4449a3c1a47ec1d span_id=6d1b716e1b4cabec - action=statisticsEvent event=/start-seller serviceStatusCode=200 responseTime=200 description="init Trx"
Logback 2025-04-17 04:28:06 DEBUG o.s.w.f.CommonsRequestLoggingFilter:47 - trkid= traceID=153e8fa24470a12be4449a3c1a47ec1d span_id=6d1b716e1b4cabec - Before request [GET /start-seller?x-request-id=seller-mexico, client=172.19.0.1, headers=[user-agent:"PostmanRuntime/7.43.3", accept:"*/*", cache-control:"no-cache", postman-token:"8dd2941a-33a1-45ee-9044-771782445b70", host:"localhost:8080", accept-encoding:"gzip, deflate, br", connection:"keep-alive"]]
Logback 2025-04-17 04:28:06 DEBUG o.s.w.f.CommonsRequestLoggingFilter:55 - trkid= traceID=153e8fa24470a12be4449a3c1a47ec1d span_id=6d1b716e1b4cabec - After request [GET /start-seller?x-request-id=seller-mexico, client=172.19.0.1, headers=[user-agent:"PostmanRuntime/7.43.3", accept:"*/*", cache-control:"no-cache", postman-token:"8dd2941a-33a1-45ee-9044-771782445b70", host:"localhost:8080", accept-encoding:"gzip, deflate, br", connection:"keep-alive"]]
Logback 2025-04-17 04:28:06 INFO  o.g.c.f.AppMonitor:113 - trkid= traceID=153e8fa24470a12be4449a3c1a47ec1d span_id=6d1b716e1b4cabec - action=statisticsRequest uri=/start-seller responseStatus=200 serviceStatusCode=200 httpStatusCode=200 responseTime=103 description="Finish Trx org.apache.catalina.core.ApplicationContextFacade@1f00c594 | null"
Logback 2025-04-17 04:28:08 INFO  o.g.c.f.AppMonitor:113 - trkid= traceID=6b56778729731745b10ec7e6994fde02 span_id=0f3a43e21e8e2990 - action=statisticsEvent event=/start-all serviceStatusCode=200 responseTime=200 description="init Trx"
Logback 2025-04-17 04:28:08 DEBUG o.s.w.f.CommonsRequestLoggingFilter:47 - trkid= traceID=6b56778729731745b10ec7e6994fde02 span_id=0f3a43e21e8e2990 - Before request [GET /start-all, client=172.19.0.3, headers=[accept:"application/json, text/plain, */*", user-agent:"axios/1.7.9", accept-encoding:"gzip, compress, deflate, br", traceparent:"00-6b56778729731745b10ec7e6994fde02-ec815ea116c3266d-01", host:"ms-hello-observability-services.applications.svc.cluster.local:8080", connection:"close"]]
Logback 2025-04-17 04:28:09 INFO  o.g.c.f.AppMonitor:113 - trkid= traceID=3fea251a66793cdba5707931cc4b4d0b span_id=78b01352b3c209f1 - action=statisticsEvent event=/start-all serviceStatusCode=200 responseTime=200 description="init Trx"
Logback 2025-04-17 04:28:09 DEBUG o.s.w.f.CommonsRequestLoggingFilter:47 - trkid= traceID=3fea251a66793cdba5707931cc4b4d0b span_id=78b01352b3c209f1 - Before request [GET /start-all, client=172.19.0.1, headers=[x-request-id:"start-chile", user-agent:"PostmanRuntime/7.43.3", accept:"*/*", cache-control:"no-cache", postman-token:"4fcd1fa9-e1ff-4644-a6e4-f8b05578e412", host:"localhost:8080", accept-encoding:"gzip, deflate, br", connection:"keep-alive"]]
Logback 2025-04-17 04:28:11 DEBUG o.s.w.f.CommonsRequestLoggingFilter:55 - trkid= traceID=6b56778729731745b10ec7e6994fde02 span_id=0f3a43e21e8e2990 - After request [GET /start-all, client=172.19.0.3, headers=[accept:"application/json, text/plain, */*", user-agent:"axios/1.7.9", accept-encoding:"gzip, compress, deflate, br", traceparent:"00-6b56778729731745b10ec7e6994fde02-ec815ea116c3266d-01", host:"ms-hello-observability-services.applications.svc.cluster.local:8080", connection:"close"]]
Logback 2025-04-17 04:28:11 INFO  o.g.c.f.AppMonitor:113 - trkid= traceID=6b56778729731745b10ec7e6994fde02 span_id=0f3a43e21e8e2990 - action=statisticsRequest uri=/start-all responseStatus=200 serviceStatusCode=200 httpStatusCode=200 responseTime=2977 description="Finish Trx org.apache.catalina.core.ApplicationContextFacade@1f00c594 | null"
Logback 2025-04-17 04:28:12 DEBUG o.s.w.f.CommonsRequestLoggingFilter:55 - trkid= traceID=3fea251a66793cdba5707931cc4b4d0b span_id=78b01352b3c209f1 - After request [GET /start-all, client=172.19.0.1, headers=[x-request-id:"start-chile", user-agent:"PostmanRuntime/7.43.3", accept:"*/*", cache-control:"no-cache", postman-token:"4fcd1fa9-e1ff-4644-a6e4-f8b05578e412", host:"localhost:8080", accept-encoding:"gzip, deflate, br", connection:"keep-alive"]]
Logback 2025-04-17 04:28:12 INFO  o.g.c.f.AppMonitor:113 - trkid= traceID=3fea251a66793cdba5707931cc4b4d0b span_id=78b01352b3c209f1 - action=statisticsRequest uri=/start-all responseStatus=200 serviceStatusCode=200 httpStatusCode=200 responseTime=3282 description="Finish Trx org.apache.catalina.core.ApplicationContextFacade@1f00c594 | null"
Logback 2025-04-17 04:28:15 INFO  o.g.c.f.AppMonitor:113 - trkid= traceID=6fe617bc4daf264607f05a9224f19070 span_id=e669c43ab6726ab7 - action=statisticsEvent event=/posts-feing/90 serviceStatusCode=200 responseTime=200 description="init Trx"
Logback 2025-04-17 04:28:15 DEBUG o.s.w.f.CommonsRequestLoggingFilter:47 - trkid= traceID=6fe617bc4daf264607f05a9224f19070 span_id=e669c43ab6726ab7 - Before request [GET /posts-feing/90?x-request-id=post-peru, client=172.19.0.1, headers=[user-agent:"PostmanRuntime/7.43.3", accept:"*/*", cache-control:"no-cache", postman-token:"b387e30b-1200-4437-b635-12437d8cbb37", host:"localhost:8080", accept-encoding:"gzip, deflate, br", connection:"keep-alive"]]
Logback 2025-04-17 04:28:15 DEBUG o.s.w.f.CommonsRequestLoggingFilter:55 - trkid= traceID=6fe617bc4daf264607f05a9224f19070 span_id=e669c43ab6726ab7 - After request [GET /posts-feing/90?x-request-id=post-peru, client=172.19.0.1, headers=[user-agent:"PostmanRuntime/7.43.3", accept:"*/*", cache-control:"no-cache", postman-token:"b387e30b-1200-4437-b635-12437d8cbb37", host:"localhost:8080", accept-encoding:"gzip, deflate, br", connection:"keep-alive"]]
Logback 2025-04-17 04:28:15 INFO  o.g.c.f.AppMonitor:113 - trkid= traceID=6fe617bc4daf264607f05a9224f19070 span_id=e669c43ab6726ab7 - action=statisticsRequest uri=/posts-feing/90 responseStatus=200 serviceStatusCode=200 httpStatusCode=200 responseTime=52 description="Finish Trx org.apache.catalina.core.ApplicationContextFacade@1f00c594 | null"
Logback 2025-04-17 04:28:17 INFO  o.g.c.f.AppMonitor:113 - trkid= traceID=4c81f63f214e4a86f15ac7c1823cda6b span_id=459d0fc11f61c45a - action=statisticsEvent event=/posts-feing/40 serviceStatusCode=200 responseTime=200 description="init Trx"
Logback 2025-04-17 04:28:17 DEBUG o.s.w.f.CommonsRequestLoggingFilter:47 - trkid= traceID=4c81f63f214e4a86f15ac7c1823cda6b span_id=459d0fc11f61c45a - Before request [GET /posts-feing/40?x-request-id=post-arg, client=172.19.0.1, headers=[user-agent:"PostmanRuntime/7.43.3", accept:"*/*", cache-control:"no-cache", postman-token:"46bb127e-adb9-48d0-ab0d-a05886cc6bd9", host:"localhost:8080", accept-encoding:"gzip, deflate, br", connection:"keep-alive"]]
Logback 2025-04-17 04:28:17 DEBUG o.s.w.f.CommonsRequestLoggingFilter:55 - trkid= traceID=4c81f63f214e4a86f15ac7c1823cda6b span_id=459d0fc11f61c45a - After request [GET /posts-feing/40?x-request-id=post-arg, client=172.19.0.1, headers=[user-agent:"PostmanRuntime/7.43.3", accept:"*/*", cache-control:"no-cache", postman-token:"46bb127e-adb9-48d0-ab0d-a05886cc6bd9", host:"localhost:8080", accept-encoding:"gzip, deflate, br", connection:"keep-alive"]]
Logback 2025-04-17 04:28:17 INFO  o.g.c.f.AppMonitor:113 - trkid= traceID=4c81f63f214e4a86f15ac7c1823cda6b span_id=459d0fc11f61c45a - action=statisticsRequest uri=/posts-feing/40 responseStatus=200 serviceStatusCode=200 httpStatusCode=200 responseTime=48 description="Finish Trx org.apache.catalina.core.ApplicationContextFacade@1f00c594 | null"
Logback 2025-04-17 04:28:19 INFO  o.g.c.f.AppMonitor:113 - trkid= traceID=f90b37d31b9169fa5ecf044e007af80d span_id=a824163b0d04e36d - action=statisticsEvent event=/start-customer serviceStatusCode=200 responseTime=200 description="init Trx"
Logback 2025-04-17 04:28:19 DEBUG o.s.w.f.CommonsRequestLoggingFilter:47 - trkid= traceID=f90b37d31b9169fa5ecf044e007af80d span_id=a824163b0d04e36d - Before request [GET /start-customer?x-request-id=customer-brasil, client=172.19.0.1, headers=[user-agent:"PostmanRuntime/7.43.3", accept:"*/*", cache-control:"no-cache", postman-token:"04a9b8fe-899b-47a6-9f0c-18f7a483d359", host:"localhost:8080", accept-encoding:"gzip, deflate, br", connection:"keep-alive"]]
Logback 2025-04-17 04:28:19 DEBUG o.s.w.f.CommonsRequestLoggingFilter:55 - trkid= traceID=f90b37d31b9169fa5ecf044e007af80d span_id=a824163b0d04e36d - After request [GET /start-customer?x-request-id=customer-brasil, client=172.19.0.1, headers=[user-agent:"PostmanRuntime/7.43.3", accept:"*/*", cache-control:"no-cache", postman-token:"04a9b8fe-899b-47a6-9f0c-18f7a483d359", host:"localhost:8080", accept-encoding:"gzip, deflate, br", connection:"keep-alive"]]
Logback 2025-04-17 04:28:19 INFO  o.g.c.f.AppMonitor:113 - trkid= traceID=f90b37d31b9169fa5ecf044e007af80d span_id=a824163b0d04e36d - action=statisticsRequest uri=/start-customer responseStatus=200 serviceStatusCode=200 httpStatusCode=200 responseTime=148 description="Finish Trx org.apache.catalina.core.ApplicationContextFacade@1f00c594 | null"
Logback 2025-04-17 04:28:21 INFO  o.g.c.f.AppMonitor:113 - trkid= traceID=4b72fc08f9977c6402092155a74de9a8 span_id=8c31f9314336dbbb - action=statisticsEvent event=/start-seller serviceStatusCode=200 responseTime=200 description="init Trx"
Logback 2025-04-17 04:28:21 DEBUG o.s.w.f.CommonsRequestLoggingFilter:47 - trkid= traceID=4b72fc08f9977c6402092155a74de9a8 span_id=8c31f9314336dbbb - Before request [GET /start-seller?x-request-id=seller-mexico, client=172.19.0.1, headers=[user-agent:"PostmanRuntime/7.43.3", accept:"*/*", cache-control:"no-cache", postman-token:"2d92c236-ed4b-4b98-b447-376b88a0ec57", host:"localhost:8080", accept-encoding:"gzip, deflate, br", connection:"keep-alive"]]
Logback 2025-04-17 04:28:22 DEBUG o.s.w.f.CommonsRequestLoggingFilter:55 - trkid= traceID=4b72fc08f9977c6402092155a74de9a8 span_id=8c31f9314336dbbb - After request [GET /start-seller?x-request-id=seller-mexico, client=172.19.0.1, headers=[user-agent:"PostmanRuntime/7.43.3", accept:"*/*", cache-control:"no-cache", postman-token:"2d92c236-ed4b-4b98-b447-376b88a0ec57", host:"localhost:8080", accept-encoding:"gzip, deflate, br", connection:"keep-alive"]]
Logback 2025-04-17 04:28:22 INFO  o.g.c.f.AppMonitor:113 - trkid= traceID=4b72fc08f9977c6402092155a74de9a8 span_id=8c31f9314336dbbb - action=statisticsRequest uri=/start-seller responseStatus=200 serviceStatusCode=200 httpStatusCode=200 responseTime=646 description="Finish Trx org.apache.catalina.core.ApplicationContextFacade@1f00c594 | null"
Logback 2025-04-17 04:28:24 INFO  o.g.c.f.AppMonitor:113 - trkid= traceID=64b4d62a4d65ec4eee5df78f65ed658d span_id=21506543910afede - action=statisticsEvent event=/start-all serviceStatusCode=200 responseTime=200 description="init Trx"
Logback 2025-04-17 04:28:24 DEBUG o.s.w.f.CommonsRequestLoggingFilter:47 - trkid= traceID=64b4d62a4d65ec4eee5df78f65ed658d span_id=21506543910afede - Before request [GET /start-all, client=172.19.0.3, headers=[accept:"application/json, text/plain, */*", user-agent:"axios/1.7.9", accept-encoding:"gzip, compress, deflate, br", traceparent:"00-64b4d62a4d65ec4eee5df78f65ed658d-27de4ff4736257e0-01", host:"ms-hello-observability-services.applications.svc.cluster.local:8080", connection:"close"]]
Logback 2025-04-17 04:28:25 DEBUG o.s.w.f.CommonsRequestLoggingFilter:55 - trkid= traceID=64b4d62a4d65ec4eee5df78f65ed658d span_id=21506543910afede - After request [GET /start-all, client=172.19.0.3, headers=[accept:"application/json, text/plain, */*", user-agent:"axios/1.7.9", accept-encoding:"gzip, compress, deflate, br", traceparent:"00-64b4d62a4d65ec4eee5df78f65ed658d-27de4ff4736257e0-01", host:"ms-hello-observability-services.applications.svc.cluster.local:8080", connection:"close"]]
Logback 2025-04-17 04:28:25 INFO  o.g.c.f.AppMonitor:113 - trkid= traceID=64b4d62a4d65ec4eee5df78f65ed658d span_id=21506543910afede - action=statisticsRequest uri=/start-all responseStatus=200 serviceStatusCode=200 httpStatusCode=200 responseTime=1078 description="Finish Trx org.apache.catalina.core.ApplicationContextFacade@1f00c594 | null"
Logback 2025-04-17 04:28:26 INFO  o.g.c.f.AppMonitor:113 - trkid= traceID=4b29554fa5f4ec0217e1bf04bb4b419a span_id=dce56ea7fed210ed - action=statisticsEvent event=/start-all serviceStatusCode=200 responseTime=200 description="init Trx"
Logback 2025-04-17 04:28:26 DEBUG o.s.w.f.CommonsRequestLoggingFilter:47 - trkid= traceID=4b29554fa5f4ec0217e1bf04bb4b419a span_id=dce56ea7fed210ed - Before request [GET /start-all, client=172.19.0.1, headers=[x-request-id:"start-chile", user-agent:"PostmanRuntime/7.43.3", accept:"*/*", cache-control:"no-cache", postman-token:"08acdc78-af35-49fe-aec5-9a6752ada115", host:"localhost:8080", accept-encoding:"gzip, deflate, br", connection:"keep-alive"]]
Logback 2025-04-17 04:28:28 DEBUG o.s.w.f.CommonsRequestLoggingFilter:55 - trkid= traceID=4b29554fa5f4ec0217e1bf04bb4b419a span_id=dce56ea7fed210ed - After request [GET /start-all, client=172.19.0.1, headers=[x-request-id:"start-chile", user-agent:"PostmanRuntime/7.43.3", accept:"*/*", cache-control:"no-cache", postman-token:"08acdc78-af35-49fe-aec5-9a6752ada115", host:"localhost:8080", accept-encoding:"gzip, deflate, br", connection:"keep-alive"]]
Logback 2025-04-17 04:28:28 INFO  o.g.c.f.AppMonitor:113 - trkid= traceID=4b29554fa5f4ec0217e1bf04bb4b419a span_id=dce56ea7fed210ed - action=statisticsRequest uri=/start-all responseStatus=200 serviceStatusCode=200 httpStatusCode=200 responseTime=1812 description="Finish Trx org.apache.catalina.core.ApplicationContextFacade@1f00c594 | null"
Logback 2025-04-17 04:28:30 INFO  o.g.c.f.AppMonitor:113 - trkid= traceID=f207320d809ae047a9154038d7c0fc44 span_id=268d8a14caf9196c - action=statisticsEvent event=/posts-feing/90 serviceStatusCode=200 responseTime=200 description="init Trx"
Logback 2025-04-17 04:28:30 DEBUG o.s.w.f.CommonsRequestLoggingFilter:47 - trkid= traceID=f207320d809ae047a9154038d7c0fc44 span_id=268d8a14caf9196c - Before request [GET /posts-feing/90?x-request-id=post-peru, client=172.19.0.1, headers=[user-agent:"PostmanRuntime/7.43.3", accept:"*/*", cache-control:"no-cache", postman-token:"d7efa27a-a83c-4c94-9195-d49abb503316", host:"localhost:8080", accept-encoding:"gzip, deflate, br", connection:"keep-alive"]]
Logback 2025-04-17 04:28:30 DEBUG o.s.w.f.CommonsRequestLoggingFilter:55 - trkid= traceID=f207320d809ae047a9154038d7c0fc44 span_id=268d8a14caf9196c - After request [GET /posts-feing/90?x-request-id=post-peru, client=172.19.0.1, headers=[user-agent:"PostmanRuntime/7.43.3", accept:"*/*", cache-control:"no-cache", postman-token:"d7efa27a-a83c-4c94-9195-d49abb503316", host:"localhost:8080", accept-encoding:"gzip, deflate, br", connection:"keep-alive"]]
Logback 2025-04-17 04:28:30 INFO  o.g.c.f.AppMonitor:113 - trkid= traceID=f207320d809ae047a9154038d7c0fc44 span_id=268d8a14caf9196c - action=statisticsRequest uri=/posts-feing/90 responseStatus=200 serviceStatusCode=200 httpStatusCode=200 responseTime=53 description="Finish Trx org.apache.catalina.core.ApplicationContextFacade@1f00c594 | null"
Logback 2025-04-17 04:28:32 INFO  o.g.c.f.AppMonitor:113 - trkid= traceID=5271a82eae2f5cd3de5de923f0b81e0a span_id=5e5222d726c15fee - action=statisticsEvent event=/posts-feing/40 serviceStatusCode=200 responseTime=200 description="init Trx"
Logback 2025-04-17 04:28:32 DEBUG o.s.w.f.CommonsRequestLoggingFilter:47 - trkid= traceID=5271a82eae2f5cd3de5de923f0b81e0a span_id=5e5222d726c15fee - Before request [GET /posts-feing/40?x-request-id=post-arg, client=172.19.0.1, headers=[user-agent:"PostmanRuntime/7.43.3", accept:"*/*", cache-control:"no-cache", postman-token:"37836062-f725-4f8b-861b-0e8c6a64bad0", host:"localhost:8080", accept-encoding:"gzip, deflate, br", connection:"keep-alive"]]
Logback 2025-04-17 04:28:32 DEBUG o.s.w.f.CommonsRequestLoggingFilter:55 - trkid= traceID=5271a82eae2f5cd3de5de923f0b81e0a span_id=5e5222d726c15fee - After request [GET /posts-feing/40?x-request-id=post-arg, client=172.19.0.1, headers=[user-agent:"PostmanRuntime/7.43.3", accept:"*/*", cache-control:"no-cache", postman-token:"37836062-f725-4f8b-861b-0e8c6a64bad0", host:"localhost:8080", accept-encoding:"gzip, deflate, br", connection:"keep-alive"]]
Logback 2025-04-17 04:28:32 INFO  o.g.c.f.AppMonitor:113 - trkid= traceID=5271a82eae2f5cd3de5de923f0b81e0a span_id=5e5222d726c15fee - action=statisticsRequest uri=/posts-feing/40 responseStatus=200 serviceStatusCode=200 httpStatusCode=200 responseTime=17 description="Finish Trx org.apache.catalina.core.ApplicationContextFacade@1f00c594 | null"
Logback 2025-04-17 04:28:35 INFO  o.g.c.f.AppMonitor:113 - trkid= traceID=d1d4ee15ce8ff0d3098a4e3207e7db98 span_id=c523d3a6bf407eab - action=statisticsEvent event=/start-customer serviceStatusCode=200 responseTime=200 description="init Trx"
Logback 2025-04-17 04:28:35 DEBUG o.s.w.f.CommonsRequestLoggingFilter:47 - trkid= traceID=d1d4ee15ce8ff0d3098a4e3207e7db98 span_id=c523d3a6bf407eab - Before request [GET /start-customer?x-request-id=customer-brasil, client=172.19.0.1, headers=[user-agent:"PostmanRuntime/7.43.3", accept:"*/*", cache-control:"no-cache", postman-token:"b5c616f5-fb5b-4c4f-8992-a78ac78c9640", host:"localhost:8080", accept-encoding:"gzip, deflate, br", connection:"keep-alive"]]
Logback 2025-04-17 04:28:35 DEBUG o.s.w.f.CommonsRequestLoggingFilter:55 - trkid= traceID=d1d4ee15ce8ff0d3098a4e3207e7db98 span_id=c523d3a6bf407eab - After request [GET /start-customer?x-request-id=customer-brasil, client=172.19.0.1, headers=[user-agent:"PostmanRuntime/7.43.3", accept:"*/*", cache-control:"no-cache", postman-token:"b5c616f5-fb5b-4c4f-8992-a78ac78c9640", host:"localhost:8080", accept-encoding:"gzip, deflate, br", connection:"keep-alive"]]
Logback 2025-04-17 04:28:35 INFO  o.g.c.f.AppMonitor:113 - trkid= traceID=d1d4ee15ce8ff0d3098a4e3207e7db98 span_id=c523d3a6bf407eab - action=statisticsRequest uri=/start-customer responseStatus=200 serviceStatusCode=200 httpStatusCode=200 responseTime=160 description="Finish Trx org.apache.catalina.core.ApplicationContextFacade@1f00c594 | null"
Logback 2025-04-17 04:28:37 INFO  o.g.c.f.AppMonitor:113 - trkid= traceID=e0943f54fd4ccaadef5eaa5ba88857ae span_id=f3ea468e26fcf305 - action=statisticsEvent event=/start-seller serviceStatusCode=200 responseTime=200 description="init Trx"
Logback 2025-04-17 04:28:37 DEBUG o.s.w.f.CommonsRequestLoggingFilter:47 - trkid= traceID=e0943f54fd4ccaadef5eaa5ba88857ae span_id=f3ea468e26fcf305 - Before request [GET /start-seller?x-request-id=seller-mexico, client=172.19.0.1, headers=[user-agent:"PostmanRuntime/7.43.3", accept:"*/*", cache-control:"no-cache", postman-token:"9edf028a-494c-42be-9cf8-72d8c262a0cb", host:"localhost:8080", accept-encoding:"gzip, deflate, br", connection:"keep-alive"]]
Logback 2025-04-17 04:28:37 DEBUG o.s.w.f.CommonsRequestLoggingFilter:55 - trkid= traceID=e0943f54fd4ccaadef5eaa5ba88857ae span_id=f3ea468e26fcf305 - After request [GET /start-seller?x-request-id=seller-mexico, client=172.19.0.1, headers=[user-agent:"PostmanRuntime/7.43.3", accept:"*/*", cache-control:"no-cache", postman-token:"9edf028a-494c-42be-9cf8-72d8c262a0cb", host:"localhost:8080", accept-encoding:"gzip, deflate, br", connection:"keep-alive"]]
Logback 2025-04-17 04:28:37 ERROR o.a.c.c.C.[.[.[.[dispatcherServlet]:175 - trkid= traceID=e0943f54fd4ccaadef5eaa5ba88857ae span_id=f3ea468e26fcf305 - Servlet.service() for servlet [dispatcherServlet] in context with path [] threw exception
java.io.IOException: Random error with /start-seller!
	at org.grafana.controller.PrincipalController.randomError(PrincipalController.java:162)
	at org.grafana.controller.PrincipalController.startSeller(PrincipalController.java:111)
	at jdk.internal.reflect.GeneratedMethodAccessor37.invoke(Unknown Source)
	at java.base/jdk.internal.reflect.DelegatingMethodAccessorImpl.invoke(DelegatingMethodAccessorImpl.java:43)
	at java.base/java.lang.reflect.Method.invoke(Method.java:568)
	at org.springframework.web.method.support.InvocableHandlerMethod.doInvoke(InvocableHandlerMethod.java:205)
	at org.springframework.web.method.support.InvocableHandlerMethod.invokeForRequest(InvocableHandlerMethod.java:150)
	at org.springframework.web.servlet.mvc.method.annotation.ServletInvocableHandlerMethod.invokeAndHandle(ServletInvocableHandlerMethod.java:117)
	at org.springframework.web.servlet.mvc.method.annotation.RequestMappingHandlerAdapter.invokeHandlerMethod(RequestMappingHandlerAdapter.java:895)
	at org.springframework.web.servlet.mvc.method.annotation.RequestMappingHandlerAdapter.handleInternal(RequestMappingHandlerAdapter.java:808)
	at org.springframework.web.servlet.mvc.method.AbstractHandlerMethodAdapter.handle(AbstractHandlerMethodAdapter.java:87)
	at org.springframework.web.servlet.DispatcherServlet.doDispatch(DispatcherServlet.java:1072)
	at org.springframework.web.servlet.DispatcherServlet.doService(DispatcherServlet.java:965)
	at org.springframework.web.servlet.FrameworkServlet.processRequest(FrameworkServlet.java:1006)
	at org.springframework.web.servlet.FrameworkServlet.doGet(FrameworkServlet.java:898)
	at javax.servlet.http.HttpServlet.service(HttpServlet.java:529)
	at org.springframework.web.servlet.FrameworkServlet.service(FrameworkServlet.java:883)
	at javax.servlet.http.HttpServlet.service(HttpServlet.java:623)
	at org.apache.catalina.core.ApplicationFilterChain.internalDoFilter(ApplicationFilterChain.java:209)
	at org.apache.catalina.core.ApplicationFilterChain.doFilter(ApplicationFilterChain.java:153)
	at org.apache.tomcat.websocket.server.WsFilter.doFilter(WsFilter.java:51)
	at org.apache.catalina.core.ApplicationFilterChain.internalDoFilter(ApplicationFilterChain.java:178)
	at org.apache.catalina.core.ApplicationFilterChain.doFilter(ApplicationFilterChain.java:153)
	at org.springframework.web.filter.AbstractRequestLoggingFilter.doFilterInternal(AbstractRequestLoggingFilter.java:289)
	at org.springframework.web.filter.OncePerRequestFilter.doFilter(OncePerRequestFilter.java:117)
	at org.apache.catalina.core.ApplicationFilterChain.internalDoFilter(ApplicationFilterChain.java:178)
	at org.apache.catalina.core.ApplicationFilterChain.doFilter(ApplicationFilterChain.java:153)
	at org.grafana.config.filter.FilterAsInterceptorAdapter.doFilter(FilterAsInterceptorAdapter.java:25)
	at org.apache.catalina.core.ApplicationFilterChain.internalDoFilter(ApplicationFilterChain.java:178)
	at org.apache.catalina.core.ApplicationFilterChain.doFilter(ApplicationFilterChain.java:153)
	at org.springframework.web.filter.RequestContextFilter.doFilterInternal(RequestContextFilter.java:100)
	at org.springframework.web.filter.OncePerRequestFilter.doFilter(OncePerRequestFilter.java:117)
	at org.apache.catalina.core.ApplicationFilterChain.internalDoFilter(ApplicationFilterChain.java:178)
	at org.apache.catalina.core.ApplicationFilterChain.doFilter(ApplicationFilterChain.java:153)
	at org.springframework.web.filter.FormContentFilter.doFilterInternal(FormContentFilter.java:93)
	at org.springframework.web.filter.OncePerRequestFilter.doFilter(OncePerRequestFilter.java:117)
	at org.apache.catalina.core.ApplicationFilterChain.internalDoFilter(ApplicationFilterChain.java:178)
	at org.apache.catalina.core.ApplicationFilterChain.doFilter(ApplicationFilterChain.java:153)
	at org.springframework.web.servlet.v3_1.OpenTelemetryHandlerMappingFilter.doFilter(OpenTelemetryHandlerMappingFilter.java:83)
	at org.apache.catalina.core.ApplicationFilterChain.internalDoFilter(ApplicationFilterChain.java:178)
	at org.apache.catalina.core.ApplicationFilterChain.doFilter(ApplicationFilterChain.java:153)
	at org.springframework.boot.actuate.metrics.web.servlet.WebMvcMetricsFilter.doFilterInternal(WebMvcMetricsFilter.java:96)
	at org.springframework.web.filter.OncePerRequestFilter.doFilter(OncePerRequestFilter.java:117)
	at org.apache.catalina.core.ApplicationFilterChain.internalDoFilter(ApplicationFilterChain.java:178)
	at org.apache.catalina.core.ApplicationFilterChain.doFilter(ApplicationFilterChain.java:153)
	at org.springframework.web.filter.CharacterEncodingFilter.doFilterInternal(CharacterEncodingFilter.java:201)
	at org.springframework.web.filter.OncePerRequestFilter.doFilter(OncePerRequestFilter.java:117)
	at org.apache.catalina.core.ApplicationFilterChain.internalDoFilter(ApplicationFilterChain.java:178)
	at org.apache.catalina.core.ApplicationFilterChain.doFilter(ApplicationFilterChain.java:153)
	at org.apache.catalina.core.StandardWrapperValve.invoke(StandardWrapperValve.java:168)
	at org.apache.catalina.core.StandardContextValve.invoke(StandardContextValve.java:90)
	at org.apache.catalina.authenticator.AuthenticatorBase.invoke(AuthenticatorBase.java:481)
	at org.apache.catalina.core.StandardHostValve.invoke(StandardHostValve.java:130)
	at org.apache.catalina.valves.ErrorReportValve.invoke(ErrorReportValve.java:93)
	at org.apache.catalina.core.StandardEngineValve.invoke(StandardEngineValve.java:74)
	at org.apache.catalina.valves.AbstractAccessLogValve.invoke(AbstractAccessLogValve.java:670)
	at org.apache.catalina.connector.CoyoteAdapter.service(CoyoteAdapter.java:342)
	at org.apache.coyote.http11.Http11Processor.service(Http11Processor.java:390)
	at org.apache.coyote.AbstractProcessorLight.process(AbstractProcessorLight.java:63)
	at org.apache.coyote.AbstractProtocol$ConnectionHandler.process(AbstractProtocol.java:928)
	at org.apache.tomcat.util.net.NioEndpoint$SocketProcessor.doRun(NioEndpoint.java:1794)
	at org.apache.tomcat.util.net.SocketProcessorBase.run(SocketProcessorBase.java:52)
	at org.apache.tomcat.util.threads.ThreadPoolExecutor.runWorker(ThreadPoolExecutor.java:1191)
	at org.apache.tomcat.util.threads.ThreadPoolExecutor$Worker.run(ThreadPoolExecutor.java:659)
	at org.apache.tomcat.util.threads.TaskThread$WrappingRunnable.run(TaskThread.java:61)
	at java.base/java.lang.Thread.run(Thread.java:833)
Logback 2025-04-17 04:28:38 INFO  o.g.c.f.AppMonitor:113 - trkid= traceID=0d683f14760db1f86f9ad229ec9a49ea span_id=c31c3e4665a37e13 - action=statisticsEvent event=/start-all serviceStatusCode=200 responseTime=200 description="init Trx"
Logback 2025-04-17 04:28:38 DEBUG o.s.w.f.CommonsRequestLoggingFilter:47 - trkid= traceID=0d683f14760db1f86f9ad229ec9a49ea span_id=c31c3e4665a37e13 - Before request [GET /start-all, client=172.19.0.3, headers=[accept:"application/json, text/plain, */*", user-agent:"axios/1.7.9", accept-encoding:"gzip, compress, deflate, br", traceparent:"00-0d683f14760db1f86f9ad229ec9a49ea-7aedec58bcc34af0-01", host:"ms-hello-observability-services.applications.svc.cluster.local:8080", connection:"close"]]
Logback 2025-04-17 04:28:40 INFO  o.g.c.f.AppMonitor:113 - trkid= traceID=00a60a2959649381f2a6f3b30aca9a83 span_id=467e582827e0af99 - action=statisticsEvent event=/start-all serviceStatusCode=200 responseTime=200 description="init Trx"
Logback 2025-04-17 04:28:40 DEBUG o.s.w.f.CommonsRequestLoggingFilter:47 - trkid= traceID=00a60a2959649381f2a6f3b30aca9a83 span_id=467e582827e0af99 - Before request [GET /start-all, client=172.19.0.1, headers=[x-request-id:"start-chile", user-agent:"PostmanRuntime/7.43.3", accept:"*/*", cache-control:"no-cache", postman-token:"efe45ccf-ebfb-4e55-bb5c-276e5f392a0c", host:"localhost:8080", accept-encoding:"gzip, deflate, br", connection:"keep-alive"]]
Logback 2025-04-17 04:28:40 DEBUG o.s.w.f.CommonsRequestLoggingFilter:55 - trkid= traceID=00a60a2959649381f2a6f3b30aca9a83 span_id=467e582827e0af99 - After request [GET /start-all, client=172.19.0.1, headers=[x-request-id:"start-chile", user-agent:"PostmanRuntime/7.43.3", accept:"*/*", cache-control:"no-cache", postman-token:"efe45ccf-ebfb-4e55-bb5c-276e5f392a0c", host:"localhost:8080", accept-encoding:"gzip, deflate, br", connection:"keep-alive"]]
Logback 2025-04-17 04:28:40 ERROR o.a.c.c.C.[.[.[.[dispatcherServlet]:175 - trkid= traceID=00a60a2959649381f2a6f3b30aca9a83 span_id=467e582827e0af99 - Servlet.service() for servlet [dispatcherServlet] in context with path [] threw exception
java.io.IOException: Random error with /start-customer!
	at org.grafana.controller.PrincipalController.randomError(PrincipalController.java:162)
	at org.grafana.controller.PrincipalController.startCustomer(PrincipalController.java:82)
	at org.grafana.controller.PrincipalController.startProcess(PrincipalController.java:52)
	at jdk.internal.reflect.GeneratedMethodAccessor35.invoke(Unknown Source)
	at java.base/jdk.internal.reflect.DelegatingMethodAccessorImpl.invoke(DelegatingMethodAccessorImpl.java:43)
	at java.base/java.lang.reflect.Method.invoke(Method.java:568)
	at org.springframework.web.method.support.InvocableHandlerMethod.doInvoke(InvocableHandlerMethod.java:205)
	at org.springframework.web.method.support.InvocableHandlerMethod.invokeForRequest(InvocableHandlerMethod.java:150)
	at org.springframework.web.servlet.mvc.method.annotation.ServletInvocableHandlerMethod.invokeAndHandle(ServletInvocableHandlerMethod.java:117)
	at org.springframework.web.servlet.mvc.method.annotation.RequestMappingHandlerAdapter.invokeHandlerMethod(RequestMappingHandlerAdapter.java:895)
	at org.springframework.web.servlet.mvc.method.annotation.RequestMappingHandlerAdapter.handleInternal(RequestMappingHandlerAdapter.java:808)
	at org.springframework.web.servlet.mvc.method.AbstractHandlerMethodAdapter.handle(AbstractHandlerMethodAdapter.java:87)
	at org.springframework.web.servlet.DispatcherServlet.doDispatch(DispatcherServlet.java:1072)
	at org.springframework.web.servlet.DispatcherServlet.doService(DispatcherServlet.java:965)
	at org.springframework.web.servlet.FrameworkServlet.processRequest(FrameworkServlet.java:1006)
	at org.springframework.web.servlet.FrameworkServlet.doGet(FrameworkServlet.java:898)
	at javax.servlet.http.HttpServlet.service(HttpServlet.java:529)
	at org.springframework.web.servlet.FrameworkServlet.service(FrameworkServlet.java:883)
	at javax.servlet.http.HttpServlet.service(HttpServlet.java:623)
	at org.apache.catalina.core.ApplicationFilterChain.internalDoFilter(ApplicationFilterChain.java:209)
	at org.apache.catalina.core.ApplicationFilterChain.doFilter(ApplicationFilterChain.java:153)
	at org.apache.tomcat.websocket.server.WsFilter.doFilter(WsFilter.java:51)
	at org.apache.catalina.core.ApplicationFilterChain.internalDoFilter(ApplicationFilterChain.java:178)
	at org.apache.catalina.core.ApplicationFilterChain.doFilter(ApplicationFilterChain.java:153)
	at org.springframework.web.filter.AbstractRequestLoggingFilter.doFilterInternal(AbstractRequestLoggingFilter.java:289)
	at org.springframework.web.filter.OncePerRequestFilter.doFilter(OncePerRequestFilter.java:117)
	at org.apache.catalina.core.ApplicationFilterChain.internalDoFilter(ApplicationFilterChain.java:178)
	at org.apache.catalina.core.ApplicationFilterChain.doFilter(ApplicationFilterChain.java:153)
	at org.grafana.config.filter.FilterAsInterceptorAdapter.doFilter(FilterAsInterceptorAdapter.java:25)
	at org.apache.catalina.core.ApplicationFilterChain.internalDoFilter(ApplicationFilterChain.java:178)
	at org.apache.catalina.core.ApplicationFilterChain.doFilter(ApplicationFilterChain.java:153)
	at org.springframework.web.filter.RequestContextFilter.doFilterInternal(RequestContextFilter.java:100)
	at org.springframework.web.filter.OncePerRequestFilter.doFilter(OncePerRequestFilter.java:117)
	at org.apache.catalina.core.ApplicationFilterChain.internalDoFilter(ApplicationFilterChain.java:178)
	at org.apache.catalina.core.ApplicationFilterChain.doFilter(ApplicationFilterChain.java:153)
	at org.springframework.web.filter.FormContentFilter.doFilterInternal(FormContentFilter.java:93)
	at org.springframework.web.filter.OncePerRequestFilter.doFilter(OncePerRequestFilter.java:117)
	at org.apache.catalina.core.ApplicationFilterChain.internalDoFilter(ApplicationFilterChain.java:178)
	at org.apache.catalina.core.ApplicationFilterChain.doFilter(ApplicationFilterChain.java:153)
	at org.springframework.web.servlet.v3_1.OpenTelemetryHandlerMappingFilter.doFilter(OpenTelemetryHandlerMappingFilter.java:83)
	at org.apache.catalina.core.ApplicationFilterChain.internalDoFilter(ApplicationFilterChain.java:178)
	at org.apache.catalina.core.ApplicationFilterChain.doFilter(ApplicationFilterChain.java:153)
	at org.springframework.boot.actuate.metrics.web.servlet.WebMvcMetricsFilter.doFilterInternal(WebMvcMetricsFilter.java:96)
	at org.springframework.web.filter.OncePerRequestFilter.doFilter(OncePerRequestFilter.java:117)
	at org.apache.catalina.core.ApplicationFilterChain.internalDoFilter(ApplicationFilterChain.java:178)
	at org.apache.catalina.core.ApplicationFilterChain.doFilter(ApplicationFilterChain.java:153)
	at org.springframework.web.filter.CharacterEncodingFilter.doFilterInternal(CharacterEncodingFilter.java:201)
	at org.springframework.web.filter.OncePerRequestFilter.doFilter(OncePerRequestFilter.java:117)
	at org.apache.catalina.core.ApplicationFilterChain.internalDoFilter(ApplicationFilterChain.java:178)
	at org.apache.catalina.core.ApplicationFilterChain.doFilter(ApplicationFilterChain.java:153)
	at org.apache.catalina.core.StandardWrapperValve.invoke(StandardWrapperValve.java:168)
	at org.apache.catalina.core.StandardContextValve.invoke(StandardContextValve.java:90)
	at org.apache.catalina.authenticator.AuthenticatorBase.invoke(AuthenticatorBase.java:481)
	at org.apache.catalina.core.StandardHostValve.invoke(StandardHostValve.java:130)
	at org.apache.catalina.valves.ErrorReportValve.invoke(ErrorReportValve.java:93)
	at org.apache.catalina.core.StandardEngineValve.invoke(StandardEngineValve.java:74)
	at org.apache.catalina.valves.AbstractAccessLogValve.invoke(AbstractAccessLogValve.java:670)
	at org.apache.catalina.connector.CoyoteAdapter.service(CoyoteAdapter.java:342)
	at org.apache.coyote.http11.Http11Processor.service(Http11Processor.java:390)
	at org.apache.coyote.AbstractProcessorLight.process(AbstractProcessorLight.java:63)
	at org.apache.coyote.AbstractProtocol$ConnectionHandler.process(AbstractProtocol.java:928)
	at org.apache.tomcat.util.net.NioEndpoint$SocketProcessor.doRun(NioEndpoint.java:1794)
	at org.apache.tomcat.util.net.SocketProcessorBase.run(SocketProcessorBase.java:52)
	at org.apache.tomcat.util.threads.ThreadPoolExecutor.runWorker(ThreadPoolExecutor.java:1191)
	at org.apache.tomcat.util.threads.ThreadPoolExecutor$Worker.run(ThreadPoolExecutor.java:659)
	at org.apache.tomcat.util.threads.TaskThread$WrappingRunnable.run(TaskThread.java:61)
	at java.base/java.lang.Thread.run(Thread.java:833)
Logback 2025-04-17 04:28:41 DEBUG o.s.w.f.CommonsRequestLoggingFilter:55 - trkid= traceID=0d683f14760db1f86f9ad229ec9a49ea span_id=c31c3e4665a37e13 - After request [GET /start-all, client=172.19.0.3, headers=[accept:"application/json, text/plain, */*", user-agent:"axios/1.7.9", accept-encoding:"gzip, compress, deflate, br", traceparent:"00-0d683f14760db1f86f9ad229ec9a49ea-7aedec58bcc34af0-01", host:"ms-hello-observability-services.applications.svc.cluster.local:8080", connection:"close"]]
Logback 2025-04-17 04:28:41 INFO  o.g.c.f.AppMonitor:113 - trkid= traceID=0d683f14760db1f86f9ad229ec9a49ea span_id=c31c3e4665a37e13 - action=statisticsRequest uri=/start-all responseStatus=200 serviceStatusCode=200 httpStatusCode=200 responseTime=2947 description="Finish Trx org.apache.catalina.core.ApplicationContextFacade@1f00c594 | null"
Logback 2025-04-17 04:28:42 INFO  o.g.c.f.AppMonitor:113 - trkid= traceID=8ff03e17199fb26fe564c2642e57e110 span_id=acf0de464f8188a9 - action=statisticsEvent event=/posts-feing/90 serviceStatusCode=200 responseTime=200 description="init Trx"
Logback 2025-04-17 04:28:42 DEBUG o.s.w.f.CommonsRequestLoggingFilter:47 - trkid= traceID=8ff03e17199fb26fe564c2642e57e110 span_id=acf0de464f8188a9 - Before request [GET /posts-feing/90?x-request-id=post-peru, client=172.19.0.1, headers=[user-agent:"PostmanRuntime/7.43.3", accept:"*/*", cache-control:"no-cache", postman-token:"e4ed1c87-35c2-4b25-b17a-8bb6105b397c", host:"localhost:8080", accept-encoding:"gzip, deflate, br", connection:"keep-alive"]]
Logback 2025-04-17 04:28:42 DEBUG o.s.w.f.CommonsRequestLoggingFilter:55 - trkid= traceID=8ff03e17199fb26fe564c2642e57e110 span_id=acf0de464f8188a9 - After request [GET /posts-feing/90?x-request-id=post-peru, client=172.19.0.1, headers=[user-agent:"PostmanRuntime/7.43.3", accept:"*/*", cache-control:"no-cache", postman-token:"e4ed1c87-35c2-4b25-b17a-8bb6105b397c", host:"localhost:8080", accept-encoding:"gzip, deflate, br", connection:"keep-alive"]]
Logback 2025-04-17 04:28:42 INFO  o.g.c.f.AppMonitor:113 - trkid= traceID=8ff03e17199fb26fe564c2642e57e110 span_id=acf0de464f8188a9 - action=statisticsRequest uri=/posts-feing/90 responseStatus=200 serviceStatusCode=200 httpStatusCode=200 responseTime=46 description="Finish Trx org.apache.catalina.core.ApplicationContextFacade@1f00c594 | null"
Logback 2025-04-17 04:28:45 INFO  o.g.c.f.AppMonitor:113 - trkid= traceID=d4da7dfea8a7b2c2e20451ed29bc49f1 span_id=47b80ae3cde23bf8 - action=statisticsEvent event=/posts-feing/40 serviceStatusCode=200 responseTime=200 description="init Trx"
Logback 2025-04-17 04:28:45 DEBUG o.s.w.f.CommonsRequestLoggingFilter:47 - trkid= traceID=d4da7dfea8a7b2c2e20451ed29bc49f1 span_id=47b80ae3cde23bf8 - Before request [GET /posts-feing/40?x-request-id=post-arg, client=172.19.0.1, headers=[user-agent:"PostmanRuntime/7.43.3", accept:"*/*", cache-control:"no-cache", postman-token:"915a4a49-c4dd-4565-bd77-91fcba01e420", host:"localhost:8080", accept-encoding:"gzip, deflate, br", connection:"keep-alive"]]
Logback 2025-04-17 04:28:45 DEBUG o.s.w.f.CommonsRequestLoggingFilter:55 - trkid= traceID=d4da7dfea8a7b2c2e20451ed29bc49f1 span_id=47b80ae3cde23bf8 - After request [GET /posts-feing/40?x-request-id=post-arg, client=172.19.0.1, headers=[user-agent:"PostmanRuntime/7.43.3", accept:"*/*", cache-control:"no-cache", postman-token:"915a4a49-c4dd-4565-bd77-91fcba01e420", host:"localhost:8080", accept-encoding:"gzip, deflate, br", connection:"keep-alive"]]
Logback 2025-04-17 04:28:45 INFO  o.g.c.f.AppMonitor:113 - trkid= traceID=d4da7dfea8a7b2c2e20451ed29bc49f1 span_id=47b80ae3cde23bf8 - action=statisticsRequest uri=/posts-feing/40 responseStatus=200 serviceStatusCode=200 httpStatusCode=200 responseTime=61 description="Finish Trx org.apache.catalina.core.ApplicationContextFacade@1f00c594 | null"
Logback 2025-04-17 04:28:47 INFO  o.g.c.f.AppMonitor:113 - trkid= traceID=b9e2bd0fef03f979d02baa84d1bfc8f5 span_id=76da21c9148d42a3 - action=statisticsEvent event=/start-customer serviceStatusCode=200 responseTime=200 description="init Trx"
Logback 2025-04-17 04:28:47 DEBUG o.s.w.f.CommonsRequestLoggingFilter:47 - trkid= traceID=b9e2bd0fef03f979d02baa84d1bfc8f5 span_id=76da21c9148d42a3 - Before request [GET /start-customer?x-request-id=customer-brasil, client=172.19.0.1, headers=[user-agent:"PostmanRuntime/7.43.3", accept:"*/*", cache-control:"no-cache", postman-token:"b743bf18-9d37-41a8-8565-070562fea182", host:"localhost:8080", accept-encoding:"gzip, deflate, br", connection:"keep-alive"]]
Logback 2025-04-17 04:28:47 DEBUG o.s.w.f.CommonsRequestLoggingFilter:55 - trkid= traceID=b9e2bd0fef03f979d02baa84d1bfc8f5 span_id=76da21c9148d42a3 - After request [GET /start-customer?x-request-id=customer-brasil, client=172.19.0.1, headers=[user-agent:"PostmanRuntime/7.43.3", accept:"*/*", cache-control:"no-cache", postman-token:"b743bf18-9d37-41a8-8565-070562fea182", host:"localhost:8080", accept-encoding:"gzip, deflate, br", connection:"keep-alive"]]
Logback 2025-04-17 04:28:47 INFO  o.g.c.f.AppMonitor:113 - trkid= traceID=b9e2bd0fef03f979d02baa84d1bfc8f5 span_id=76da21c9148d42a3 - action=statisticsRequest uri=/start-customer responseStatus=200 serviceStatusCode=200 httpStatusCode=200 responseTime=654 description="Finish Trx org.apache.catalina.core.ApplicationContextFacade@1f00c594 | null"
Logback 2025-04-17 04:28:50 INFO  o.g.c.f.AppMonitor:113 - trkid= traceID=8e20c7848b1b019a7561044644b85099 span_id=8a57a40b10e40537 - action=statisticsEvent event=/start-seller serviceStatusCode=200 responseTime=200 description="init Trx"
Logback 2025-04-17 04:28:50 DEBUG o.s.w.f.CommonsRequestLoggingFilter:47 - trkid= traceID=8e20c7848b1b019a7561044644b85099 span_id=8a57a40b10e40537 - Before request [GET /start-seller?x-request-id=seller-mexico, client=172.19.0.1, headers=[user-agent:"PostmanRuntime/7.43.3", accept:"*/*", cache-control:"no-cache", postman-token:"9888a100-d3f9-4c8a-8963-542a7cb8bb47", host:"localhost:8080", accept-encoding:"gzip, deflate, br", connection:"keep-alive"]]
Logback 2025-04-17 04:28:50 DEBUG o.s.w.f.CommonsRequestLoggingFilter:55 - trkid= traceID=8e20c7848b1b019a7561044644b85099 span_id=8a57a40b10e40537 - After request [GET /start-seller?x-request-id=seller-mexico, client=172.19.0.1, headers=[user-agent:"PostmanRuntime/7.43.3", accept:"*/*", cache-control:"no-cache", postman-token:"9888a100-d3f9-4c8a-8963-542a7cb8bb47", host:"localhost:8080", accept-encoding:"gzip, deflate, br", connection:"keep-alive"]]
Logback 2025-04-17 04:28:50 ERROR o.a.c.c.C.[.[.[.[dispatcherServlet]:175 - trkid= traceID=8e20c7848b1b019a7561044644b85099 span_id=8a57a40b10e40537 - Servlet.service() for servlet [dispatcherServlet] in context with path [] threw exception
java.io.IOException: Random error with /start-seller!
	at org.grafana.controller.PrincipalController.randomError(PrincipalController.java:162)
	at org.grafana.controller.PrincipalController.startSeller(PrincipalController.java:111)
	at jdk.internal.reflect.GeneratedMethodAccessor37.invoke(Unknown Source)
	at java.base/jdk.internal.reflect.DelegatingMethodAccessorImpl.invoke(DelegatingMethodAccessorImpl.java:43)
	at java.base/java.lang.reflect.Method.invoke(Method.java:568)
	at org.springframework.web.method.support.InvocableHandlerMethod.doInvoke(InvocableHandlerMethod.java:205)
	at org.springframework.web.method.support.InvocableHandlerMethod.invokeForRequest(InvocableHandlerMethod.java:150)
	at org.springframework.web.servlet.mvc.method.annotation.ServletInvocableHandlerMethod.invokeAndHandle(ServletInvocableHandlerMethod.java:117)
	at org.springframework.web.servlet.mvc.method.annotation.RequestMappingHandlerAdapter.invokeHandlerMethod(RequestMappingHandlerAdapter.java:895)
	at org.springframework.web.servlet.mvc.method.annotation.RequestMappingHandlerAdapter.handleInternal(RequestMappingHandlerAdapter.java:808)
	at org.springframework.web.servlet.mvc.method.AbstractHandlerMethodAdapter.handle(AbstractHandlerMethodAdapter.java:87)
	at org.springframework.web.servlet.DispatcherServlet.doDispatch(DispatcherServlet.java:1072)
	at org.springframework.web.servlet.DispatcherServlet.doService(DispatcherServlet.java:965)
	at org.springframework.web.servlet.FrameworkServlet.processRequest(FrameworkServlet.java:1006)
	at org.springframework.web.servlet.FrameworkServlet.doGet(FrameworkServlet.java:898)
	at javax.servlet.http.HttpServlet.service(HttpServlet.java:529)
	at org.springframework.web.servlet.FrameworkServlet.service(FrameworkServlet.java:883)
	at javax.servlet.http.HttpServlet.service(HttpServlet.java:623)
	at org.apache.catalina.core.ApplicationFilterChain.internalDoFilter(ApplicationFilterChain.java:209)
	at org.apache.catalina.core.ApplicationFilterChain.doFilter(ApplicationFilterChain.java:153)
	at org.apache.tomcat.websocket.server.WsFilter.doFilter(WsFilter.java:51)
	at org.apache.catalina.core.ApplicationFilterChain.internalDoFilter(ApplicationFilterChain.java:178)
	at org.apache.catalina.core.ApplicationFilterChain.doFilter(ApplicationFilterChain.java:153)
	at org.springframework.web.filter.AbstractRequestLoggingFilter.doFilterInternal(AbstractRequestLoggingFilter.java:289)
	at org.springframework.web.filter.OncePerRequestFilter.doFilter(OncePerRequestFilter.java:117)
	at org.apache.catalina.core.ApplicationFilterChain.internalDoFilter(ApplicationFilterChain.java:178)
	at org.apache.catalina.core.ApplicationFilterChain.doFilter(ApplicationFilterChain.java:153)
	at org.grafana.config.filter.FilterAsInterceptorAdapter.doFilter(FilterAsInterceptorAdapter.java:25)
	at org.apache.catalina.core.ApplicationFilterChain.internalDoFilter(ApplicationFilterChain.java:178)
	at org.apache.catalina.core.ApplicationFilterChain.doFilter(ApplicationFilterChain.java:153)
	at org.springframework.web.filter.RequestContextFilter.doFilterInternal(RequestContextFilter.java:100)
	at org.springframework.web.filter.OncePerRequestFilter.doFilter(OncePerRequestFilter.java:117)
	at org.apache.catalina.core.ApplicationFilterChain.internalDoFilter(ApplicationFilterChain.java:178)
	at org.apache.catalina.core.ApplicationFilterChain.doFilter(ApplicationFilterChain.java:153)
	at org.springframework.web.filter.FormContentFilter.doFilterInternal(FormContentFilter.java:93)
	at org.springframework.web.filter.OncePerRequestFilter.doFilter(OncePerRequestFilter.java:117)
	at org.apache.catalina.core.ApplicationFilterChain.internalDoFilter(ApplicationFilterChain.java:178)
	at org.apache.catalina.core.ApplicationFilterChain.doFilter(ApplicationFilterChain.java:153)
	at org.springframework.web.servlet.v3_1.OpenTelemetryHandlerMappingFilter.doFilter(OpenTelemetryHandlerMappingFilter.java:83)
	at org.apache.catalina.core.ApplicationFilterChain.internalDoFilter(ApplicationFilterChain.java:178)
	at org.apache.catalina.core.ApplicationFilterChain.doFilter(ApplicationFilterChain.java:153)
	at org.springframework.boot.actuate.metrics.web.servlet.WebMvcMetricsFilter.doFilterInternal(WebMvcMetricsFilter.java:96)
	at org.springframework.web.filter.OncePerRequestFilter.doFilter(OncePerRequestFilter.java:117)
	at org.apache.catalina.core.ApplicationFilterChain.internalDoFilter(ApplicationFilterChain.java:178)
	at org.apache.catalina.core.ApplicationFilterChain.doFilter(ApplicationFilterChain.java:153)
	at org.springframework.web.filter.CharacterEncodingFilter.doFilterInternal(CharacterEncodingFilter.java:201)
	at org.springframework.web.filter.OncePerRequestFilter.doFilter(OncePerRequestFilter.java:117)
	at org.apache.catalina.core.ApplicationFilterChain.internalDoFilter(ApplicationFilterChain.java:178)
	at org.apache.catalina.core.ApplicationFilterChain.doFilter(ApplicationFilterChain.java:153)
	at org.apache.catalina.core.StandardWrapperValve.invoke(StandardWrapperValve.java:168)
	at org.apache.catalina.core.StandardContextValve.invoke(StandardContextValve.java:90)
	at org.apache.catalina.authenticator.AuthenticatorBase.invoke(AuthenticatorBase.java:481)
	at org.apache.catalina.core.StandardHostValve.invoke(StandardHostValve.java:130)
	at org.apache.catalina.valves.ErrorReportValve.invoke(ErrorReportValve.java:93)
	at org.apache.catalina.core.StandardEngineValve.invoke(StandardEngineValve.java:74)
	at org.apache.catalina.valves.AbstractAccessLogValve.invoke(AbstractAccessLogValve.java:670)
	at org.apache.catalina.connector.CoyoteAdapter.service(CoyoteAdapter.java:342)
	at org.apache.coyote.http11.Http11Processor.service(Http11Processor.java:390)
	at org.apache.coyote.AbstractProcessorLight.process(AbstractProcessorLight.java:63)
	at org.apache.coyote.AbstractProtocol$ConnectionHandler.process(AbstractProtocol.java:928)
	at org.apache.tomcat.util.net.NioEndpoint$SocketProcessor.doRun(NioEndpoint.java:1794)
	at org.apache.tomcat.util.net.SocketProcessorBase.run(SocketProcessorBase.java:52)
	at org.apache.tomcat.util.threads.ThreadPoolExecutor.runWorker(ThreadPoolExecutor.java:1191)
	at org.apache.tomcat.util.threads.ThreadPoolExecutor$Worker.run(ThreadPoolExecutor.java:659)
	at org.apache.tomcat.util.threads.TaskThread$WrappingRunnable.run(TaskThread.java:61)
	at java.base/java.lang.Thread.run(Thread.java:833)
Logback 2025-04-17 15:54:38 INFO  o.g.HelloObservabilityBootApp:55 - trkid= traceID=0 span_id=0 - Starting HelloObservabilityBootApp v2.6.3-SNAPSHOT using Java 17.0.2 on 31dbf8872b1a with PID 1 (/app.jar started by root in /)
Logback 2025-04-17 15:54:38 INFO  o.g.HelloObservabilityBootApp:632 - trkid= traceID=0 span_id=0 - No active profile set, falling back to 1 default profile: "default"
Logback 2025-04-17 15:54:41 INFO  o.s.c.c.s.GenericScope:283 - trkid= traceID=0 span_id=0 - BeanFactory id=6184d3dd-76f5-328e-af3f-b6c98cac5e23
Logback 2025-04-17 15:54:42 INFO  o.s.b.w.e.t.TomcatWebServer:108 - trkid= traceID=0 span_id=0 - Tomcat initialized with port(s): 8080 (http)
Logback 2025-04-17 15:54:42 INFO  o.a.c.h.Http11NioProtocol:173 - trkid= traceID=0 span_id=0 - Initializing ProtocolHandler ["http-nio-8080"]
Logback 2025-04-17 15:54:42 INFO  o.a.c.c.StandardService:173 - trkid= traceID=0 span_id=0 - Starting service [Tomcat]
Logback 2025-04-17 15:54:42 INFO  o.a.c.c.StandardEngine:173 - trkid= traceID=0 span_id=0 - Starting Servlet engine: [Apache Tomcat/9.0.83]
Logback 2025-04-17 15:54:42 INFO  o.a.c.c.C.[.[.[/]:173 - trkid= traceID=0 span_id=0 - Initializing Spring embedded WebApplicationContext
Logback 2025-04-17 15:54:42 INFO  o.s.b.w.s.c.ServletWebServerApplicationContext:292 - trkid= traceID=0 span_id=0 - Root WebApplicationContext: initialization completed in 4431 ms
Logback 2025-04-17 15:54:43 DEBUG o.s.w.f.CommonsRequestLoggingFilter:242 - trkid= traceID=0 span_id=0 - Filter 'logFilter' configured for use
Logback 2025-04-17 15:54:45 INFO  o.s.b.a.e.w.EndpointLinksResolver:58 - trkid= traceID=0 span_id=0 - Exposing 1 endpoint(s) beneath base path '/actuator'
Logback 2025-04-17 15:54:45 INFO  o.a.c.h.Http11NioProtocol:173 - trkid= traceID=0 span_id=0 - Starting ProtocolHandler ["http-nio-8080"]
Logback 2025-04-17 15:54:45 INFO  o.s.b.w.e.t.TomcatWebServer:220 - trkid= traceID=0 span_id=0 - Tomcat started on port(s): 8080 (http) with context path ''
Logback 2025-04-17 15:54:45 INFO  o.g.HelloObservabilityBootApp:61 - trkid= traceID=0 span_id=0 - Started HelloObservabilityBootApp in 8.759 seconds (JVM running for 14.858)
Logback 2025-04-17 16:03:08 INFO  o.a.c.c.C.[.[.[/]:173 - trkid= traceID=6905454f06ee31d5cc2fe7472a76a5c1 span_id=be2ade02ed818788 - Initializing Spring DispatcherServlet 'dispatcherServlet'
Logback 2025-04-17 16:03:08 INFO  o.s.w.s.DispatcherServlet:525 - trkid= traceID=6905454f06ee31d5cc2fe7472a76a5c1 span_id=be2ade02ed818788 - Initializing Servlet 'dispatcherServlet'
Logback 2025-04-17 16:03:08 INFO  o.s.w.s.DispatcherServlet:547 - trkid= traceID=6905454f06ee31d5cc2fe7472a76a5c1 span_id=be2ade02ed818788 - Completed initialization in 3 ms
Logback 2025-04-17 16:03:08 INFO  o.g.c.f.AppMonitor:113 - trkid= traceID=6905454f06ee31d5cc2fe7472a76a5c1 span_id=be2ade02ed818788 - action=statisticsEvent event=/start-all serviceStatusCode=200 responseTime=200 description="init Trx"
Logback 2025-04-17 16:03:08 DEBUG o.s.w.f.CommonsRequestLoggingFilter:47 - trkid= traceID=6905454f06ee31d5cc2fe7472a76a5c1 span_id=be2ade02ed818788 - Before request [GET /start-all, client=172.19.0.8, headers=[accept:"application/json, text/plain, */*", user-agent:"axios/1.8.4", accept-encoding:"gzip, compress, deflate, br", traceparent:"00-6905454f06ee31d5cc2fe7472a76a5c1-9c37910a5b26ef64-01", host:"ms-hello-observability-services.applications.svc.cluster.local:8080", connection:"close"]]
Logback 2025-04-17 16:03:10 DEBUG o.s.w.f.CommonsRequestLoggingFilter:55 - trkid= traceID=6905454f06ee31d5cc2fe7472a76a5c1 span_id=be2ade02ed818788 - After request [GET /start-all, client=172.19.0.8, headers=[accept:"application/json, text/plain, */*", user-agent:"axios/1.8.4", accept-encoding:"gzip, compress, deflate, br", traceparent:"00-6905454f06ee31d5cc2fe7472a76a5c1-9c37910a5b26ef64-01", host:"ms-hello-observability-services.applications.svc.cluster.local:8080", connection:"close"]]
Logback 2025-04-17 16:03:10 INFO  o.g.c.f.AppMonitor:113 - trkid= traceID=6905454f06ee31d5cc2fe7472a76a5c1 span_id=be2ade02ed818788 - action=statisticsRequest uri=/start-all responseStatus=200 serviceStatusCode=200 httpStatusCode=200 responseTime=1945 description="Finish Trx org.apache.catalina.core.ApplicationContextFacade@605c47f7 | null"
Logback 2025-04-17 16:04:47 INFO  o.g.c.f.AppMonitor:113 - trkid= traceID=5f12bed33e308a6ff42e4f2a85eb949f span_id=d997d5b947c0babf - action=statisticsEvent event=/start-all serviceStatusCode=200 responseTime=200 description="init Trx"
Logback 2025-04-17 16:04:47 DEBUG o.s.w.f.CommonsRequestLoggingFilter:47 - trkid= traceID=5f12bed33e308a6ff42e4f2a85eb949f span_id=d997d5b947c0babf - Before request [GET /start-all, client=172.19.0.8, headers=[accept:"application/json, text/plain, */*", user-agent:"axios/1.8.4", accept-encoding:"gzip, compress, deflate, br", traceparent:"00-5f12bed33e308a6ff42e4f2a85eb949f-1b34346923c3d91b-01", host:"ms-hello-observability-services.applications.svc.cluster.local:8080", connection:"close"]]
Logback 2025-04-17 16:04:50 DEBUG o.s.w.f.CommonsRequestLoggingFilter:55 - trkid= traceID=5f12bed33e308a6ff42e4f2a85eb949f span_id=d997d5b947c0babf - After request [GET /start-all, client=172.19.0.8, headers=[accept:"application/json, text/plain, */*", user-agent:"axios/1.8.4", accept-encoding:"gzip, compress, deflate, br", traceparent:"00-5f12bed33e308a6ff42e4f2a85eb949f-1b34346923c3d91b-01", host:"ms-hello-observability-services.applications.svc.cluster.local:8080", connection:"close"]]
Logback 2025-04-17 16:04:50 INFO  o.g.c.f.AppMonitor:113 - trkid= traceID=5f12bed33e308a6ff42e4f2a85eb949f span_id=d997d5b947c0babf - action=statisticsRequest uri=/start-all responseStatus=200 serviceStatusCode=200 httpStatusCode=200 responseTime=2192 description="Finish Trx org.apache.catalina.core.ApplicationContextFacade@605c47f7 | null"
Logback 2025-04-17 16:27:35 INFO  o.g.HelloObservabilityBootApp:55 - trkid= traceID=0 span_id=0 - Starting HelloObservabilityBootApp v2.6.3-SNAPSHOT using Java 17.0.2 on 7f107fc91fdc with PID 1 (/app.jar started by root in /)
Logback 2025-04-17 16:27:35 INFO  o.g.HelloObservabilityBootApp:632 - trkid= traceID=0 span_id=0 - No active profile set, falling back to 1 default profile: "default"
Logback 2025-04-17 16:27:38 INFO  o.s.c.c.s.GenericScope:283 - trkid= traceID=0 span_id=0 - BeanFactory id=6184d3dd-76f5-328e-af3f-b6c98cac5e23
Logback 2025-04-17 16:27:39 INFO  o.s.b.w.e.t.TomcatWebServer:108 - trkid= traceID=0 span_id=0 - Tomcat initialized with port(s): 8080 (http)
Logback 2025-04-17 16:27:39 INFO  o.a.c.h.Http11NioProtocol:173 - trkid= traceID=0 span_id=0 - Initializing ProtocolHandler ["http-nio-8080"]
Logback 2025-04-17 16:27:39 INFO  o.a.c.c.StandardService:173 - trkid= traceID=0 span_id=0 - Starting service [Tomcat]
Logback 2025-04-17 16:27:39 INFO  o.a.c.c.StandardEngine:173 - trkid= traceID=0 span_id=0 - Starting Servlet engine: [Apache Tomcat/9.0.83]
Logback 2025-04-17 16:27:39 INFO  o.a.c.c.C.[.[.[/]:173 - trkid= traceID=0 span_id=0 - Initializing Spring embedded WebApplicationContext
Logback 2025-04-17 16:27:39 INFO  o.s.b.w.s.c.ServletWebServerApplicationContext:292 - trkid= traceID=0 span_id=0 - Root WebApplicationContext: initialization completed in 3717 ms
Logback 2025-04-17 16:27:40 DEBUG o.s.w.f.CommonsRequestLoggingFilter:242 - trkid= traceID=0 span_id=0 - Filter 'logFilter' configured for use
Logback 2025-04-17 16:27:41 INFO  o.s.b.a.e.w.EndpointLinksResolver:58 - trkid= traceID=0 span_id=0 - Exposing 1 endpoint(s) beneath base path '/actuator'
Logback 2025-04-17 16:27:41 INFO  o.a.c.h.Http11NioProtocol:173 - trkid= traceID=0 span_id=0 - Starting ProtocolHandler ["http-nio-8080"]
Logback 2025-04-17 16:27:41 INFO  o.s.b.w.e.t.TomcatWebServer:220 - trkid= traceID=0 span_id=0 - Tomcat started on port(s): 8080 (http) with context path ''
Logback 2025-04-17 16:27:41 INFO  o.g.HelloObservabilityBootApp:61 - trkid= traceID=0 span_id=0 - Started HelloObservabilityBootApp in 8.325 seconds (JVM running for 14.629)
Logback 2025-04-17 16:27:58 INFO  o.a.c.c.C.[.[.[/]:173 - trkid= traceID=573942be601c20c13045b60ebd28d7da span_id=809fc00cb54a05a1 - Initializing Spring DispatcherServlet 'dispatcherServlet'
Logback 2025-04-17 16:27:58 INFO  o.s.w.s.DispatcherServlet:525 - trkid= traceID=573942be601c20c13045b60ebd28d7da span_id=809fc00cb54a05a1 - Initializing Servlet 'dispatcherServlet'
Logback 2025-04-17 16:27:58 INFO  o.s.w.s.DispatcherServlet:547 - trkid= traceID=573942be601c20c13045b60ebd28d7da span_id=809fc00cb54a05a1 - Completed initialization in 2 ms
Logback 2025-04-17 16:27:58 INFO  o.g.c.f.AppMonitor:113 - trkid= traceID=573942be601c20c13045b60ebd28d7da span_id=809fc00cb54a05a1 - action=statisticsEvent event=/start-all serviceStatusCode=200 responseTime=200 description="init Trx"
Logback 2025-04-17 16:27:58 DEBUG o.s.w.f.CommonsRequestLoggingFilter:47 - trkid= traceID=573942be601c20c13045b60ebd28d7da span_id=809fc00cb54a05a1 - Before request [GET /start-all, client=172.19.0.3, headers=[accept:"application/json, text/plain, */*", user-agent:"axios/1.8.4", accept-encoding:"gzip, compress, deflate, br", traceparent:"00-573942be601c20c13045b60ebd28d7da-3a7eda90450c3cff-01", host:"ms-hello-observability-services.applications.svc.cluster.local:8080", connection:"close"]]
Logback 2025-04-17 16:28:01 DEBUG o.s.w.f.CommonsRequestLoggingFilter:55 - trkid= traceID=573942be601c20c13045b60ebd28d7da span_id=809fc00cb54a05a1 - After request [GET /start-all, client=172.19.0.3, headers=[accept:"application/json, text/plain, */*", user-agent:"axios/1.8.4", accept-encoding:"gzip, compress, deflate, br", traceparent:"00-573942be601c20c13045b60ebd28d7da-3a7eda90450c3cff-01", host:"ms-hello-observability-services.applications.svc.cluster.local:8080", connection:"close"]]
Logback 2025-04-17 16:28:01 INFO  o.g.c.f.AppMonitor:113 - trkid= traceID=573942be601c20c13045b60ebd28d7da span_id=809fc00cb54a05a1 - action=statisticsRequest uri=/start-all responseStatus=200 serviceStatusCode=200 httpStatusCode=200 responseTime=2546 description="Finish Trx org.apache.catalina.core.ApplicationContextFacade@4125db45 | null"
Logback 2025-04-17 16:28:39 INFO  o.g.c.f.AppMonitor:113 - trkid= traceID=72af0af38596cb06d7552440f5117b4f span_id=9bb0e1917795915f - action=statisticsEvent event=/start-all serviceStatusCode=200 responseTime=200 description="init Trx"
Logback 2025-04-17 16:28:39 DEBUG o.s.w.f.CommonsRequestLoggingFilter:47 - trkid= traceID=72af0af38596cb06d7552440f5117b4f span_id=9bb0e1917795915f - Before request [GET /start-all, client=172.19.0.3, headers=[accept:"application/json, text/plain, */*", user-agent:"axios/1.8.4", accept-encoding:"gzip, compress, deflate, br", traceparent:"00-72af0af38596cb06d7552440f5117b4f-a8fece9db0c75be6-01", host:"ms-hello-observability-services.applications.svc.cluster.local:8080", connection:"close"]]
Logback 2025-04-17 16:28:42 DEBUG o.s.w.f.CommonsRequestLoggingFilter:55 - trkid= traceID=72af0af38596cb06d7552440f5117b4f span_id=9bb0e1917795915f - After request [GET /start-all, client=172.19.0.3, headers=[accept:"application/json, text/plain, */*", user-agent:"axios/1.8.4", accept-encoding:"gzip, compress, deflate, br", traceparent:"00-72af0af38596cb06d7552440f5117b4f-a8fece9db0c75be6-01", host:"ms-hello-observability-services.applications.svc.cluster.local:8080", connection:"close"]]
Logback 2025-04-17 16:28:42 INFO  o.g.c.f.AppMonitor:113 - trkid= traceID=72af0af38596cb06d7552440f5117b4f span_id=9bb0e1917795915f - action=statisticsRequest uri=/start-all responseStatus=200 serviceStatusCode=200 httpStatusCode=200 responseTime=3078 description="Finish Trx org.apache.catalina.core.ApplicationContextFacade@4125db45 | null"
Logback 2025-04-17 16:28:47 INFO  o.g.c.f.AppMonitor:113 - trkid= traceID=6519401b925ac67d33b5a189bf270c3d span_id=157218c08c69724c - action=statisticsEvent event=/start-all serviceStatusCode=200 responseTime=200 description="init Trx"
Logback 2025-04-17 16:28:47 DEBUG o.s.w.f.CommonsRequestLoggingFilter:47 - trkid= traceID=6519401b925ac67d33b5a189bf270c3d span_id=157218c08c69724c - Before request [GET /start-all, client=172.19.0.3, headers=[accept:"application/json, text/plain, */*", user-agent:"axios/1.8.4", accept-encoding:"gzip, compress, deflate, br", traceparent:"00-6519401b925ac67d33b5a189bf270c3d-a96efa6bb1caa876-01", host:"ms-hello-observability-services.applications.svc.cluster.local:8080", connection:"close"]]
Logback 2025-04-17 16:28:51 DEBUG o.s.w.f.CommonsRequestLoggingFilter:55 - trkid= traceID=6519401b925ac67d33b5a189bf270c3d span_id=157218c08c69724c - After request [GET /start-all, client=172.19.0.3, headers=[accept:"application/json, text/plain, */*", user-agent:"axios/1.8.4", accept-encoding:"gzip, compress, deflate, br", traceparent:"00-6519401b925ac67d33b5a189bf270c3d-a96efa6bb1caa876-01", host:"ms-hello-observability-services.applications.svc.cluster.local:8080", connection:"close"]]
Logback 2025-04-17 16:28:51 INFO  o.g.c.f.AppMonitor:113 - trkid= traceID=6519401b925ac67d33b5a189bf270c3d span_id=157218c08c69724c - action=statisticsRequest uri=/start-all responseStatus=200 serviceStatusCode=200 httpStatusCode=200 responseTime=3782 description="Finish Trx org.apache.catalina.core.ApplicationContextFacade@4125db45 | null"
Logback 2025-04-17 16:29:21 INFO  o.g.c.f.AppMonitor:113 - trkid= traceID=3d69131287e20334feef3688aeb19baf span_id=b8214fc5485c21bf - action=statisticsEvent event=/start-all serviceStatusCode=200 responseTime=200 description="init Trx"
Logback 2025-04-17 16:29:21 DEBUG o.s.w.f.CommonsRequestLoggingFilter:47 - trkid= traceID=3d69131287e20334feef3688aeb19baf span_id=b8214fc5485c21bf - Before request [GET /start-all, client=172.19.0.3, headers=[accept:"application/json, text/plain, */*", user-agent:"axios/1.8.4", accept-encoding:"gzip, compress, deflate, br", traceparent:"00-3d69131287e20334feef3688aeb19baf-1901099183ae896c-01", host:"ms-hello-observability-services.applications.svc.cluster.local:8080", connection:"close"]]
Logback 2025-04-17 16:29:25 DEBUG o.s.w.f.CommonsRequestLoggingFilter:55 - trkid= traceID=3d69131287e20334feef3688aeb19baf span_id=b8214fc5485c21bf - After request [GET /start-all, client=172.19.0.3, headers=[accept:"application/json, text/plain, */*", user-agent:"axios/1.8.4", accept-encoding:"gzip, compress, deflate, br", traceparent:"00-3d69131287e20334feef3688aeb19baf-1901099183ae896c-01", host:"ms-hello-observability-services.applications.svc.cluster.local:8080", connection:"close"]]
Logback 2025-04-17 16:29:25 INFO  o.g.c.f.AppMonitor:113 - trkid= traceID=3d69131287e20334feef3688aeb19baf span_id=b8214fc5485c21bf - action=statisticsRequest uri=/start-all responseStatus=200 serviceStatusCode=200 httpStatusCode=200 responseTime=3785 description="Finish Trx org.apache.catalina.core.ApplicationContextFacade@4125db45 | null"
Logback 2025-04-17 19:27:34 INFO  o.g.HelloObservabilityBootApp:55 - trkid= traceID=0 span_id=0 - Starting HelloObservabilityBootApp v2.6.3-SNAPSHOT using Java 17.0.2 on 6bd8cbac2431 with PID 1 (/app.jar started by root in /)
Logback 2025-04-17 19:27:34 INFO  o.g.HelloObservabilityBootApp:632 - trkid= traceID=0 span_id=0 - No active profile set, falling back to 1 default profile: "default"
Logback 2025-04-17 19:27:37 INFO  o.s.c.c.s.GenericScope:283 - trkid= traceID=0 span_id=0 - BeanFactory id=6184d3dd-76f5-328e-af3f-b6c98cac5e23
Logback 2025-04-17 19:27:38 INFO  o.s.b.w.e.t.TomcatWebServer:108 - trkid= traceID=0 span_id=0 - Tomcat initialized with port(s): 8080 (http)
Logback 2025-04-17 19:27:39 INFO  o.a.c.h.Http11NioProtocol:173 - trkid= traceID=0 span_id=0 - Initializing ProtocolHandler ["http-nio-8080"]
Logback 2025-04-17 19:27:39 INFO  o.a.c.c.StandardService:173 - trkid= traceID=0 span_id=0 - Starting service [Tomcat]
Logback 2025-04-17 19:27:39 INFO  o.a.c.c.StandardEngine:173 - trkid= traceID=0 span_id=0 - Starting Servlet engine: [Apache Tomcat/9.0.83]
Logback 2025-04-17 19:27:39 INFO  o.a.c.c.C.[.[.[/]:173 - trkid= traceID=0 span_id=0 - Initializing Spring embedded WebApplicationContext
Logback 2025-04-17 19:27:39 INFO  o.s.b.w.s.c.ServletWebServerApplicationContext:292 - trkid= traceID=0 span_id=0 - Root WebApplicationContext: initialization completed in 4287 ms
Logback 2025-04-17 19:27:39 DEBUG o.s.w.f.CommonsRequestLoggingFilter:242 - trkid= traceID=0 span_id=0 - Filter 'logFilter' configured for use
Logback 2025-04-17 19:27:41 INFO  o.s.b.a.e.w.EndpointLinksResolver:58 - trkid= traceID=0 span_id=0 - Exposing 1 endpoint(s) beneath base path '/actuator'
Logback 2025-04-17 19:27:41 INFO  o.a.c.h.Http11NioProtocol:173 - trkid= traceID=0 span_id=0 - Starting ProtocolHandler ["http-nio-8080"]
Logback 2025-04-17 19:27:41 INFO  o.s.b.w.e.t.TomcatWebServer:220 - trkid= traceID=0 span_id=0 - Tomcat started on port(s): 8080 (http) with context path ''
Logback 2025-04-17 19:27:41 INFO  o.g.HelloObservabilityBootApp:61 - trkid= traceID=0 span_id=0 - Started HelloObservabilityBootApp in 8.313 seconds (JVM running for 14.852)
Logback 2025-04-17 19:30:29 INFO  o.g.HelloObservabilityBootApp:55 - trkid= traceID=0 span_id=0 - Starting HelloObservabilityBootApp v2.6.3-SNAPSHOT using Java 17.0.2 on 93fb225c58c6 with PID 1 (/app.jar started by root in /)
Logback 2025-04-17 19:30:29 INFO  o.g.HelloObservabilityBootApp:632 - trkid= traceID=0 span_id=0 - No active profile set, falling back to 1 default profile: "default"
Logback 2025-04-17 19:30:32 INFO  o.s.c.c.s.GenericScope:283 - trkid= traceID=0 span_id=0 - BeanFactory id=6184d3dd-76f5-328e-af3f-b6c98cac5e23
Logback 2025-04-17 19:30:33 INFO  o.s.b.w.e.t.TomcatWebServer:108 - trkid= traceID=0 span_id=0 - Tomcat initialized with port(s): 8080 (http)
Logback 2025-04-17 19:30:33 INFO  o.a.c.h.Http11NioProtocol:173 - trkid= traceID=0 span_id=0 - Initializing ProtocolHandler ["http-nio-8080"]
Logback 2025-04-17 19:30:33 INFO  o.a.c.c.StandardService:173 - trkid= traceID=0 span_id=0 - Starting service [Tomcat]
Logback 2025-04-17 19:30:33 INFO  o.a.c.c.StandardEngine:173 - trkid= traceID=0 span_id=0 - Starting Servlet engine: [Apache Tomcat/9.0.83]
Logback 2025-04-17 19:30:33 INFO  o.a.c.c.C.[.[.[/]:173 - trkid= traceID=0 span_id=0 - Initializing Spring embedded WebApplicationContext
Logback 2025-04-17 19:30:33 INFO  o.s.b.w.s.c.ServletWebServerApplicationContext:292 - trkid= traceID=0 span_id=0 - Root WebApplicationContext: initialization completed in 3873 ms
Logback 2025-04-17 19:30:34 DEBUG o.s.w.f.CommonsRequestLoggingFilter:242 - trkid= traceID=0 span_id=0 - Filter 'logFilter' configured for use
Logback 2025-04-17 19:30:35 INFO  o.s.b.a.e.w.EndpointLinksResolver:58 - trkid= traceID=0 span_id=0 - Exposing 1 endpoint(s) beneath base path '/actuator'
Logback 2025-04-17 19:30:35 INFO  o.a.c.h.Http11NioProtocol:173 - trkid= traceID=0 span_id=0 - Starting ProtocolHandler ["http-nio-8080"]
Logback 2025-04-17 19:30:35 INFO  o.s.b.w.e.t.TomcatWebServer:220 - trkid= traceID=0 span_id=0 - Tomcat started on port(s): 8080 (http) with context path ''
Logback 2025-04-17 19:30:35 INFO  o.g.HelloObservabilityBootApp:61 - trkid= traceID=0 span_id=0 - Started HelloObservabilityBootApp in 7.886 seconds (JVM running for 13.799)
Logback 2025-04-17 19:30:55 INFO  o.a.c.c.C.[.[.[/]:173 - trkid= traceID=6eee5389cc36f80f28ce87146cf6d310 span_id=5481a6229648c6ef - Initializing Spring DispatcherServlet 'dispatcherServlet'
Logback 2025-04-17 19:30:55 INFO  o.s.w.s.DispatcherServlet:525 - trkid= traceID=6eee5389cc36f80f28ce87146cf6d310 span_id=5481a6229648c6ef - Initializing Servlet 'dispatcherServlet'
Logback 2025-04-17 19:30:55 INFO  o.s.w.s.DispatcherServlet:547 - trkid= traceID=6eee5389cc36f80f28ce87146cf6d310 span_id=5481a6229648c6ef - Completed initialization in 2 ms
Logback 2025-04-17 19:30:55 INFO  o.g.c.f.AppMonitor:113 - trkid= traceID=6eee5389cc36f80f28ce87146cf6d310 span_id=5481a6229648c6ef - action=statisticsEvent event=/start-all serviceStatusCode=200 responseTime=200 description="init Trx"
Logback 2025-04-17 19:30:55 DEBUG o.s.w.f.CommonsRequestLoggingFilter:47 - trkid= traceID=6eee5389cc36f80f28ce87146cf6d310 span_id=5481a6229648c6ef - Before request [GET /start-all, client=172.19.0.5, headers=[accept:"application/json, text/plain, */*", user-agent:"axios/1.8.4", accept-encoding:"gzip, compress, deflate, br", traceparent:"00-6eee5389cc36f80f28ce87146cf6d310-1c42147ad08927bc-01", host:"ms-hello-observability-services.applications.svc.cluster.local:8080", connection:"close"]]
Logback 2025-04-17 19:30:58 DEBUG o.s.w.f.CommonsRequestLoggingFilter:55 - trkid= traceID=6eee5389cc36f80f28ce87146cf6d310 span_id=5481a6229648c6ef - After request [GET /start-all, client=172.19.0.5, headers=[accept:"application/json, text/plain, */*", user-agent:"axios/1.8.4", accept-encoding:"gzip, compress, deflate, br", traceparent:"00-6eee5389cc36f80f28ce87146cf6d310-1c42147ad08927bc-01", host:"ms-hello-observability-services.applications.svc.cluster.local:8080", connection:"close"]]
Logback 2025-04-17 19:30:58 INFO  o.g.c.f.AppMonitor:113 - trkid= traceID=6eee5389cc36f80f28ce87146cf6d310 span_id=5481a6229648c6ef - action=statisticsRequest uri=/start-all responseStatus=200 serviceStatusCode=200 httpStatusCode=200 responseTime=2856 description="Finish Trx org.apache.catalina.core.ApplicationContextFacade@19138c80 | null"
Logback 2025-04-17 19:31:38 INFO  o.g.c.f.AppMonitor:113 - trkid= traceID=e34d9d27c3a75e17447afac9ba1a227b span_id=6908059b88373d43 - action=statisticsEvent event=/start-all serviceStatusCode=200 responseTime=200 description="init Trx"
Logback 2025-04-17 19:31:38 DEBUG o.s.w.f.CommonsRequestLoggingFilter:47 - trkid= traceID=e34d9d27c3a75e17447afac9ba1a227b span_id=6908059b88373d43 - Before request [GET /start-all, client=172.19.0.5, headers=[accept:"application/json, text/plain, */*", user-agent:"axios/1.8.4", accept-encoding:"gzip, compress, deflate, br", traceparent:"00-e34d9d27c3a75e17447afac9ba1a227b-f6577780cca97972-01", host:"ms-hello-observability-services.applications.svc.cluster.local:8080", connection:"close"]]
Logback 2025-04-17 19:31:38 DEBUG o.s.w.f.CommonsRequestLoggingFilter:55 - trkid= traceID=e34d9d27c3a75e17447afac9ba1a227b span_id=6908059b88373d43 - After request [GET /start-all, client=172.19.0.5, headers=[accept:"application/json, text/plain, */*", user-agent:"axios/1.8.4", accept-encoding:"gzip, compress, deflate, br", traceparent:"00-e34d9d27c3a75e17447afac9ba1a227b-f6577780cca97972-01", host:"ms-hello-observability-services.applications.svc.cluster.local:8080", connection:"close"]]
Logback 2025-04-17 19:31:38 ERROR o.a.c.c.C.[.[.[.[dispatcherServlet]:175 - trkid= traceID=e34d9d27c3a75e17447afac9ba1a227b span_id=6908059b88373d43 - Servlet.service() for servlet [dispatcherServlet] in context with path [] threw exception
java.io.IOException: Random error with /start-customer!
	at org.grafana.controller.PrincipalController.randomError(PrincipalController.java:162)
	at org.grafana.controller.PrincipalController.startCustomer(PrincipalController.java:82)
	at org.grafana.controller.PrincipalController.startProcess(PrincipalController.java:52)
	at java.base/jdk.internal.reflect.NativeMethodAccessorImpl.invoke0(Native Method)
	at java.base/jdk.internal.reflect.NativeMethodAccessorImpl.invoke(NativeMethodAccessorImpl.java:77)
	at java.base/jdk.internal.reflect.DelegatingMethodAccessorImpl.invoke(DelegatingMethodAccessorImpl.java:43)
	at java.base/java.lang.reflect.Method.invoke(Method.java:568)
	at org.springframework.web.method.support.InvocableHandlerMethod.doInvoke(InvocableHandlerMethod.java:205)
	at org.springframework.web.method.support.InvocableHandlerMethod.invokeForRequest(InvocableHandlerMethod.java:150)
	at org.springframework.web.servlet.mvc.method.annotation.ServletInvocableHandlerMethod.invokeAndHandle(ServletInvocableHandlerMethod.java:117)
	at org.springframework.web.servlet.mvc.method.annotation.RequestMappingHandlerAdapter.invokeHandlerMethod(RequestMappingHandlerAdapter.java:895)
	at org.springframework.web.servlet.mvc.method.annotation.RequestMappingHandlerAdapter.handleInternal(RequestMappingHandlerAdapter.java:808)
	at org.springframework.web.servlet.mvc.method.AbstractHandlerMethodAdapter.handle(AbstractHandlerMethodAdapter.java:87)
	at org.springframework.web.servlet.DispatcherServlet.doDispatch(DispatcherServlet.java:1072)
	at org.springframework.web.servlet.DispatcherServlet.doService(DispatcherServlet.java:965)
	at org.springframework.web.servlet.FrameworkServlet.processRequest(FrameworkServlet.java:1006)
	at org.springframework.web.servlet.FrameworkServlet.doGet(FrameworkServlet.java:898)
	at javax.servlet.http.HttpServlet.service(HttpServlet.java:529)
	at org.springframework.web.servlet.FrameworkServlet.service(FrameworkServlet.java:883)
	at javax.servlet.http.HttpServlet.service(HttpServlet.java:623)
	at org.apache.catalina.core.ApplicationFilterChain.internalDoFilter(ApplicationFilterChain.java:209)
	at org.apache.catalina.core.ApplicationFilterChain.doFilter(ApplicationFilterChain.java:153)
	at org.apache.tomcat.websocket.server.WsFilter.doFilter(WsFilter.java:51)
	at org.apache.catalina.core.ApplicationFilterChain.internalDoFilter(ApplicationFilterChain.java:178)
	at org.apache.catalina.core.ApplicationFilterChain.doFilter(ApplicationFilterChain.java:153)
	at org.springframework.web.filter.AbstractRequestLoggingFilter.doFilterInternal(AbstractRequestLoggingFilter.java:289)
	at org.springframework.web.filter.OncePerRequestFilter.doFilter(OncePerRequestFilter.java:117)
	at org.apache.catalina.core.ApplicationFilterChain.internalDoFilter(ApplicationFilterChain.java:178)
	at org.apache.catalina.core.ApplicationFilterChain.doFilter(ApplicationFilterChain.java:153)
	at org.grafana.config.filter.FilterAsInterceptorAdapter.doFilter(FilterAsInterceptorAdapter.java:25)
	at org.apache.catalina.core.ApplicationFilterChain.internalDoFilter(ApplicationFilterChain.java:178)
	at org.apache.catalina.core.ApplicationFilterChain.doFilter(ApplicationFilterChain.java:153)
	at org.springframework.web.filter.RequestContextFilter.doFilterInternal(RequestContextFilter.java:100)
	at org.springframework.web.filter.OncePerRequestFilter.doFilter(OncePerRequestFilter.java:117)
	at org.apache.catalina.core.ApplicationFilterChain.internalDoFilter(ApplicationFilterChain.java:178)
	at org.apache.catalina.core.ApplicationFilterChain.doFilter(ApplicationFilterChain.java:153)
	at org.springframework.web.filter.FormContentFilter.doFilterInternal(FormContentFilter.java:93)
	at org.springframework.web.filter.OncePerRequestFilter.doFilter(OncePerRequestFilter.java:117)
	at org.apache.catalina.core.ApplicationFilterChain.internalDoFilter(ApplicationFilterChain.java:178)
	at org.apache.catalina.core.ApplicationFilterChain.doFilter(ApplicationFilterChain.java:153)
	at org.springframework.web.servlet.v3_1.OpenTelemetryHandlerMappingFilter.doFilter(OpenTelemetryHandlerMappingFilter.java:83)
	at org.apache.catalina.core.ApplicationFilterChain.internalDoFilter(ApplicationFilterChain.java:178)
	at org.apache.catalina.core.ApplicationFilterChain.doFilter(ApplicationFilterChain.java:153)
	at org.springframework.boot.actuate.metrics.web.servlet.WebMvcMetricsFilter.doFilterInternal(WebMvcMetricsFilter.java:96)
	at org.springframework.web.filter.OncePerRequestFilter.doFilter(OncePerRequestFilter.java:117)
	at org.apache.catalina.core.ApplicationFilterChain.internalDoFilter(ApplicationFilterChain.java:178)
	at org.apache.catalina.core.ApplicationFilterChain.doFilter(ApplicationFilterChain.java:153)
	at org.springframework.web.filter.CharacterEncodingFilter.doFilterInternal(CharacterEncodingFilter.java:201)
	at org.springframework.web.filter.OncePerRequestFilter.doFilter(OncePerRequestFilter.java:117)
	at org.apache.catalina.core.ApplicationFilterChain.internalDoFilter(ApplicationFilterChain.java:178)
	at org.apache.catalina.core.ApplicationFilterChain.doFilter(ApplicationFilterChain.java:153)
	at org.apache.catalina.core.StandardWrapperValve.invoke(StandardWrapperValve.java:168)
	at org.apache.catalina.core.StandardContextValve.invoke(StandardContextValve.java:90)
	at org.apache.catalina.authenticator.AuthenticatorBase.invoke(AuthenticatorBase.java:481)
	at org.apache.catalina.core.StandardHostValve.invoke(StandardHostValve.java:130)
	at org.apache.catalina.valves.ErrorReportValve.invoke(ErrorReportValve.java:93)
	at org.apache.catalina.core.StandardEngineValve.invoke(StandardEngineValve.java:74)
	at org.apache.catalina.valves.AbstractAccessLogValve.invoke(AbstractAccessLogValve.java:670)
	at org.apache.catalina.connector.CoyoteAdapter.service(CoyoteAdapter.java:342)
	at org.apache.coyote.http11.Http11Processor.service(Http11Processor.java:390)
	at org.apache.coyote.AbstractProcessorLight.process(AbstractProcessorLight.java:63)
	at org.apache.coyote.AbstractProtocol$ConnectionHandler.process(AbstractProtocol.java:928)
	at org.apache.tomcat.util.net.NioEndpoint$SocketProcessor.doRun(NioEndpoint.java:1794)
	at org.apache.tomcat.util.net.SocketProcessorBase.run(SocketProcessorBase.java:52)
	at org.apache.tomcat.util.threads.ThreadPoolExecutor.runWorker(ThreadPoolExecutor.java:1191)
	at org.apache.tomcat.util.threads.ThreadPoolExecutor$Worker.run(ThreadPoolExecutor.java:659)
	at org.apache.tomcat.util.threads.TaskThread$WrappingRunnable.run(TaskThread.java:61)
	at java.base/java.lang.Thread.run(Thread.java:833)
Logback 2025-04-17 19:32:01 INFO  o.g.c.f.AppMonitor:113 - trkid= traceID=49886a21ee486b779f80e4702f7ababd span_id=faaf0794bd4c780d - action=statisticsEvent event=/start-all serviceStatusCode=200 responseTime=200 description="init Trx"
Logback 2025-04-17 19:32:01 DEBUG o.s.w.f.CommonsRequestLoggingFilter:47 - trkid= traceID=49886a21ee486b779f80e4702f7ababd span_id=faaf0794bd4c780d - Before request [GET /start-all, client=172.19.0.5, headers=[accept:"application/json, text/plain, */*", user-agent:"axios/1.8.4", accept-encoding:"gzip, compress, deflate, br", traceparent:"00-49886a21ee486b779f80e4702f7ababd-aed275626426277e-01", host:"ms-hello-observability-services.applications.svc.cluster.local:8080", connection:"close"]]
Logback 2025-04-17 19:32:03 DEBUG o.s.w.f.CommonsRequestLoggingFilter:55 - trkid= traceID=49886a21ee486b779f80e4702f7ababd span_id=faaf0794bd4c780d - After request [GET /start-all, client=172.19.0.5, headers=[accept:"application/json, text/plain, */*", user-agent:"axios/1.8.4", accept-encoding:"gzip, compress, deflate, br", traceparent:"00-49886a21ee486b779f80e4702f7ababd-aed275626426277e-01", host:"ms-hello-observability-services.applications.svc.cluster.local:8080", connection:"close"]]
Logback 2025-04-17 19:32:03 INFO  o.g.c.f.AppMonitor:113 - trkid= traceID=49886a21ee486b779f80e4702f7ababd span_id=faaf0794bd4c780d - action=statisticsRequest uri=/start-all responseStatus=200 serviceStatusCode=200 httpStatusCode=200 responseTime=2157 description="Finish Trx org.apache.catalina.core.ApplicationContextFacade@19138c80 | null"
Logback 2025-04-17 19:32:09 INFO  o.g.c.f.AppMonitor:113 - trkid= traceID=11fc4623dc2eb6fbcecda2060ab42c30 span_id=f781ca68babef660 - action=statisticsEvent event=/start-all serviceStatusCode=200 responseTime=200 description="init Trx"
Logback 2025-04-17 19:32:09 DEBUG o.s.w.f.CommonsRequestLoggingFilter:47 - trkid= traceID=11fc4623dc2eb6fbcecda2060ab42c30 span_id=f781ca68babef660 - Before request [GET /start-all, client=172.19.0.5, headers=[accept:"application/json, text/plain, */*", user-agent:"axios/1.8.4", accept-encoding:"gzip, compress, deflate, br", traceparent:"00-11fc4623dc2eb6fbcecda2060ab42c30-7403bb9ce0ab9969-01", host:"ms-hello-observability-services.applications.svc.cluster.local:8080", connection:"close"]]
Logback 2025-04-17 19:32:12 DEBUG o.s.w.f.CommonsRequestLoggingFilter:55 - trkid= traceID=11fc4623dc2eb6fbcecda2060ab42c30 span_id=f781ca68babef660 - After request [GET /start-all, client=172.19.0.5, headers=[accept:"application/json, text/plain, */*", user-agent:"axios/1.8.4", accept-encoding:"gzip, compress, deflate, br", traceparent:"00-11fc4623dc2eb6fbcecda2060ab42c30-7403bb9ce0ab9969-01", host:"ms-hello-observability-services.applications.svc.cluster.local:8080", connection:"close"]]
Logback 2025-04-17 19:32:12 INFO  o.g.c.f.AppMonitor:113 - trkid= traceID=11fc4623dc2eb6fbcecda2060ab42c30 span_id=f781ca68babef660 - action=statisticsRequest uri=/start-all responseStatus=200 serviceStatusCode=200 httpStatusCode=200 responseTime=3143 description="Finish Trx org.apache.catalina.core.ApplicationContextFacade@19138c80 | null"
Logback 2025-04-17 19:32:16 INFO  o.g.c.f.AppMonitor:113 - trkid= traceID=af4366103c2cc3b7058b3b2db6045f1f span_id=6783b57e25825342 - action=statisticsEvent event=/start-all serviceStatusCode=200 responseTime=200 description="init Trx"
Logback 2025-04-17 19:32:16 DEBUG o.s.w.f.CommonsRequestLoggingFilter:47 - trkid= traceID=af4366103c2cc3b7058b3b2db6045f1f span_id=6783b57e25825342 - Before request [GET /start-all, client=172.19.0.5, headers=[accept:"application/json, text/plain, */*", user-agent:"axios/1.8.4", accept-encoding:"gzip, compress, deflate, br", traceparent:"00-af4366103c2cc3b7058b3b2db6045f1f-c291e9bcb16e0451-01", host:"ms-hello-observability-services.applications.svc.cluster.local:8080", connection:"close"]]
Logback 2025-04-17 19:32:18 DEBUG o.s.w.f.CommonsRequestLoggingFilter:55 - trkid= traceID=af4366103c2cc3b7058b3b2db6045f1f span_id=6783b57e25825342 - After request [GET /start-all, client=172.19.0.5, headers=[accept:"application/json, text/plain, */*", user-agent:"axios/1.8.4", accept-encoding:"gzip, compress, deflate, br", traceparent:"00-af4366103c2cc3b7058b3b2db6045f1f-c291e9bcb16e0451-01", host:"ms-hello-observability-services.applications.svc.cluster.local:8080", connection:"close"]]
Logback 2025-04-17 19:32:18 INFO  o.g.c.f.AppMonitor:113 - trkid= traceID=af4366103c2cc3b7058b3b2db6045f1f span_id=6783b57e25825342 - action=statisticsRequest uri=/start-all responseStatus=200 serviceStatusCode=200 httpStatusCode=200 responseTime=2371 description="Finish Trx org.apache.catalina.core.ApplicationContextFacade@19138c80 | null"
Logback 2025-04-17 19:39:58 INFO  o.g.c.f.AppMonitor:113 - trkid= traceID=0cd967b10b9ff337950ddd24b6a11e50 span_id=876247b36b90d259 - action=statisticsEvent event=/start-all serviceStatusCode=200 responseTime=200 description="init Trx"
Logback 2025-04-17 19:39:58 DEBUG o.s.w.f.CommonsRequestLoggingFilter:47 - trkid= traceID=0cd967b10b9ff337950ddd24b6a11e50 span_id=876247b36b90d259 - Before request [GET /start-all, client=172.19.0.5, headers=[accept:"application/json, text/plain, */*", user-agent:"axios/1.8.4", accept-encoding:"gzip, compress, deflate, br", traceparent:"00-0cd967b10b9ff337950ddd24b6a11e50-77ef899011d04457-01", host:"ms-hello-observability-services.applications.svc.cluster.local:8080", connection:"close"]]
Logback 2025-04-17 19:40:00 DEBUG o.s.w.f.CommonsRequestLoggingFilter:55 - trkid= traceID=0cd967b10b9ff337950ddd24b6a11e50 span_id=876247b36b90d259 - After request [GET /start-all, client=172.19.0.5, headers=[accept:"application/json, text/plain, */*", user-agent:"axios/1.8.4", accept-encoding:"gzip, compress, deflate, br", traceparent:"00-0cd967b10b9ff337950ddd24b6a11e50-77ef899011d04457-01", host:"ms-hello-observability-services.applications.svc.cluster.local:8080", connection:"close"]]
Logback 2025-04-17 19:40:00 INFO  o.g.c.f.AppMonitor:113 - trkid= traceID=0cd967b10b9ff337950ddd24b6a11e50 span_id=876247b36b90d259 - action=statisticsRequest uri=/start-all responseStatus=200 serviceStatusCode=200 httpStatusCode=200 responseTime=2074 description="Finish Trx org.apache.catalina.core.ApplicationContextFacade@19138c80 | null"
Logback 2025-04-17 21:48:02 INFO  o.g.HelloObservabilityBootApp:55 - trkid= traceID=0 span_id=0 - Starting HelloObservabilityBootApp v2.6.3-SNAPSHOT using Java 17.0.2 on eca0ddd5c4bd with PID 1 (/app.jar started by root in /)
Logback 2025-04-17 21:48:02 INFO  o.g.HelloObservabilityBootApp:632 - trkid= traceID=0 span_id=0 - No active profile set, falling back to 1 default profile: "default"
Logback 2025-04-17 21:48:06 INFO  o.s.c.c.s.GenericScope:283 - trkid= traceID=0 span_id=0 - BeanFactory id=6184d3dd-76f5-328e-af3f-b6c98cac5e23
Logback 2025-04-17 21:48:08 INFO  o.s.b.w.e.t.TomcatWebServer:108 - trkid= traceID=0 span_id=0 - Tomcat initialized with port(s): 8080 (http)
Logback 2025-04-17 21:48:08 INFO  o.a.c.h.Http11NioProtocol:173 - trkid= traceID=0 span_id=0 - Initializing ProtocolHandler ["http-nio-8080"]
Logback 2025-04-17 21:48:08 INFO  o.a.c.c.StandardService:173 - trkid= traceID=0 span_id=0 - Starting service [Tomcat]
Logback 2025-04-17 21:48:08 INFO  o.a.c.c.StandardEngine:173 - trkid= traceID=0 span_id=0 - Starting Servlet engine: [Apache Tomcat/9.0.83]
Logback 2025-04-17 21:48:09 INFO  o.a.c.c.C.[.[.[/]:173 - trkid= traceID=0 span_id=0 - Initializing Spring embedded WebApplicationContext
Logback 2025-04-17 21:48:09 INFO  o.s.b.w.s.c.ServletWebServerApplicationContext:292 - trkid= traceID=0 span_id=0 - Root WebApplicationContext: initialization completed in 5927 ms
Logback 2025-04-17 21:48:10 DEBUG o.s.w.f.CommonsRequestLoggingFilter:242 - trkid= traceID=0 span_id=0 - Filter 'logFilter' configured for use
Logback 2025-04-17 21:48:11 INFO  o.s.b.a.e.w.EndpointLinksResolver:58 - trkid= traceID=0 span_id=0 - Exposing 1 endpoint(s) beneath base path '/actuator'
Logback 2025-04-17 21:48:11 INFO  o.s.b.w.e.t.TomcatWebServer:220 - trkid= traceID=0 span_id=0 - Tomcat started on port(s): 8080 (http) with context path ''
Logback 2025-04-17 21:48:11 INFO  o.g.HelloObservabilityBootApp:61 - trkid= traceID=0 span_id=0 - Started HelloObservabilityBootApp in 10.557 seconds (JVM running for 17.05)
Logback 2025-04-17 21:49:41 INFO  o.g.HelloObservabilityBootApp:55 - trkid= traceID=0 span_id=0 - Starting HelloObservabilityBootApp v2.6.3-SNAPSHOT using Java 17.0.2 on cede6e0d0799 with PID 1 (/app.jar started by root in /)
Logback 2025-04-17 21:49:41 INFO  o.g.HelloObservabilityBootApp:632 - trkid= traceID=0 span_id=0 - No active profile set, falling back to 1 default profile: "default"
Logback 2025-04-17 21:49:44 INFO  o.s.c.c.s.GenericScope:283 - trkid= traceID=0 span_id=0 - BeanFactory id=6184d3dd-76f5-328e-af3f-b6c98cac5e23
Logback 2025-04-17 21:49:46 INFO  o.s.b.w.e.t.TomcatWebServer:108 - trkid= traceID=0 span_id=0 - Tomcat initialized with port(s): 8080 (http)
Logback 2025-04-17 21:49:46 INFO  o.a.c.h.Http11NioProtocol:173 - trkid= traceID=0 span_id=0 - Initializing ProtocolHandler ["http-nio-8080"]
Logback 2025-04-17 21:49:46 INFO  o.a.c.c.StandardService:173 - trkid= traceID=0 span_id=0 - Starting service [Tomcat]
Logback 2025-04-17 21:49:46 INFO  o.a.c.c.StandardEngine:173 - trkid= traceID=0 span_id=0 - Starting Servlet engine: [Apache Tomcat/9.0.83]
Logback 2025-04-17 21:49:46 INFO  o.a.c.c.C.[.[.[/]:173 - trkid= traceID=0 span_id=0 - Initializing Spring embedded WebApplicationContext
Logback 2025-04-17 21:49:46 INFO  o.s.b.w.s.c.ServletWebServerApplicationContext:292 - trkid= traceID=0 span_id=0 - Root WebApplicationContext: initialization completed in 4842 ms
Logback 2025-04-17 21:49:47 DEBUG o.s.w.f.CommonsRequestLoggingFilter:242 - trkid= traceID=0 span_id=0 - Filter 'logFilter' configured for use
Logback 2025-04-17 21:49:48 INFO  o.s.b.a.e.w.EndpointLinksResolver:58 - trkid= traceID=0 span_id=0 - Exposing 1 endpoint(s) beneath base path '/actuator'
Logback 2025-04-17 21:49:48 INFO  o.a.c.h.Http11NioProtocol:173 - trkid= traceID=0 span_id=0 - Starting ProtocolHandler ["http-nio-8080"]
Logback 2025-04-17 21:49:48 INFO  o.s.b.w.e.t.TomcatWebServer:220 - trkid= traceID=0 span_id=0 - Tomcat started on port(s): 8080 (http) with context path ''
Logback 2025-04-17 21:49:48 INFO  o.g.HelloObservabilityBootApp:61 - trkid= traceID=0 span_id=0 - Started HelloObservabilityBootApp in 8.834 seconds (JVM running for 14.933)
Logback 2025-04-17 21:51:02 INFO  o.a.c.c.C.[.[.[/]:173 - trkid= traceID=8bbe68fd899b66543721366ad5ffe2d6 span_id=8a291b277b9ec159 - Initializing Spring DispatcherServlet 'dispatcherServlet'
Logback 2025-04-17 21:51:02 INFO  o.s.w.s.DispatcherServlet:525 - trkid= traceID=8bbe68fd899b66543721366ad5ffe2d6 span_id=8a291b277b9ec159 - Initializing Servlet 'dispatcherServlet'
Logback 2025-04-17 21:51:02 INFO  o.s.w.s.DispatcherServlet:547 - trkid= traceID=8bbe68fd899b66543721366ad5ffe2d6 span_id=8a291b277b9ec159 - Completed initialization in 3 ms
Logback 2025-04-17 21:51:02 INFO  o.g.c.f.AppMonitor:113 - trkid= traceID=8bbe68fd899b66543721366ad5ffe2d6 span_id=8a291b277b9ec159 - action=statisticsEvent event=/start-all serviceStatusCode=200 responseTime=200 description="init Trx"
Logback 2025-04-17 21:51:02 DEBUG o.s.w.f.CommonsRequestLoggingFilter:47 - trkid= traceID=8bbe68fd899b66543721366ad5ffe2d6 span_id=8a291b277b9ec159 - Before request [GET /start-all, client=172.19.0.2, headers=[accept:"application/json, text/plain, */*", user-agent:"axios/1.8.4", accept-encoding:"gzip, compress, deflate, br", traceparent:"00-8bbe68fd899b66543721366ad5ffe2d6-ba513dab38e01f14-01", host:"ms-hello-observability-services.applications.svc.cluster.local:8080", connection:"close"]]
Logback 2025-04-17 21:51:05 DEBUG o.s.w.f.CommonsRequestLoggingFilter:55 - trkid= traceID=8bbe68fd899b66543721366ad5ffe2d6 span_id=8a291b277b9ec159 - After request [GET /start-all, client=172.19.0.2, headers=[accept:"application/json, text/plain, */*", user-agent:"axios/1.8.4", accept-encoding:"gzip, compress, deflate, br", traceparent:"00-8bbe68fd899b66543721366ad5ffe2d6-ba513dab38e01f14-01", host:"ms-hello-observability-services.applications.svc.cluster.local:8080", connection:"close"]]
Logback 2025-04-17 21:51:05 INFO  o.g.c.f.AppMonitor:113 - trkid= traceID=8bbe68fd899b66543721366ad5ffe2d6 span_id=8a291b277b9ec159 - action=statisticsRequest uri=/start-all responseStatus=200 serviceStatusCode=200 httpStatusCode=200 responseTime=2724 description="Finish Trx org.apache.catalina.core.ApplicationContextFacade@3d0ac810 | null"
Logback 2025-04-17 21:51:56 INFO  o.g.c.f.AppMonitor:113 - trkid= traceID=257bedde41734113b1aacbab04612be9 span_id=5ac426bd7379db81 - action=statisticsEvent event=/start-all serviceStatusCode=200 responseTime=200 description="init Trx"
Logback 2025-04-17 21:51:56 DEBUG o.s.w.f.CommonsRequestLoggingFilter:47 - trkid= traceID=257bedde41734113b1aacbab04612be9 span_id=5ac426bd7379db81 - Before request [GET /start-all, client=172.19.0.2, headers=[accept:"application/json, text/plain, */*", user-agent:"axios/1.8.4", accept-encoding:"gzip, compress, deflate, br", traceparent:"00-257bedde41734113b1aacbab04612be9-59796c44b9d5aa1e-01", host:"ms-hello-observability-services.applications.svc.cluster.local:8080", connection:"close"]]
Logback 2025-04-17 21:51:59 DEBUG o.s.w.f.CommonsRequestLoggingFilter:55 - trkid= traceID=257bedde41734113b1aacbab04612be9 span_id=5ac426bd7379db81 - After request [GET /start-all, client=172.19.0.2, headers=[accept:"application/json, text/plain, */*", user-agent:"axios/1.8.4", accept-encoding:"gzip, compress, deflate, br", traceparent:"00-257bedde41734113b1aacbab04612be9-59796c44b9d5aa1e-01", host:"ms-hello-observability-services.applications.svc.cluster.local:8080", connection:"close"]]
Logback 2025-04-17 21:51:59 INFO  o.g.c.f.AppMonitor:113 - trkid= traceID=257bedde41734113b1aacbab04612be9 span_id=5ac426bd7379db81 - action=statisticsRequest uri=/start-all responseStatus=200 serviceStatusCode=200 httpStatusCode=200 responseTime=2879 description="Finish Trx org.apache.catalina.core.ApplicationContextFacade@3d0ac810 | null"
Logback 2025-04-17 21:59:39 INFO  o.g.c.f.AppMonitor:113 - trkid= traceID=6e426d2d624f9e96150a1e32a11dfdac span_id=9cd5a3dc02bc3a57 - action=statisticsEvent event=/start-all serviceStatusCode=200 responseTime=200 description="init Trx"
Logback 2025-04-17 21:59:39 DEBUG o.s.w.f.CommonsRequestLoggingFilter:47 - trkid= traceID=6e426d2d624f9e96150a1e32a11dfdac span_id=9cd5a3dc02bc3a57 - Before request [GET /start-all, client=172.19.0.2, headers=[accept:"application/json, text/plain, */*", user-agent:"axios/1.8.4", accept-encoding:"gzip, compress, deflate, br", traceparent:"00-6e426d2d624f9e96150a1e32a11dfdac-49e9d279a23f4444-01", host:"ms-hello-observability-services.applications.svc.cluster.local:8080", connection:"close"]]
Logback 2025-04-17 21:59:40 DEBUG o.s.w.f.CommonsRequestLoggingFilter:55 - trkid= traceID=6e426d2d624f9e96150a1e32a11dfdac span_id=9cd5a3dc02bc3a57 - After request [GET /start-all, client=172.19.0.2, headers=[accept:"application/json, text/plain, */*", user-agent:"axios/1.8.4", accept-encoding:"gzip, compress, deflate, br", traceparent:"00-6e426d2d624f9e96150a1e32a11dfdac-49e9d279a23f4444-01", host:"ms-hello-observability-services.applications.svc.cluster.local:8080", connection:"close"]]
Logback 2025-04-17 21:59:40 INFO  o.g.c.f.AppMonitor:113 - trkid= traceID=6e426d2d624f9e96150a1e32a11dfdac span_id=9cd5a3dc02bc3a57 - action=statisticsRequest uri=/start-all responseStatus=200 serviceStatusCode=200 httpStatusCode=200 responseTime=1058 description="Finish Trx org.apache.catalina.core.ApplicationContextFacade@3d0ac810 | null"
Logback 2025-04-17 22:00:07 INFO  o.g.c.f.AppMonitor:113 - trkid= traceID=2a7018b1c10fffdc85a2eaddf7c2b566 span_id=a279982604294908 - action=statisticsEvent event=/start-all serviceStatusCode=200 responseTime=200 description="init Trx"
Logback 2025-04-17 22:00:07 DEBUG o.s.w.f.CommonsRequestLoggingFilter:47 - trkid= traceID=2a7018b1c10fffdc85a2eaddf7c2b566 span_id=a279982604294908 - Before request [GET /start-all, client=172.19.0.2, headers=[accept:"application/json, text/plain, */*", user-agent:"axios/1.8.4", accept-encoding:"gzip, compress, deflate, br", traceparent:"00-2a7018b1c10fffdc85a2eaddf7c2b566-636c8c2553866f6b-01", host:"ms-hello-observability-services.applications.svc.cluster.local:8080", connection:"close"]]
Logback 2025-04-17 22:00:11 DEBUG o.s.w.f.CommonsRequestLoggingFilter:55 - trkid= traceID=2a7018b1c10fffdc85a2eaddf7c2b566 span_id=a279982604294908 - After request [GET /start-all, client=172.19.0.2, headers=[accept:"application/json, text/plain, */*", user-agent:"axios/1.8.4", accept-encoding:"gzip, compress, deflate, br", traceparent:"00-2a7018b1c10fffdc85a2eaddf7c2b566-636c8c2553866f6b-01", host:"ms-hello-observability-services.applications.svc.cluster.local:8080", connection:"close"]]
Logback 2025-04-17 22:00:11 INFO  o.g.c.f.AppMonitor:113 - trkid= traceID=2a7018b1c10fffdc85a2eaddf7c2b566 span_id=a279982604294908 - action=statisticsRequest uri=/start-all responseStatus=200 serviceStatusCode=200 httpStatusCode=200 responseTime=3616 description="Finish Trx org.apache.catalina.core.ApplicationContextFacade@3d0ac810 | null"
Logback 2025-04-17 22:00:39 INFO  o.g.c.f.AppMonitor:113 - trkid= traceID=a1ff8364395a0f9ce5b6e4fa3f5cd5c7 span_id=1cc8c6086cc8f096 - action=statisticsEvent event=/start-all serviceStatusCode=200 responseTime=200 description="init Trx"
Logback 2025-04-17 22:00:39 DEBUG o.s.w.f.CommonsRequestLoggingFilter:47 - trkid= traceID=a1ff8364395a0f9ce5b6e4fa3f5cd5c7 span_id=1cc8c6086cc8f096 - Before request [GET /start-all, client=172.19.0.2, headers=[accept:"application/json, text/plain, */*", user-agent:"axios/1.8.4", accept-encoding:"gzip, compress, deflate, br", traceparent:"00-a1ff8364395a0f9ce5b6e4fa3f5cd5c7-9ec85e6df3178557-01", host:"ms-hello-observability-services.applications.svc.cluster.local:8080", connection:"close"]]
Logback 2025-04-17 22:00:42 DEBUG o.s.w.f.CommonsRequestLoggingFilter:55 - trkid= traceID=a1ff8364395a0f9ce5b6e4fa3f5cd5c7 span_id=1cc8c6086cc8f096 - After request [GET /start-all, client=172.19.0.2, headers=[accept:"application/json, text/plain, */*", user-agent:"axios/1.8.4", accept-encoding:"gzip, compress, deflate, br", traceparent:"00-a1ff8364395a0f9ce5b6e4fa3f5cd5c7-9ec85e6df3178557-01", host:"ms-hello-observability-services.applications.svc.cluster.local:8080", connection:"close"]]
Logback 2025-04-17 22:00:42 INFO  o.g.c.f.AppMonitor:113 - trkid= traceID=a1ff8364395a0f9ce5b6e4fa3f5cd5c7 span_id=1cc8c6086cc8f096 - action=statisticsRequest uri=/start-all responseStatus=200 serviceStatusCode=200 httpStatusCode=200 responseTime=2492 description="Finish Trx org.apache.catalina.core.ApplicationContextFacade@3d0ac810 | null"
Logback 2025-04-17 22:01:13 INFO  o.g.c.f.AppMonitor:113 - trkid= traceID=97834672bbe39230d6f925f56859340a span_id=c0e15aa8ce42bb6b - action=statisticsEvent event=/start-all serviceStatusCode=200 responseTime=200 description="init Trx"
Logback 2025-04-17 22:01:13 DEBUG o.s.w.f.CommonsRequestLoggingFilter:47 - trkid= traceID=97834672bbe39230d6f925f56859340a span_id=c0e15aa8ce42bb6b - Before request [GET /start-all, client=172.19.0.2, headers=[accept:"application/json, text/plain, */*", user-agent:"axios/1.8.4", accept-encoding:"gzip, compress, deflate, br", traceparent:"00-97834672bbe39230d6f925f56859340a-48d2a08474d8bffd-01", host:"ms-hello-observability-services.applications.svc.cluster.local:8080", connection:"close"]]
Logback 2025-04-17 22:01:14 INFO  o.g.c.f.AppMonitor:113 - trkid= traceID=668a660764ca9732a0d1e745e815ec58 span_id=ebe625119b94adee - action=statisticsEvent event=/start-all serviceStatusCode=200 responseTime=200 description="init Trx"
Logback 2025-04-17 22:01:14 DEBUG o.s.w.f.CommonsRequestLoggingFilter:47 - trkid= traceID=668a660764ca9732a0d1e745e815ec58 span_id=ebe625119b94adee - Before request [GET /start-all, client=172.19.0.2, headers=[accept:"application/json, text/plain, */*", user-agent:"axios/1.8.4", accept-encoding:"gzip, compress, deflate, br", traceparent:"00-668a660764ca9732a0d1e745e815ec58-367ac3e505f42dcd-01", host:"ms-hello-observability-services.applications.svc.cluster.local:8080", connection:"close"]]
Logback 2025-04-17 22:01:15 INFO  o.g.c.f.AppMonitor:113 - trkid= traceID=73b20a7f08f4e51759e02445f2eddb47 span_id=2028bcc9f5166c8d - action=statisticsEvent event=/start-all serviceStatusCode=200 responseTime=200 description="init Trx"
Logback 2025-04-17 22:01:15 DEBUG o.s.w.f.CommonsRequestLoggingFilter:47 - trkid= traceID=73b20a7f08f4e51759e02445f2eddb47 span_id=2028bcc9f5166c8d - Before request [GET /start-all, client=172.19.0.2, headers=[accept:"application/json, text/plain, */*", user-agent:"axios/1.8.4", accept-encoding:"gzip, compress, deflate, br", traceparent:"00-73b20a7f08f4e51759e02445f2eddb47-36f5fb226c357f98-01", host:"ms-hello-observability-services.applications.svc.cluster.local:8080", connection:"close"]]
Logback 2025-04-17 22:01:15 DEBUG o.s.w.f.CommonsRequestLoggingFilter:55 - trkid= traceID=668a660764ca9732a0d1e745e815ec58 span_id=ebe625119b94adee - After request [GET /start-all, client=172.19.0.2, headers=[accept:"application/json, text/plain, */*", user-agent:"axios/1.8.4", accept-encoding:"gzip, compress, deflate, br", traceparent:"00-668a660764ca9732a0d1e745e815ec58-367ac3e505f42dcd-01", host:"ms-hello-observability-services.applications.svc.cluster.local:8080", connection:"close"]]
Logback 2025-04-17 22:01:15 INFO  o.g.c.f.AppMonitor:113 - trkid= traceID=668a660764ca9732a0d1e745e815ec58 span_id=ebe625119b94adee - action=statisticsRequest uri=/start-all responseStatus=200 serviceStatusCode=200 httpStatusCode=200 responseTime=1440 description="Finish Trx org.apache.catalina.core.ApplicationContextFacade@3d0ac810 | null"
Logback 2025-04-17 22:01:16 DEBUG o.s.w.f.CommonsRequestLoggingFilter:55 - trkid= traceID=73b20a7f08f4e51759e02445f2eddb47 span_id=2028bcc9f5166c8d - After request [GET /start-all, client=172.19.0.2, headers=[accept:"application/json, text/plain, */*", user-agent:"axios/1.8.4", accept-encoding:"gzip, compress, deflate, br", traceparent:"00-73b20a7f08f4e51759e02445f2eddb47-36f5fb226c357f98-01", host:"ms-hello-observability-services.applications.svc.cluster.local:8080", connection:"close"]]
Logback 2025-04-17 22:01:16 INFO  o.g.c.f.AppMonitor:113 - trkid= traceID=73b20a7f08f4e51759e02445f2eddb47 span_id=2028bcc9f5166c8d - action=statisticsRequest uri=/start-all responseStatus=200 serviceStatusCode=200 httpStatusCode=200 responseTime=952 description="Finish Trx org.apache.catalina.core.ApplicationContextFacade@3d0ac810 | null"
Logback 2025-04-17 22:01:16 DEBUG o.s.w.f.CommonsRequestLoggingFilter:55 - trkid= traceID=97834672bbe39230d6f925f56859340a span_id=c0e15aa8ce42bb6b - After request [GET /start-all, client=172.19.0.2, headers=[accept:"application/json, text/plain, */*", user-agent:"axios/1.8.4", accept-encoding:"gzip, compress, deflate, br", traceparent:"00-97834672bbe39230d6f925f56859340a-48d2a08474d8bffd-01", host:"ms-hello-observability-services.applications.svc.cluster.local:8080", connection:"close"]]
Logback 2025-04-17 22:01:16 INFO  o.g.c.f.AppMonitor:113 - trkid= traceID=97834672bbe39230d6f925f56859340a span_id=c0e15aa8ce42bb6b - action=statisticsRequest uri=/start-all responseStatus=200 serviceStatusCode=200 httpStatusCode=200 responseTime=3570 description="Finish Trx org.apache.catalina.core.ApplicationContextFacade@3d0ac810 | null"
Logback 2025-04-17 22:02:31 INFO  o.g.c.f.AppMonitor:113 - trkid= traceID=1e2f90ccd1ea0bacbb987ee805068ede span_id=ce5df6252931e948 - action=statisticsEvent event=/start-all serviceStatusCode=200 responseTime=200 description="init Trx"
Logback 2025-04-17 22:02:31 DEBUG o.s.w.f.CommonsRequestLoggingFilter:47 - trkid= traceID=1e2f90ccd1ea0bacbb987ee805068ede span_id=ce5df6252931e948 - Before request [GET /start-all, client=172.19.0.2, headers=[accept:"application/json, text/plain, */*", user-agent:"axios/1.8.4", accept-encoding:"gzip, compress, deflate, br", traceparent:"00-1e2f90ccd1ea0bacbb987ee805068ede-f1c0ea062ddcacd5-01", host:"ms-hello-observability-services.applications.svc.cluster.local:8080", connection:"close"]]
Logback 2025-04-17 22:02:32 INFO  o.g.c.f.AppMonitor:113 - trkid= traceID=a7c4ee5ae084b60ad49985279e143754 span_id=44694c7af34d4e33 - action=statisticsEvent event=/start-all serviceStatusCode=200 responseTime=200 description="init Trx"
Logback 2025-04-17 22:02:32 DEBUG o.s.w.f.CommonsRequestLoggingFilter:47 - trkid= traceID=a7c4ee5ae084b60ad49985279e143754 span_id=44694c7af34d4e33 - Before request [GET /start-all, client=172.19.0.2, headers=[accept:"application/json, text/plain, */*", user-agent:"axios/1.8.4", accept-encoding:"gzip, compress, deflate, br", traceparent:"00-a7c4ee5ae084b60ad49985279e143754-d45ab1d24d771314-01", host:"ms-hello-observability-services.applications.svc.cluster.local:8080", connection:"close"]]
Logback 2025-04-17 22:02:33 INFO  o.g.c.f.AppMonitor:113 - trkid= traceID=acca1b2b03112d15acb78806ae9ab602 span_id=1cb9cac7df8960d9 - action=statisticsEvent event=/start-all serviceStatusCode=200 responseTime=200 description="init Trx"
Logback 2025-04-17 22:02:33 DEBUG o.s.w.f.CommonsRequestLoggingFilter:47 - trkid= traceID=acca1b2b03112d15acb78806ae9ab602 span_id=1cb9cac7df8960d9 - Before request [GET /start-all, client=172.19.0.2, headers=[accept:"application/json, text/plain, */*", user-agent:"axios/1.8.4", accept-encoding:"gzip, compress, deflate, br", traceparent:"00-acca1b2b03112d15acb78806ae9ab602-61d72639cb65df63-01", host:"ms-hello-observability-services.applications.svc.cluster.local:8080", connection:"close"]]
Logback 2025-04-17 22:02:34 DEBUG o.s.w.f.CommonsRequestLoggingFilter:55 - trkid= traceID=1e2f90ccd1ea0bacbb987ee805068ede span_id=ce5df6252931e948 - After request [GET /start-all, client=172.19.0.2, headers=[accept:"application/json, text/plain, */*", user-agent:"axios/1.8.4", accept-encoding:"gzip, compress, deflate, br", traceparent:"00-1e2f90ccd1ea0bacbb987ee805068ede-f1c0ea062ddcacd5-01", host:"ms-hello-observability-services.applications.svc.cluster.local:8080", connection:"close"]]
Logback 2025-04-17 22:02:34 INFO  o.g.c.f.AppMonitor:113 - trkid= traceID=1e2f90ccd1ea0bacbb987ee805068ede span_id=ce5df6252931e948 - action=statisticsRequest uri=/start-all responseStatus=200 serviceStatusCode=200 httpStatusCode=200 responseTime=2726 description="Finish Trx org.apache.catalina.core.ApplicationContextFacade@3d0ac810 | null"
Logback 2025-04-17 22:02:34 INFO  o.g.c.f.AppMonitor:113 - trkid= traceID=b636fbc435bd8f60fa2e70f3fd4e6465 span_id=8f2f236c45f263bc - action=statisticsEvent event=/start-all serviceStatusCode=200 responseTime=200 description="init Trx"
Logback 2025-04-17 22:02:34 DEBUG o.s.w.f.CommonsRequestLoggingFilter:47 - trkid= traceID=b636fbc435bd8f60fa2e70f3fd4e6465 span_id=8f2f236c45f263bc - Before request [GET /start-all, client=172.19.0.2, headers=[accept:"application/json, text/plain, */*", user-agent:"axios/1.8.4", accept-encoding:"gzip, compress, deflate, br", traceparent:"00-b636fbc435bd8f60fa2e70f3fd4e6465-b331869872b343b8-01", host:"ms-hello-observability-services.applications.svc.cluster.local:8080", connection:"close"]]
Logback 2025-04-17 22:02:34 DEBUG o.s.w.f.CommonsRequestLoggingFilter:55 - trkid= traceID=b636fbc435bd8f60fa2e70f3fd4e6465 span_id=8f2f236c45f263bc - After request [GET /start-all, client=172.19.0.2, headers=[accept:"application/json, text/plain, */*", user-agent:"axios/1.8.4", accept-encoding:"gzip, compress, deflate, br", traceparent:"00-b636fbc435bd8f60fa2e70f3fd4e6465-b331869872b343b8-01", host:"ms-hello-observability-services.applications.svc.cluster.local:8080", connection:"close"]]
Logback 2025-04-17 22:02:34 ERROR o.a.c.c.C.[.[.[.[dispatcherServlet]:175 - trkid= traceID=b636fbc435bd8f60fa2e70f3fd4e6465 span_id=8f2f236c45f263bc - Servlet.service() for servlet [dispatcherServlet] in context with path [] threw exception
java.io.IOException: Random error with /start-customer!
	at org.grafana.controller.PrincipalController.randomError(PrincipalController.java:162)
	at org.grafana.controller.PrincipalController.startCustomer(PrincipalController.java:82)
	at org.grafana.controller.PrincipalController.startProcess(PrincipalController.java:52)
	at java.base/jdk.internal.reflect.NativeMethodAccessorImpl.invoke0(Native Method)
	at java.base/jdk.internal.reflect.NativeMethodAccessorImpl.invoke(NativeMethodAccessorImpl.java:77)
	at java.base/jdk.internal.reflect.DelegatingMethodAccessorImpl.invoke(DelegatingMethodAccessorImpl.java:43)
	at java.base/java.lang.reflect.Method.invoke(Method.java:568)
	at org.springframework.web.method.support.InvocableHandlerMethod.doInvoke(InvocableHandlerMethod.java:205)
	at org.springframework.web.method.support.InvocableHandlerMethod.invokeForRequest(InvocableHandlerMethod.java:150)
	at org.springframework.web.servlet.mvc.method.annotation.ServletInvocableHandlerMethod.invokeAndHandle(ServletInvocableHandlerMethod.java:117)
	at org.springframework.web.servlet.mvc.method.annotation.RequestMappingHandlerAdapter.invokeHandlerMethod(RequestMappingHandlerAdapter.java:895)
	at org.springframework.web.servlet.mvc.method.annotation.RequestMappingHandlerAdapter.handleInternal(RequestMappingHandlerAdapter.java:808)
	at org.springframework.web.servlet.mvc.method.AbstractHandlerMethodAdapter.handle(AbstractHandlerMethodAdapter.java:87)
	at org.springframework.web.servlet.DispatcherServlet.doDispatch(DispatcherServlet.java:1072)
	at org.springframework.web.servlet.DispatcherServlet.doService(DispatcherServlet.java:965)
	at org.springframework.web.servlet.FrameworkServlet.processRequest(FrameworkServlet.java:1006)
	at org.springframework.web.servlet.FrameworkServlet.doGet(FrameworkServlet.java:898)
	at javax.servlet.http.HttpServlet.service(HttpServlet.java:529)
	at org.springframework.web.servlet.FrameworkServlet.service(FrameworkServlet.java:883)
	at javax.servlet.http.HttpServlet.service(HttpServlet.java:623)
	at org.apache.catalina.core.ApplicationFilterChain.internalDoFilter(ApplicationFilterChain.java:209)
	at org.apache.catalina.core.ApplicationFilterChain.doFilter(ApplicationFilterChain.java:153)
	at org.apache.tomcat.websocket.server.WsFilter.doFilter(WsFilter.java:51)
	at org.apache.catalina.core.ApplicationFilterChain.internalDoFilter(ApplicationFilterChain.java:178)
	at org.apache.catalina.core.ApplicationFilterChain.doFilter(ApplicationFilterChain.java:153)
	at org.springframework.web.filter.AbstractRequestLoggingFilter.doFilterInternal(AbstractRequestLoggingFilter.java:289)
	at org.springframework.web.filter.OncePerRequestFilter.doFilter(OncePerRequestFilter.java:117)
	at org.apache.catalina.core.ApplicationFilterChain.internalDoFilter(ApplicationFilterChain.java:178)
	at org.apache.catalina.core.ApplicationFilterChain.doFilter(ApplicationFilterChain.java:153)
	at org.grafana.config.filter.FilterAsInterceptorAdapter.doFilter(FilterAsInterceptorAdapter.java:25)
	at org.apache.catalina.core.ApplicationFilterChain.internalDoFilter(ApplicationFilterChain.java:178)
	at org.apache.catalina.core.ApplicationFilterChain.doFilter(ApplicationFilterChain.java:153)
	at org.springframework.web.filter.RequestContextFilter.doFilterInternal(RequestContextFilter.java:100)
	at org.springframework.web.filter.OncePerRequestFilter.doFilter(OncePerRequestFilter.java:117)
	at org.apache.catalina.core.ApplicationFilterChain.internalDoFilter(ApplicationFilterChain.java:178)
	at org.apache.catalina.core.ApplicationFilterChain.doFilter(ApplicationFilterChain.java:153)
	at org.springframework.web.filter.FormContentFilter.doFilterInternal(FormContentFilter.java:93)
	at org.springframework.web.filter.OncePerRequestFilter.doFilter(OncePerRequestFilter.java:117)
	at org.apache.catalina.core.ApplicationFilterChain.internalDoFilter(ApplicationFilterChain.java:178)
	at org.apache.catalina.core.ApplicationFilterChain.doFilter(ApplicationFilterChain.java:153)
	at org.springframework.web.servlet.v3_1.OpenTelemetryHandlerMappingFilter.doFilter(OpenTelemetryHandlerMappingFilter.java:83)
	at org.apache.catalina.core.ApplicationFilterChain.internalDoFilter(ApplicationFilterChain.java:178)
	at org.apache.catalina.core.ApplicationFilterChain.doFilter(ApplicationFilterChain.java:153)
	at org.springframework.boot.actuate.metrics.web.servlet.WebMvcMetricsFilter.doFilterInternal(WebMvcMetricsFilter.java:96)
	at org.springframework.web.filter.OncePerRequestFilter.doFilter(OncePerRequestFilter.java:117)
	at org.apache.catalina.core.ApplicationFilterChain.internalDoFilter(ApplicationFilterChain.java:178)
	at org.apache.catalina.core.ApplicationFilterChain.doFilter(ApplicationFilterChain.java:153)
	at org.springframework.web.filter.CharacterEncodingFilter.doFilterInternal(CharacterEncodingFilter.java:201)
	at org.springframework.web.filter.OncePerRequestFilter.doFilter(OncePerRequestFilter.java:117)
	at org.apache.catalina.core.ApplicationFilterChain.internalDoFilter(ApplicationFilterChain.java:178)
	at org.apache.catalina.core.ApplicationFilterChain.doFilter(ApplicationFilterChain.java:153)
	at org.apache.catalina.core.StandardWrapperValve.invoke(StandardWrapperValve.java:168)
	at org.apache.catalina.core.StandardContextValve.invoke(StandardContextValve.java:90)
	at org.apache.catalina.authenticator.AuthenticatorBase.invoke(AuthenticatorBase.java:481)
	at org.apache.catalina.core.StandardHostValve.invoke(StandardHostValve.java:130)
	at org.apache.catalina.valves.ErrorReportValve.invoke(ErrorReportValve.java:93)
	at org.apache.catalina.core.StandardEngineValve.invoke(StandardEngineValve.java:74)
	at org.apache.catalina.valves.AbstractAccessLogValve.invoke(AbstractAccessLogValve.java:670)
	at org.apache.catalina.connector.CoyoteAdapter.service(CoyoteAdapter.java:342)
	at org.apache.coyote.http11.Http11Processor.service(Http11Processor.java:390)
	at org.apache.coyote.AbstractProcessorLight.process(AbstractProcessorLight.java:63)
	at org.apache.coyote.AbstractProtocol$ConnectionHandler.process(AbstractProtocol.java:928)
	at org.apache.tomcat.util.net.NioEndpoint$SocketProcessor.doRun(NioEndpoint.java:1794)
	at org.apache.tomcat.util.net.SocketProcessorBase.run(SocketProcessorBase.java:52)
	at org.apache.tomcat.util.threads.ThreadPoolExecutor.runWorker(ThreadPoolExecutor.java:1191)
	at org.apache.tomcat.util.threads.ThreadPoolExecutor$Worker.run(ThreadPoolExecutor.java:659)
	at org.apache.tomcat.util.threads.TaskThread$WrappingRunnable.run(TaskThread.java:61)
	at java.base/java.lang.Thread.run(Thread.java:833)
Logback 2025-04-17 22:02:35 DEBUG o.s.w.f.CommonsRequestLoggingFilter:55 - trkid= traceID=a7c4ee5ae084b60ad49985279e143754 span_id=44694c7af34d4e33 - After request [GET /start-all, client=172.19.0.2, headers=[accept:"application/json, text/plain, */*", user-agent:"axios/1.8.4", accept-encoding:"gzip, compress, deflate, br", traceparent:"00-a7c4ee5ae084b60ad49985279e143754-d45ab1d24d771314-01", host:"ms-hello-observability-services.applications.svc.cluster.local:8080", connection:"close"]]
Logback 2025-04-17 22:02:35 INFO  o.g.c.f.AppMonitor:113 - trkid= traceID=a7c4ee5ae084b60ad49985279e143754 span_id=44694c7af34d4e33 - action=statisticsRequest uri=/start-all responseStatus=200 serviceStatusCode=200 httpStatusCode=200 responseTime=2164 description="Finish Trx org.apache.catalina.core.ApplicationContextFacade@3d0ac810 | null"
Logback 2025-04-17 22:02:35 INFO  o.g.c.f.AppMonitor:113 - trkid= traceID=b163ae4904e747ab7903a7998162dff9 span_id=d4e051a15e0fc360 - action=statisticsEvent event=/start-all serviceStatusCode=200 responseTime=200 description="init Trx"
Logback 2025-04-17 22:02:35 DEBUG o.s.w.f.CommonsRequestLoggingFilter:47 - trkid= traceID=b163ae4904e747ab7903a7998162dff9 span_id=d4e051a15e0fc360 - Before request [GET /start-all, client=172.19.0.2, headers=[accept:"application/json, text/plain, */*", user-agent:"axios/1.8.4", accept-encoding:"gzip, compress, deflate, br", traceparent:"00-b163ae4904e747ab7903a7998162dff9-e6089f17e0bea639-01", host:"ms-hello-observability-services.applications.svc.cluster.local:8080", connection:"close"]]
Logback 2025-04-17 22:02:35 DEBUG o.s.w.f.CommonsRequestLoggingFilter:55 - trkid= traceID=acca1b2b03112d15acb78806ae9ab602 span_id=1cb9cac7df8960d9 - After request [GET /start-all, client=172.19.0.2, headers=[accept:"application/json, text/plain, */*", user-agent:"axios/1.8.4", accept-encoding:"gzip, compress, deflate, br", traceparent:"00-acca1b2b03112d15acb78806ae9ab602-61d72639cb65df63-01", host:"ms-hello-observability-services.applications.svc.cluster.local:8080", connection:"close"]]
Logback 2025-04-17 22:02:35 INFO  o.g.c.f.AppMonitor:113 - trkid= traceID=acca1b2b03112d15acb78806ae9ab602 span_id=1cb9cac7df8960d9 - action=statisticsRequest uri=/start-all responseStatus=200 serviceStatusCode=200 httpStatusCode=200 responseTime=1894 description="Finish Trx org.apache.catalina.core.ApplicationContextFacade@3d0ac810 | null"
Logback 2025-04-17 22:02:39 DEBUG o.s.w.f.CommonsRequestLoggingFilter:55 - trkid= traceID=b163ae4904e747ab7903a7998162dff9 span_id=d4e051a15e0fc360 - After request [GET /start-all, client=172.19.0.2, headers=[accept:"application/json, text/plain, */*", user-agent:"axios/1.8.4", accept-encoding:"gzip, compress, deflate, br", traceparent:"00-b163ae4904e747ab7903a7998162dff9-e6089f17e0bea639-01", host:"ms-hello-observability-services.applications.svc.cluster.local:8080", connection:"close"]]
Logback 2025-04-17 22:02:39 INFO  o.g.c.f.AppMonitor:113 - trkid= traceID=b163ae4904e747ab7903a7998162dff9 span_id=d4e051a15e0fc360 - action=statisticsRequest uri=/start-all responseStatus=200 serviceStatusCode=200 httpStatusCode=200 responseTime=3565 description="Finish Trx org.apache.catalina.core.ApplicationContextFacade@3d0ac810 | null"
